Install Axmol Linux dependencies (one-time)? (y/N) y
axmol: It will take few minutes
Get:1 file:/etc/apt/apt-mirrors.txt Mirrorlist [144 B]
Get:6 https://packages.microsoft.com/ubuntu/24.04/prod noble InRelease [3600 B]
Hit:2 http://azure.archive.ubuntu.com/ubuntu noble InRelease
Get:3 http://azure.archive.ubuntu.com/ubuntu noble-updates InRelease [126 kB]
Get:4 http://azure.archive.ubuntu.com/ubuntu noble-backports InRelease [126 kB]
Get:5 http://azure.archive.ubuntu.com/ubuntu noble-security InRelease [126 kB]
Get:7 https://packages.microsoft.com/ubuntu/24.04/prod noble/main arm64 Packages [458 kB]
Get:8 https://packages.microsoft.com/ubuntu/24.04/prod noble/main armhf Packages [12.6 kB]
Get:9 https://packages.microsoft.com/ubuntu/24.04/prod noble/main amd64 Packages [510 kB]
Get:10 http://azure.archive.ubuntu.com/ubuntu noble-updates/main amd64 Packages [1364 kB]
Get:11 http://azure.archive.ubuntu.com/ubuntu noble-updates/main Translation-en [304 kB]
Get:12 http://azure.archive.ubuntu.com/ubuntu noble-updates/main amd64 Components [181 kB]
Get:13 http://azure.archive.ubuntu.com/ubuntu noble-updates/universe amd64 Packages [1699 kB]
Get:14 http://azure.archive.ubuntu.com/ubuntu noble-updates/universe Translation-en [341 kB]
Get:15 http://azure.archive.ubuntu.com/ubuntu noble-updates/universe amd64 Components [388 kB]
Get:16 http://azure.archive.ubuntu.com/ubuntu noble-updates/restricted amd64 Packages [1720 kB]
Get:17 http://azure.archive.ubuntu.com/ubuntu noble-updates/restricted Translation-en [394 kB]
Get:18 http://azure.archive.ubuntu.com/ubuntu noble-updates/multiverse amd64 Components [940 B]
Get:19 http://azure.archive.ubuntu.com/ubuntu noble-backports/main amd64 Components [5760 B]
Get:20 http://azure.archive.ubuntu.com/ubuntu noble-backports/universe amd64 Components [12.6 kB]
Get:21 http://azure.archive.ubuntu.com/ubuntu noble-security/main amd64 Packages [1069 kB]
Get:22 http://azure.archive.ubuntu.com/ubuntu noble-security/main Translation-en [221 kB]
Get:23 http://azure.archive.ubuntu.com/ubuntu noble-security/main amd64 Components [46.4 kB]
Get:24 http://azure.archive.ubuntu.com/ubuntu noble-security/universe amd64 Packages [1216 kB]
Get:25 http://azure.archive.ubuntu.com/ubuntu noble-security/universe Translation-en [244 kB]
Get:26 http://azure.archive.ubuntu.com/ubuntu noble-security/universe amd64 Components [76.3 kB]
Get:27 http://azure.archive.ubuntu.com/ubuntu noble-security/restricted amd64 Packages [1566 kB]
Get:28 http://azure.archive.ubuntu.com/ubuntu noble-security/restricted Translation-en [361 kB]
Fetched 12.6 MB in 1s (10.1 MB/s)
Reading package lists...
axmol: Install packages: libx11-dev automake libtool cmake libxmu-dev libglu1-mesa-dev libgl2ps-dev libxi-dev libfontconfig1-dev libgtk-3-dev libwebkit2gtk-4.1-dev binutils g++ libasound2-dev libxxf86vm-dev libvlc-dev libvlccore-dev vlc ...

Running kernel seems to be up-to-date.

No services need to be restarted.

No containers need to be restarted.

No user sessions are running outdated binaries.

No VM guests are running outdated hypervisor (qemu) binaries on this host.
1kiss: PowerShell 7.6.6 on Ubuntu 24.04.5 LTS
1kiss: proj_dir=/home/runner/work/Mobile-gatcha-/Mobile-gatcha-, install_prefix=/home/runner/work/Mobile-gatcha-/Mobile-gatcha-/axmol/tools/external
1kiss: Downloading https://github.com/axmolengine/axslcc/releases/download/v1.14.0/axslcc-1.14.0-linux.tar.gz to /home/runner/work/Mobile-gatcha-/Mobile-gatcha-/axmol/cache/axslcc-1.14.0-linux.tar.gz ...
1kiss: Using axslcc: /home/runner/work/Mobile-gatcha-/Mobile-gatcha-/axmol/tools/external/axslcc/axslcc, version: 1.14.0
1kiss: Downloading https://github.com/Kitware/CMake/releases/download/v4.2.1/cmake-4.2.1-linux-x86_64.sh to /home/runner/work/Mobile-gatcha-/Mobile-gatcha-/axmol/tools/external/cmake-4.2.1-linux-x86_64.sh ...
1kiss: Using cmake: /home/runner/work/Mobile-gatcha-/Mobile-gatcha-/axmol/tools/external/cmake/bin/cmake, version: 4.2.1
1kiss: setup successfully, please restart the terminal(on linux, need reboot or relogin) to make added system variables take effect
axmol: -p linux -t Cinderbound -O 3 -d: /home/runner/work/Mobile-gatcha-/Mobile-gatcha-
1kiss: PowerShell 7.6.6 on Ubuntu 24.04.5 LTS
1kiss: 
Name                           Value
----                           -----
xc                             {}
t                              {Cinderbound}
j                              4
d                              /home/runner/work/Mobile-gatcha-/Mobile-gatcha-
minsdk                         
u                              False
p                              linux
i                              False
O                              3
sdk                            
aab                            False
cc                             
a                              x64
prefix                         /home/runner/work/Mobile-gatcha-/Mobile-gatcha-/axmol/tools/external
xt                             cmake
xb                             {}
dm                             False
dll                            False
ide                            
scope                          local


1kiss: Loading user build profile: /home/runner/work/Mobile-gatcha-/Mobile-gatcha-/.axproj
1kiss: proj_dir=/home/runner/work/Mobile-gatcha-/Mobile-gatcha-, install_prefix=/home/runner/work/Mobile-gatcha-/Mobile-gatcha-/axmol/tools/external
1kiss: Using axslcc: /home/runner/work/Mobile-gatcha-/Mobile-gatcha-/axmol/tools/external/axslcc/axslcc, version: 1.14.0
/home/runner/work/Mobile-gatcha-/Mobile-gatcha-/axmol/tools/external/axslcc/axslcc
1kiss: Using cmake: /home/runner/work/Mobile-gatcha-/Mobile-gatcha-/axmol/tools/external/cmake/bin/cmake, version: 4.2.1
1kiss: Building target linux on linux with toolchain gcc ...
1kiss: CONFIG_ALL_OPTIONS=-DCMAKE_C_FLAGS=-fPIC -D_1KFETCH_UPGRADE=FALSE -DCMAKE_BUILD_TYPE=Release, Count=3
1kiss: CMake config command: cmake -DCMAKE_C_FLAGS=-fPIC -D_1KFETCH_UPGRADE=FALSE -DCMAKE_BUILD_TYPE=Release -B /home/runner/work/Mobile-gatcha-/Mobile-gatcha-/build -DCMAKE_INSTALL_PREFIX:PATH=/home/runner/work/Mobile-gatcha-/Mobile-gatcha-/install
-- The C compiler identification is GNU 13.3.0
-- The CXX compiler identification is GNU 13.3.0
-- Detecting C compiler ABI info
-- Detecting C compiler ABI info - done
-- Check for working C compiler: /usr/bin/cc - skipped
-- Detecting C compile features
-- Detecting C compile features - done
-- Detecting CXX compiler ABI info
-- Detecting CXX compiler ABI info - done
-- Check for working CXX compiler: /usr/bin/c++ - skipped
-- Detecting CXX compile features
-- Detecting CXX compile features - done
-- Building isolated project: Cinderbound
-- AXSLCC_OUT_DIR=/home/runner/work/Mobile-gatcha-/Mobile-gatcha-/build/runtime/axslc
-- AXSLCC_FIND_PROG_ROOT=/home/runner/work/Mobile-gatcha-/Mobile-gatcha-/axmol/tools/external/axslcc
-- AXSLCC_FRAG_SOURCE_FILE_EXTENSIONS=.frag;.fsh;.fs
-- AXSLCC_VERT_SOURCE_FILE_EXTENSIONS=.vert;.vsh;.vs
-- CMAKE_C_STANDARD=11
-- Building axmol with c++20
-- The ASM compiler identification is GNU
-- Found assembler: /usr/bin/cc
-- The ASM_NASM compiler identification is unknown
-- Didn't find assembler
CMake Warning (dev) at axmol/cmake/Modules/AXBuildSet.cmake:52 (message):
  CMAKE_VERSION:4.2.1
Call Stack (most recent call first):
  cmake/modules/AXGameEngineSetup.cmake:20 (include)
  CMakeLists.txt:45 (include)
This warning is for project developers.  Use -Wno-dev to suppress it.

-- CMAKE_HOST_SYSTEM_NAME:Linux
-- CMAKE_SYSTEM_NAME:Linux
-- CMAKE_GENERATOR_PLATFORM:
-- CMAKE_SYSTEM_PROCESSOR:x86_64
-- CMAKE_CXX_COMPILER_ID:GNU
-- FUZZ_MSVC=, FULL_CLANG=
-- PROJECT_NAME:Cinderbound
-- PROJECT_SOURCE_DIR:/home/runner/work/Mobile-gatcha-/Mobile-gatcha-
-- _AX_ROOT:/home/runner/work/Mobile-gatcha-/Mobile-gatcha-/axmol
-- CMAKE_MODULE_PATH:/home/runner/work/Mobile-gatcha-/Mobile-gatcha-/cmake/modules/home/runner/work/Mobile-gatcha-/Mobile-gatcha-/axmol/cmake/Modules/
-- PROJECT_BINARY_DIR:/home/runner/work/Mobile-gatcha-/Mobile-gatcha-/build
-- ENGINE_BINARY_PATH:/home/runner/work/Mobile-gatcha-/Mobile-gatcha-/build/engine
-- ARCH_ALIAS:
CMake Warning (dev) at axmol/core/CMakeLists.txt:89 (message):
  AX_USE_GL=ON, AX_USE_METAL=OFF, AX_GLES_PROFILE=0
This warning is for project developers.  Use -Wno-dev to suppress it.

-- Looking for vlc/vlc.h
-- Looking for vlc/vlc.h - found
-- Found OpenGL: /usr/lib/x86_64-linux-gnu/libOpenGL.so
-- OpenGL include dirs: /usr/include
-- Performing Test CMAKE_HAVE_LIBC_PTHREAD
-- Performing Test CMAKE_HAVE_LIBC_PTHREAD - Success
-- Found Threads: TRUE
-- OPENGL add to include_dirs: /usr/include
-- OPENGL libs added to 'axmol': /usr/lib/x86_64-linux-gnu/libOpenGL.so;/usr/lib/x86_64-linux-gnu/libGLX.so;/usr/lib/x86_64-linux-gnu/libGLU.so
-- CMake precompile headers for axmol
-- Performing Test AX_HAVE_SSE2_SWITCH
-- Performing Test AX_HAVE_SSE2_SWITCH - Success
-- Performing Test AX_HAVE_AVX2_INTRINSICS
-- Performing Test AX_HAVE_AVX2_INTRINSICS - Failed
-- Performing Test AX_HAVE_SSE42_INTRINSICS
-- Performing Test AX_HAVE_SSE42_INTRINSICS - Failed
-- Performing Test AX_HAVE_SSE41_INTRINSICS
-- Performing Test AX_HAVE_SSE41_INTRINSICS - Success
-- Looking for arm_neon.h
CMake Warning (dev) at axmol/cmake/Modules/AXConfigSIMD.cmake:117 (message):
  AX_ISA_SIMD=sse4.1
Call Stack (most recent call first):
  axmol/core/CMakeLists.txt:434 (include)
This warning is for project developers.  Use -Wno-dev to suppress it.

-- Looking for arm_neon.h - not found
-- Using plainlua https://lua.org
-- {fmt} version: 11.2.0
-- Build type: Release
CMake Warning (dev) at axmol/1k/fetch.cmake:61 (message):
  Downloading
  https://github.com/simdsoft/1kiss/releases/download/v110/zlib.zip
Call Stack (most recent call first):
  axmol/3rdparty/zlib/CMakeLists.txt:4 (_1kfetch_dist)
This warning is for project developers.  Use -Wno-dev to suppress it.

-- [download 2% complete]
-- [download 3% complete]
-- [download 5% complete]
-- [download 6% complete]
-- [download 8% complete]
-- [download 10% complete]
-- [download 11% complete]
-- [download 13% complete]
-- [download 14% complete]
-- [download 16% complete]
-- [download 18% complete]
-- [download 19% complete]
-- [download 21% complete]
-- [download 23% complete]
-- [download 24% complete]
-- [download 26% complete]
-- [download 27% complete]
-- [download 29% complete]
-- [download 31% complete]
-- [download 32% complete]
-- [download 34% complete]
-- [download 36% complete]
-- [download 37% complete]
-- [download 39% complete]
-- [download 41% complete]
-- [download 43% complete]
-- [download 45% complete]
-- [download 46% complete]
-- [download 48% complete]
-- [download 49% complete]
-- [download 51% complete]
-- [download 53% complete]
-- [download 54% complete]
-- [download 56% complete]
-- [download 58% complete]
-- [download 59% complete]
-- [download 61% complete]
-- [download 62% complete]
-- [download 64% complete]
-- [download 66% complete]
-- [download 67% complete]
-- [download 69% complete]
-- [download 71% complete]
-- [download 72% complete]
-- [download 74% complete]
-- [download 75% complete]
-- [download 77% complete]
-- [download 79% complete]
-- [download 80% complete]
-- [download 82% complete]
-- [download 84% complete]
-- [download 85% complete]
-- [download 87% complete]
-- [download 88% complete]
-- [download 90% complete]
-- [download 92% complete]
-- [download 93% complete]
-- [download 95% complete]
-- [download 96% complete]
-- [download 99% complete]
-- [download 100% complete]
-- Configuring Chipmunk2D version 7.0.3
-- Found PkgConfig: /usr/bin/pkg-config (found version "1.8.1")
-- Found ZLIB: zlib (found version "1.3.1")
-- Found PNG: png (found version "1.6.53")
-- Looking for unistd.h
-- Looking for unistd.h - found
-- Looking for fcntl.h
-- Looking for fcntl.h - found
CMake Warning (dev) at axmol/1k/fetch.cmake:61 (message):
  Downloading
  https://github.com/simdsoft/1kiss/releases/download/v110/jpeg-turbo.zip
Call Stack (most recent call first):
  axmol/3rdparty/jpeg-turbo/CMakeLists.txt:7 (_1kfetch_dist)
This warning is for project developers.  Use -Wno-dev to suppress it.

-- [download 1% complete]
-- [download 2% complete]
-- [download 3% complete]
-- [download 4% complete]
-- [download 5% complete]
-- [download 6% complete]
-- [download 7% complete]
-- [download 8% complete]
-- [download 9% complete]
-- [download 10% complete]
-- [download 11% complete]
-- [download 12% complete]
-- [download 13% complete]
-- [download 14% complete]
-- [download 15% complete]
-- [download 16% complete]
-- [download 17% complete]
-- [download 18% complete]
-- [download 19% complete]
-- [download 20% complete]
-- [download 21% complete]
-- [download 22% complete]
-- [download 23% complete]
-- [download 24% complete]
-- [download 25% complete]
-- [download 26% complete]
-- [download 27% complete]
-- [download 28% complete]
-- [download 29% complete]
-- [download 30% complete]
-- [download 31% complete]
-- [download 32% complete]
-- [download 33% complete]
-- [download 34% complete]
-- [download 35% complete]
-- [download 36% complete]
-- [download 37% complete]
-- [download 38% complete]
-- [download 39% complete]
-- [download 40% complete]
-- [download 41% complete]
-- [download 42% complete]
-- [download 43% complete]
-- [download 44% complete]
-- [download 45% complete]
-- [download 46% complete]
-- [download 47% complete]
-- [download 48% complete]
-- [download 49% complete]
-- [download 50% complete]
-- [download 51% complete]
-- [download 52% complete]
-- [download 53% complete]
-- [download 54% complete]
-- [download 55% complete]
-- [download 56% complete]
-- [download 57% complete]
-- [download 58% complete]
-- [download 59% complete]
-- [download 60% complete]
-- [download 61% complete]
-- [download 62% complete]
-- [download 63% complete]
-- [download 64% complete]
-- [download 65% complete]
-- [download 66% complete]
-- [download 67% complete]
-- [download 68% complete]
-- [download 69% complete]
-- [download 70% complete]
-- [download 71% complete]
-- [download 72% complete]
-- [download 73% complete]
-- [download 74% complete]
-- [download 75% complete]
-- [download 76% complete]
-- [download 77% complete]
-- [download 78% complete]
-- [download 79% complete]
-- [download 80% complete]
-- [download 81% complete]
-- [download 82% complete]
-- [download 83% complete]
-- [download 84% complete]
-- [download 85% complete]
-- [download 86% complete]
-- [download 87% complete]
-- [download 88% complete]
-- [download 89% complete]
-- [download 90% complete]
-- [download 91% complete]
-- [download 92% complete]
-- [download 93% complete]
-- [download 94% complete]
-- [download 95% complete]
-- [download 96% complete]
-- [download 97% complete]
-- [download 98% complete]
-- [download 99% complete]
-- [download 100% complete]
CMake Warning (dev) at axmol/1k/fetch.cmake:61 (message):
  Downloading
  https://github.com/simdsoft/1kiss/releases/download/v110/openssl.zip
Call Stack (most recent call first):
  axmol/3rdparty/openssl/CMakeLists.txt:6 (_1kfetch_dist)
This warning is for project developers.  Use -Wno-dev to suppress it.

-- [download 0% complete]
-- [download 1% complete]
-- [download 2% complete]
-- [download 3% complete]
-- [download 4% complete]
-- [download 5% complete]
-- [download 6% complete]
-- [download 7% complete]
-- [download 8% complete]
-- [download 9% complete]
-- [download 10% complete]
-- [download 11% complete]
-- [download 12% complete]
-- [download 13% complete]
-- [download 14% complete]
-- [download 15% complete]
-- [download 16% complete]
-- [download 17% complete]
-- [download 18% complete]
-- [download 19% complete]
-- [download 20% complete]
-- [download 21% complete]
-- [download 22% complete]
-- [download 23% complete]
-- [download 24% complete]
-- [download 25% complete]
-- [download 26% complete]
-- [download 27% complete]
-- [download 28% complete]
-- [download 29% complete]
-- [download 30% complete]
-- [download 31% complete]
-- [download 32% complete]
-- [download 33% complete]
-- [download 34% complete]
-- [download 35% complete]
-- [download 36% complete]
-- [download 37% complete]
-- [download 38% complete]
-- [download 39% complete]
-- [download 40% complete]
-- [download 41% complete]
-- [download 42% complete]
-- [download 43% complete]
-- [download 44% complete]
-- [download 45% complete]
-- [download 46% complete]
-- [download 47% complete]
-- [download 48% complete]
-- [download 49% complete]
-- [download 50% complete]
-- [download 51% complete]
-- [download 52% complete]
-- [download 53% complete]
-- [download 54% complete]
-- [download 55% complete]
-- [download 56% complete]
-- [download 57% complete]
-- [download 58% complete]
-- [download 59% complete]
-- [download 60% complete]
-- [download 61% complete]
-- [download 62% complete]
-- [download 63% complete]
-- [download 64% complete]
-- [download 65% complete]
-- [download 66% complete]
-- [download 67% complete]
-- [download 68% complete]
-- [download 69% complete]
-- [download 70% complete]
-- [download 71% complete]
-- [download 72% complete]
-- [download 73% complete]
-- [download 74% complete]
-- [download 75% complete]
-- [download 76% complete]
-- [download 77% complete]
-- [download 78% complete]
-- [download 79% complete]
-- [download 80% complete]
-- [download 81% complete]
-- [download 82% complete]
-- [download 83% complete]
-- [download 84% complete]
-- [download 85% complete]
-- [download 86% complete]
-- [download 87% complete]
-- [download 88% complete]
-- [download 89% complete]
-- [download 90% complete]
-- [download 91% complete]
-- [download 92% complete]
-- [download 93% complete]
-- [download 94% complete]
-- [download 95% complete]
-- [download 96% complete]
-- [download 97% complete]
-- [download 98% complete]
-- [download 99% complete]
-- [download 100% complete]
CMake Warning (dev) at axmol/3rdparty/astcenc/CMakeLists.txt:56 (message):
  ASTC_ISA_SIMD=sse4.1
This warning is for project developers.  Use -Wno-dev to suppress it.

CMake Warning (dev) at axmol/1k/fetch.cmake:61 (message):
  Downloading
  https://github.com/simdsoft/1kiss/releases/download/v110/curl.zip
Call Stack (most recent call first):
  axmol/3rdparty/curl/CMakeLists.txt:6 (_1kfetch_dist)
This warning is for project developers.  Use -Wno-dev to suppress it.

-- [download 0% complete]
-- [download 1% complete]
-- [download 2% complete]
-- [download 3% complete]
-- [download 4% complete]
-- [download 5% complete]
-- [download 6% complete]
-- [download 7% complete]
-- [download 8% complete]
-- [download 9% complete]
-- [download 10% complete]
-- [download 11% complete]
-- [download 12% complete]
-- [download 13% complete]
-- [download 14% complete]
-- [download 15% complete]
-- [download 16% complete]
-- [download 17% complete]
-- [download 18% complete]
-- [download 19% complete]
-- [download 20% complete]
-- [download 21% complete]
-- [download 22% complete]
-- [download 23% complete]
-- [download 24% complete]
-- [download 25% complete]
-- [download 26% complete]
-- [download 27% complete]
-- [download 28% complete]
-- [download 29% complete]
-- [download 30% complete]
-- [download 31% complete]
-- [download 32% complete]
-- [download 33% complete]
-- [download 34% complete]
-- [download 35% complete]
-- [download 36% complete]
-- [download 37% complete]
-- [download 38% complete]
-- [download 39% complete]
-- [download 40% complete]
-- [download 41% complete]
-- [download 42% complete]
-- [download 43% complete]
-- [download 44% complete]
-- [download 45% complete]
-- [download 46% complete]
-- [download 47% complete]
-- [download 48% complete]
-- [download 49% complete]
-- [download 50% complete]
-- [download 51% complete]
-- [download 52% complete]
-- [download 53% complete]
-- [download 54% complete]
-- [download 55% complete]
-- [download 56% complete]
-- [download 57% complete]
-- [download 58% complete]
-- [download 59% complete]
-- [download 60% complete]
-- [download 61% complete]
-- [download 62% complete]
-- [download 63% complete]
-- [download 64% complete]
-- [download 65% complete]
-- [download 66% complete]
-- [download 67% complete]
-- [download 68% complete]
-- [download 69% complete]
-- [download 70% complete]
-- [download 71% complete]
-- [download 72% complete]
-- [download 73% complete]
-- [download 74% complete]
-- [download 75% complete]
-- [download 76% complete]
-- [download 77% complete]
-- [download 78% complete]
-- [download 79% complete]
-- [download 80% complete]
-- [download 81% complete]
-- [download 82% complete]
-- [download 83% complete]
-- [download 84% complete]
-- [download 85% complete]
-- [download 86% complete]
-- [download 87% complete]
-- [download 88% complete]
-- [download 89% complete]
-- [download 90% complete]
-- [download 91% complete]
-- [download 92% complete]
-- [download 93% complete]
-- [download 94% complete]
-- [download 95% complete]
-- [download 96% complete]
-- [download 97% complete]
-- [download 98% complete]
-- [download 99% complete]
-- [download 100% complete]
-- Performing Test HAVE_STDC_FORMAT_MACROS
-- Performing Test HAVE_STDC_FORMAT_MACROS - Success
-- Looking for posix_memalign
-- Looking for posix_memalign - found
-- Performing Test HAVE___RESTRICT
-- Performing Test HAVE___RESTRICT - Success
-- Performing Test HAVE_LIBATOMIC
-- Performing Test HAVE_LIBATOMIC - Success
-- Performing Test HAVE_WNO_CXX20_ATTR_EXT
-- Performing Test HAVE_WNO_CXX20_ATTR_EXT - Success
-- Performing Test HAVE_FNO_MATH_ERRNO
-- Performing Test HAVE_FNO_MATH_ERRNO - Success
-- Performing Test HAVE_GCC_PROTECTED_VISIBILITY
-- Performing Test HAVE_GCC_PROTECTED_VISIBILITY - Success
-- Performing Test HAVE_MSSE2_SWITCH
-- Performing Test HAVE_MSSE2_SWITCH - Success
-- Looking for xmmintrin.h
-- Looking for xmmintrin.h - found
-- Looking for emmintrin.h
-- Looking for emmintrin.h - found
-- Looking for pmmintrin.h
-- Looking for pmmintrin.h - found
-- Looking for smmintrin.h
-- Looking for smmintrin.h - found
-- Looking for arm_neon.h
-- Looking for arm_neon.h - not found
-- Performing Test HAVE_SSE_INTRINSICS
-- Performing Test HAVE_SSE_INTRINSICS - Success
-- Looking for malloc.h
-- Looking for malloc.h - found
-- Looking for cpuid.h
-- Looking for cpuid.h - found
-- Looking for intrin.h
-- Looking for intrin.h - not found
-- Looking for guiddef.h
-- Looking for guiddef.h - not found
-- Looking for initguid.h
-- Looking for initguid.h - not found
-- Looking for pow in m
-- Looking for pow in m - found
-- Looking for clock_gettime in rt
-- Looking for clock_gettime in rt - found
-- Performing Test HAVE_GCC_GET_CPUID
-- Performing Test HAVE_GCC_GET_CPUID - Success
-- Looking for posix_memalign
-- Looking for posix_memalign - found
-- Looking for _aligned_malloc
-- Looking for _aligned_malloc - not found
-- Looking for proc_pidpath
-- Looking for proc_pidpath - not found
-- Looking for pthread.h
-- Looking for pthread.h - found
-- Performing Test HAVE_PTHREAD
-- Performing Test HAVE_PTHREAD - Success
-- Looking for pthread_setschedparam
-- Looking for pthread_setschedparam - found
-- Looking for include files pthread.h, pthread_np.h
-- Looking for include files pthread.h, pthread_np.h - not found
-- Looking for pthread_setname_np
-- Looking for pthread_setname_np - not found
-- Looking for pthread_set_name_np
-- Looking for pthread_set_name_np - not found
-- Looking for getopt
-- Looking for getopt - found
-- Checking for module 'libpipewire-0.3>=0.3.23'
--   Package 'libpipewire-0.3', required by 'virtual:world', not found
-- Could NOT find PulseAudio (missing: PULSEAUDIO_LIBRARY PULSEAUDIO_INCLUDE_DIR) 
-- Found ALSA: /usr/lib/x86_64-linux-gnu/libasound.so (found version "1.2.11")
-- Found OSS: /usr/include/x86_64-linux-gnu
-- Could NOT find AudioIO (missing: AUDIOIO_INCLUDE_DIR) 
-- Could NOT find SoundIO (missing: SOUNDIO_LIBRARY SOUNDIO_INCLUDE_DIR) 
-- Could NOT find JACK (missing: JACK_LIBRARY JACK_INCLUDE_DIR) 
-- Could NOT find OpenSL (missing: OPENSL_LIBRARY OPENSL_INCLUDE_DIR OPENSL_ANDROID_INCLUDE_DIR) 
-- Could NOT find PortAudio (missing: PORTAUDIO_LIBRARY PORTAUDIO_INCLUDE_DIR) 
-- Found Git: /usr/bin/git (found version "2.55.0")
-- 
-- Building OpenAL with support for the following backends:
--     ALSA (linked), OSS, WaveFile, Null
-- 
-- Building with support for CPU extensions:
--     Default, SSE, SSE2, SSE3, SSE4.1
-- 
-- Embedding HRTF datasets
-- 
-- NOT installing library and headers
-- 
CMake Warning (dev) at axmol/1k/fetch.cmake:61 (message):
  Downloading
  https://github.com/simdsoft/1kiss/releases/download/v110/opus.zip
Call Stack (most recent call first):
  axmol/3rdparty/opus/CMakeLists.txt:4 (_1kfetch_dist)
This warning is for project developers.  Use -Wno-dev to suppress it.

-- [download 1% complete]
-- [download 2% complete]
-- [download 3% complete]
-- [download 4% complete]
-- [download 5% complete]
-- [download 6% complete]
-- [download 7% complete]
-- [download 8% complete]
-- [download 9% complete]
-- [download 10% complete]
-- [download 11% complete]
-- [download 12% complete]
-- [download 13% complete]
-- [download 14% complete]
-- [download 15% complete]
-- [download 16% complete]
-- [download 17% complete]
-- [download 18% complete]
-- [download 19% complete]
-- [download 20% complete]
-- [download 21% complete]
-- [download 22% complete]
-- [download 23% complete]
-- [download 24% complete]
-- [download 25% complete]
-- [download 26% complete]
-- [download 27% complete]
-- [download 28% complete]
-- [download 29% complete]
-- [download 30% complete]
-- [download 31% complete]
-- [download 32% complete]
-- [download 33% complete]
-- [download 34% complete]
-- [download 35% complete]
-- [download 36% complete]
-- [download 37% complete]
-- [download 38% complete]
-- [download 39% complete]
-- [download 40% complete]
-- [download 41% complete]
-- [download 42% complete]
-- [download 43% complete]
-- [download 44% complete]
-- [download 45% complete]
-- [download 46% complete]
-- [download 47% complete]
-- [download 48% complete]
-- [download 49% complete]
-- [download 50% complete]
-- [download 51% complete]
-- [download 52% complete]
-- [download 53% complete]
-- [download 54% complete]
-- [download 55% complete]
-- [download 56% complete]
-- [download 57% complete]
-- [download 58% complete]
-- [download 59% complete]
-- [download 60% complete]
-- [download 61% complete]
-- [download 62% complete]
-- [download 63% complete]
-- [download 64% complete]
-- [download 65% complete]
-- [download 66% complete]
-- [download 67% complete]
-- [download 68% complete]
-- [download 69% complete]
-- [download 70% complete]
-- [download 71% complete]
-- [download 72% complete]
-- [download 73% complete]
-- [download 74% complete]
-- [download 75% complete]
-- [download 76% complete]
-- [download 77% complete]
-- [download 78% complete]
-- [download 79% complete]
-- [download 80% complete]
-- [download 81% complete]
-- [download 82% complete]
-- [download 83% complete]
-- [download 84% complete]
-- [download 85% complete]
-- [download 86% complete]
-- [download 87% complete]
-- [download 88% complete]
-- [download 89% complete]
-- [download 90% complete]
-- [download 91% complete]
-- [download 92% complete]
-- [download 93% complete]
-- [download 94% complete]
-- [download 95% complete]
-- [download 96% complete]
-- [download 97% complete]
-- [download 98% complete]
-- [download 99% complete]
-- [download 100% complete]
-- Including X11 support
-- Enabled axmol extensions:JSONDefault;cocostudio;SDFGen;Inspector;ImGui;fairygui;DragonBones;spine;physics-nodes;particle3d;assets-manager;GUI;
-- Found X11: /usr/include
-- Looking for XOpenDisplay in /usr/lib/x86_64-linux-gnu/libX11.so;/usr/lib/x86_64-linux-gnu/libXext.so
-- Looking for XOpenDisplay in /usr/lib/x86_64-linux-gnu/libX11.so;/usr/lib/x86_64-linux-gnu/libXext.so - found
-- Looking for gethostbyname
-- Looking for gethostbyname - found
-- Looking for connect
-- Looking for connect - found
-- Looking for remove
-- Looking for remove - found
-- Looking for shmat
-- Looking for shmat - found
-- Looking for IceConnectionNumber in ICE
-- Looking for IceConnectionNumber in ICE - found
-- Checking for module 'gtk+-3.0'
--   Found gtk+-3.0, version 3.24.41
-- Checking for module 'webkit2gtk-4.1'
--   Found webkit2gtk-4.1, version 2.52.6
-- Configuring done (11.1s)
-- Generating done (0.3s)
-- Build files have been written to: /home/runner/work/Mobile-gatcha-/Mobile-gatcha-/build
1kiss: BUILD_ALL_OPTIONS=--config Release --parallel 4, Count=4
1kiss: cmake --build /home/runner/work/Mobile-gatcha-/Mobile-gatcha-/build --config Release --parallel 4 --target Cinderbound
[  0%] Building CXX object engine/3rdparty/simdjson/CMakeFiles/simdjson.dir/simdjson.cpp.o
[  0%] Building CXX object engine/3rdparty/fmt/CMakeFiles/fmt.dir/src/format.cc.o
[  0%] Building C object engine/3rdparty/websocket-parser/CMakeFiles/websocket-parser.dir/websocket_parser.c.o
[  0%] Building C object engine/3rdparty/png/CMakeFiles/png.dir/png.c.o
[  0%] Linking C static library ../../../lib/libwebsocket-parser.a
[  0%] Building C object engine/3rdparty/png/CMakeFiles/png.dir/pngerror.c.o
[  0%] Building C object engine/3rdparty/png/CMakeFiles/png.dir/pngget.c.o
[  0%] Building C object engine/3rdparty/png/CMakeFiles/png.dir/pngmem.c.o
[  1%] Building C object engine/3rdparty/png/CMakeFiles/png.dir/pngpread.c.o
[  1%] Building C object engine/3rdparty/png/CMakeFiles/png.dir/pngread.c.o
[  1%] Building C object engine/3rdparty/png/CMakeFiles/png.dir/pngrio.c.o
[  1%] Building C object engine/3rdparty/png/CMakeFiles/png.dir/pngrtran.c.o
[  1%] Building C object engine/3rdparty/png/CMakeFiles/png.dir/pngrutil.c.o
[  1%] Building C object engine/3rdparty/png/CMakeFiles/png.dir/pngset.c.o
[  1%] Building C object engine/3rdparty/png/CMakeFiles/png.dir/pngtrans.c.o
[  1%] Building C object engine/3rdparty/png/CMakeFiles/png.dir/pngwio.c.o
[  1%] Building C object engine/3rdparty/png/CMakeFiles/png.dir/pngwrite.c.o
[  1%] Building CXX object engine/3rdparty/fmt/CMakeFiles/fmt.dir/src/os.cc.o
[  1%] Building C object engine/3rdparty/png/CMakeFiles/png.dir/pngwtran.c.o
[  1%] Building C object engine/3rdparty/png/CMakeFiles/png.dir/pngwutil.c.o
[  1%] Linking CXX static library ../../../lib/libfmt.a
[  1%] Building C object engine/3rdparty/png/CMakeFiles/png.dir/intel/intel_init.c.o
[  1%] Building C object engine/3rdparty/png/CMakeFiles/png.dir/intel/filter_sse2_intrinsics.c.o
[  1%] Linking C static library ../../../lib/libpng.a
[  1%] Linking CXX static library ../../../lib/libsimdjson.a
[  1%] Built target simdjson
[  1%] Built target fmt
[  1%] Built target websocket-parser
[  1%] Built target png
[  1%] Building C object engine/3rdparty/chipmunk/src/CMakeFiles/chipmunk.dir/chipmunk.c.o
[  1%] Building CXX object engine/3rdparty/box2d/CMakeFiles/box2d.dir/src/collision/b2_broad_phase.cpp.o
[  1%] Building CXX object engine/3rdparty/recast/CMakeFiles/recast.dir/DebugDraw.cpp.o
[  1%] Building CXX object engine/3rdparty/bullet/CMakeFiles/bullet.dir/BulletCollision/BroadphaseCollision/btAxisSweep3.cpp.o
[  1%] Building C object engine/3rdparty/chipmunk/src/CMakeFiles/chipmunk.dir/cpArbiter.c.o
[  1%] Building CXX object engine/3rdparty/box2d/CMakeFiles/box2d.dir/src/collision/b2_chain_shape.cpp.o
[  1%] Building C object engine/3rdparty/chipmunk/src/CMakeFiles/chipmunk.dir/cpArray.c.o
[  1%] Building CXX object engine/3rdparty/box2d/CMakeFiles/box2d.dir/src/collision/b2_circle_shape.cpp.o
[  1%] Building C object engine/3rdparty/chipmunk/src/CMakeFiles/chipmunk.dir/cpBBTree.c.o
In file included from /home/runner/work/Mobile-gatcha-/Mobile-gatcha-/axmol/3rdparty/chipmunk/include/chipmunk/chipmunk_private.h:25,
                 from /home/runner/work/Mobile-gatcha-/Mobile-gatcha-/axmol/3rdparty/chipmunk/src/cpBBTree.c:25:
/home/runner/work/Mobile-gatcha-/Mobile-gatcha-/axmol/3rdparty/chipmunk/src/cpBBTree.c: In function ‘partitionNodes’:
/home/runner/work/Mobile-gatcha-/Mobile-gatcha-/axmol/3rdparty/chipmunk/include/chipmunk/chipmunk.h:72:26: warning: argument 1 range [18446744071562067968, 18446744073709551615] exceeds maximum object size 9223372036854775807 [-Walloc-size-larger-than=]
   72 |         #define cpcalloc calloc
/home/runner/work/Mobile-gatcha-/Mobile-gatcha-/axmol/3rdparty/chipmunk/src/cpBBTree.c:760:38: note: in expansion of macro ‘cpcalloc’
  760 |         cpFloat *bounds = (cpFloat *)cpcalloc(count*2, sizeof(cpFloat));
      |                                      ^~~~~~~~
In file included from /home/runner/work/Mobile-gatcha-/Mobile-gatcha-/axmol/3rdparty/chipmunk/src/cpBBTree.c:22:
/usr/include/stdlib.h:675:14: note: in a call to allocation function ‘calloc’ declared here
  675 | extern void *calloc (size_t __nmemb, size_t __size)
      |              ^~~~~~
[  1%] Building CXX object engine/3rdparty/recast/CMakeFiles/recast.dir/DetourAlloc.cpp.o
[  1%] Building CXX object engine/3rdparty/box2d/CMakeFiles/box2d.dir/src/collision/b2_collide_circle.cpp.o
[  1%] Building CXX object engine/3rdparty/recast/CMakeFiles/recast.dir/DetourAssert.cpp.o
[  1%] Building CXX object engine/3rdparty/recast/CMakeFiles/recast.dir/DetourCommon.cpp.o
[  1%] Building C object engine/3rdparty/chipmunk/src/CMakeFiles/chipmunk.dir/cpBody.c.o
[  1%] Building CXX object engine/3rdparty/box2d/CMakeFiles/box2d.dir/src/collision/b2_collide_edge.cpp.o
[  1%] Building CXX object engine/3rdparty/bullet/CMakeFiles/bullet.dir/BulletCollision/BroadphaseCollision/btBroadphaseProxy.cpp.o
[  1%] Building C object engine/3rdparty/chipmunk/src/CMakeFiles/chipmunk.dir/cpCollision.c.o
[  1%] Building CXX object engine/3rdparty/recast/CMakeFiles/recast.dir/DetourCrowd.cpp.o
[  1%] Building CXX object engine/3rdparty/bullet/CMakeFiles/bullet.dir/BulletCollision/BroadphaseCollision/btCollisionAlgorithm.cpp.o
[  1%] Building CXX object engine/3rdparty/box2d/CMakeFiles/box2d.dir/src/collision/b2_collide_polygon.cpp.o
[  1%] Building CXX object engine/3rdparty/bullet/CMakeFiles/bullet.dir/BulletCollision/BroadphaseCollision/btDbvt.cpp.o
[  1%] Building C object engine/3rdparty/chipmunk/src/CMakeFiles/chipmunk.dir/cpConstraint.c.o
[  1%] Building C object engine/3rdparty/chipmunk/src/CMakeFiles/chipmunk.dir/cpDampedRotarySpring.c.o
[  1%] Building C object engine/3rdparty/chipmunk/src/CMakeFiles/chipmunk.dir/cpDampedSpring.c.o
[  2%] Building CXX object engine/3rdparty/box2d/CMakeFiles/box2d.dir/src/collision/b2_collision.cpp.o
[  2%] Building C object engine/3rdparty/chipmunk/src/CMakeFiles/chipmunk.dir/cpGearJoint.c.o
[  2%] Building CXX object engine/3rdparty/recast/CMakeFiles/recast.dir/DetourDebugDraw.cpp.o
[  2%] Building C object engine/3rdparty/chipmunk/src/CMakeFiles/chipmunk.dir/cpGrooveJoint.c.o
[  2%] Building C object engine/3rdparty/chipmunk/src/CMakeFiles/chipmunk.dir/cpHashSet.c.o
[  2%] Building C object engine/3rdparty/chipmunk/src/CMakeFiles/chipmunk.dir/cpHastySpace.c.o
[  2%] Building CXX object engine/3rdparty/box2d/CMakeFiles/box2d.dir/src/collision/b2_distance.cpp.o
[  2%] Building C object engine/3rdparty/chipmunk/src/CMakeFiles/chipmunk.dir/cpMarch.c.o
[  2%] Building CXX object engine/3rdparty/bullet/CMakeFiles/bullet.dir/BulletCollision/BroadphaseCollision/btDbvtBroadphase.cpp.o
[  2%] Building CXX object engine/3rdparty/recast/CMakeFiles/recast.dir/DetourLocalBoundary.cpp.o
[  2%] Building C object engine/3rdparty/chipmunk/src/CMakeFiles/chipmunk.dir/cpPinJoint.c.o
[  2%] Building CXX object engine/3rdparty/box2d/CMakeFiles/box2d.dir/src/collision/b2_dynamic_tree.cpp.o
[  3%] Building C object engine/3rdparty/chipmunk/src/CMakeFiles/chipmunk.dir/cpPivotJoint.c.o
[  3%] Building CXX object engine/3rdparty/recast/CMakeFiles/recast.dir/DetourNavMesh.cpp.o
[  3%] Building C object engine/3rdparty/chipmunk/src/CMakeFiles/chipmunk.dir/cpPolyShape.c.o
[  3%] Building C object engine/3rdparty/chipmunk/src/CMakeFiles/chipmunk.dir/cpPolyline.c.o
[  3%] Building CXX object engine/3rdparty/box2d/CMakeFiles/box2d.dir/src/collision/b2_edge_shape.cpp.o
[  3%] Building CXX object engine/3rdparty/box2d/CMakeFiles/box2d.dir/src/collision/b2_polygon_shape.cpp.o
[  3%] Building C object engine/3rdparty/chipmunk/src/CMakeFiles/chipmunk.dir/cpRatchetJoint.c.o
[  3%] Building C object engine/3rdparty/chipmunk/src/CMakeFiles/chipmunk.dir/cpRobust.c.o
[  3%] Building C object engine/3rdparty/chipmunk/src/CMakeFiles/chipmunk.dir/cpRotaryLimitJoint.c.o
[  3%] Building CXX object engine/3rdparty/bullet/CMakeFiles/bullet.dir/BulletCollision/BroadphaseCollision/btDispatcher.cpp.o
[  3%] Building C object engine/3rdparty/chipmunk/src/CMakeFiles/chipmunk.dir/cpShape.c.o
[  3%] Building CXX object engine/3rdparty/recast/CMakeFiles/recast.dir/DetourNavMeshBuilder.cpp.o
[  3%] Building CXX object engine/3rdparty/bullet/CMakeFiles/bullet.dir/BulletCollision/BroadphaseCollision/btOverlappingPairCache.cpp.o
[  3%] Building CXX object engine/3rdparty/box2d/CMakeFiles/box2d.dir/src/collision/b2_time_of_impact.cpp.o
[  3%] Building C object engine/3rdparty/chipmunk/src/CMakeFiles/chipmunk.dir/cpSimpleMotor.c.o
[  3%] Building C object engine/3rdparty/chipmunk/src/CMakeFiles/chipmunk.dir/cpSlideJoint.c.o
[  3%] Building C object engine/3rdparty/chipmunk/src/CMakeFiles/chipmunk.dir/cpSpace.c.o
[  3%] Building CXX object engine/3rdparty/recast/CMakeFiles/recast.dir/DetourNavMeshQuery.cpp.o
[  3%] Building CXX object engine/3rdparty/box2d/CMakeFiles/box2d.dir/src/common/b2_block_allocator.cpp.o
[  3%] Building C object engine/3rdparty/chipmunk/src/CMakeFiles/chipmunk.dir/cpSpaceComponent.c.o
[  3%] Building CXX object engine/3rdparty/box2d/CMakeFiles/box2d.dir/src/common/b2_draw.cpp.o
[  3%] Building CXX object engine/3rdparty/box2d/CMakeFiles/box2d.dir/src/common/b2_math.cpp.o
[  3%] Building CXX object engine/3rdparty/bullet/CMakeFiles/bullet.dir/BulletCollision/BroadphaseCollision/btQuantizedBvh.cpp.o
[  3%] Building C object engine/3rdparty/chipmunk/src/CMakeFiles/chipmunk.dir/cpSpaceDebug.c.o
[  3%] Building C object engine/3rdparty/chipmunk/src/CMakeFiles/chipmunk.dir/cpSpaceHash.c.o
[  3%] Building CXX object engine/3rdparty/box2d/CMakeFiles/box2d.dir/src/common/b2_settings.cpp.o
[  3%] Building CXX object engine/3rdparty/box2d/CMakeFiles/box2d.dir/src/common/b2_stack_allocator.cpp.o
[  3%] Building C object engine/3rdparty/chipmunk/src/CMakeFiles/chipmunk.dir/cpSpaceQuery.c.o
[  3%] Building CXX object engine/3rdparty/box2d/CMakeFiles/box2d.dir/src/common/b2_timer.cpp.o
[  3%] Building C object engine/3rdparty/chipmunk/src/CMakeFiles/chipmunk.dir/cpSpaceStep.c.o
[  3%] Building CXX object engine/3rdparty/box2d/CMakeFiles/box2d.dir/src/dynamics/b2_body.cpp.o
[  3%] Building C object engine/3rdparty/chipmunk/src/CMakeFiles/chipmunk.dir/cpSpatialIndex.c.o
[  3%] Building C object engine/3rdparty/chipmunk/src/CMakeFiles/chipmunk.dir/cpSweep1D.c.o
[  4%] Linking C static library ../../../../lib/libchipmunk.a
[  4%] Building CXX object engine/3rdparty/recast/CMakeFiles/recast.dir/DetourNode.cpp.o
[  4%] Building CXX object engine/3rdparty/box2d/CMakeFiles/box2d.dir/src/dynamics/b2_chain_circle_contact.cpp.o
[  4%] Built target chipmunk
[  5%] Building CXX object engine/3rdparty/bullet/CMakeFiles/bullet.dir/BulletCollision/BroadphaseCollision/btSimpleBroadphase.cpp.o
[  6%] Building CXX object engine/3rdparty/recast/CMakeFiles/recast.dir/DetourObstacleAvoidance.cpp.o
[  6%] Building CXX object engine/3rdparty/box2d/CMakeFiles/box2d.dir/src/dynamics/b2_chain_polygon_contact.cpp.o
[  6%] Building CXX object engine/3rdparty/box2d/CMakeFiles/box2d.dir/src/dynamics/b2_circle_contact.cpp.o
[  7%] Building CXX object engine/3rdparty/box2d/CMakeFiles/box2d.dir/src/dynamics/b2_contact.cpp.o
[  7%] Building CXX object engine/3rdparty/bullet/CMakeFiles/bullet.dir/BulletCollision/CollisionDispatch/SphereTriangleDetector.cpp.o
[  7%] Building C object engine/3rdparty/webp/CMakeFiles/webp.dir/sharpyuv/sharpyuv.c.o
[  7%] Building CXX object engine/3rdparty/recast/CMakeFiles/recast.dir/DetourPathCorridor.cpp.o
[  7%] Building CXX object engine/3rdparty/box2d/CMakeFiles/box2d.dir/src/dynamics/b2_contact_manager.cpp.o
[  7%] Building CXX object engine/3rdparty/bullet/CMakeFiles/bullet.dir/BulletCollision/CollisionDispatch/btActivatingCollisionAlgorithm.cpp.o
[  7%] Building CXX object engine/3rdparty/recast/CMakeFiles/recast.dir/DetourPathQueue.cpp.o
[  7%] Building CXX object engine/3rdparty/box2d/CMakeFiles/box2d.dir/src/dynamics/b2_contact_solver.cpp.o
[  7%] Building CXX object engine/3rdparty/bullet/CMakeFiles/bullet.dir/BulletCollision/CollisionDispatch/btBox2dBox2dCollisionAlgorithm.cpp.o
[  7%] Building CXX object engine/3rdparty/recast/CMakeFiles/recast.dir/DetourProximityGrid.cpp.o
[  7%] Building C object engine/3rdparty/webp/CMakeFiles/webp.dir/sharpyuv/sharpyuv_cpu.c.o
[  7%] Building C object engine/3rdparty/webp/CMakeFiles/webp.dir/sharpyuv/sharpyuv_csp.c.o
[  8%] Building C object engine/3rdparty/webp/CMakeFiles/webp.dir/sharpyuv/sharpyuv_dsp.c.o
[  8%] Building CXX object engine/3rdparty/recast/CMakeFiles/recast.dir/DetourTileCache.cpp.o
[  8%] Building CXX object engine/3rdparty/box2d/CMakeFiles/box2d.dir/src/dynamics/b2_distance_joint.cpp.o
[  8%] Building C object engine/3rdparty/webp/CMakeFiles/webp.dir/sharpyuv/sharpyuv_gamma.c.o
[  8%] Building CXX object engine/3rdparty/bullet/CMakeFiles/bullet.dir/BulletCollision/CollisionDispatch/btBoxBoxCollisionAlgorithm.cpp.o
[  8%] Building C object engine/3rdparty/webp/CMakeFiles/webp.dir/sharpyuv/sharpyuv_neon.c.o
[  8%] Building C object engine/3rdparty/webp/CMakeFiles/webp.dir/sharpyuv/sharpyuv_sse2.c.o
[  8%] Building CXX object engine/3rdparty/box2d/CMakeFiles/box2d.dir/src/dynamics/b2_edge_circle_contact.cpp.o
[  8%] Building CXX object engine/3rdparty/bullet/CMakeFiles/bullet.dir/BulletCollision/CollisionDispatch/btBoxBoxDetector.cpp.o
[  8%] Building CXX object engine/3rdparty/recast/CMakeFiles/recast.dir/DetourTileCacheBuilder.cpp.o
[  8%] Building C object engine/3rdparty/webp/CMakeFiles/webp.dir/src/dec/alpha_dec.c.o
[  8%] Building CXX object engine/3rdparty/box2d/CMakeFiles/box2d.dir/src/dynamics/b2_edge_polygon_contact.cpp.o
[  8%] Building C object engine/3rdparty/webp/CMakeFiles/webp.dir/src/dec/buffer_dec.c.o
[  8%] Building C object engine/3rdparty/webp/CMakeFiles/webp.dir/src/dec/frame_dec.c.o
[  8%] Building CXX object engine/3rdparty/box2d/CMakeFiles/box2d.dir/src/dynamics/b2_fixture.cpp.o
[  8%] Building CXX object engine/3rdparty/bullet/CMakeFiles/bullet.dir/BulletCollision/CollisionDispatch/btCollisionDispatcher.cpp.o
[  8%] Building CXX object engine/3rdparty/box2d/CMakeFiles/box2d.dir/src/dynamics/b2_friction_joint.cpp.o
[  8%] Building C object engine/3rdparty/webp/CMakeFiles/webp.dir/src/dec/idec_dec.c.o
[  8%] Building C object engine/3rdparty/webp/CMakeFiles/webp.dir/src/dec/io_dec.c.o
[  8%] Building CXX object engine/3rdparty/box2d/CMakeFiles/box2d.dir/src/dynamics/b2_gear_joint.cpp.o
[  8%] Building CXX object engine/3rdparty/bullet/CMakeFiles/bullet.dir/BulletCollision/CollisionDispatch/btCollisionDispatcherMt.cpp.o
[  8%] Building C object engine/3rdparty/webp/CMakeFiles/webp.dir/src/dec/quant_dec.c.o
[  8%] Building C object engine/3rdparty/webp/CMakeFiles/webp.dir/src/dec/tree_dec.c.o
[  8%] Building CXX object engine/3rdparty/box2d/CMakeFiles/box2d.dir/src/dynamics/b2_island.cpp.o
[  8%] Building C object engine/3rdparty/webp/CMakeFiles/webp.dir/src/dec/vp8_dec.c.o
[  8%] Linking CXX static library ../../../lib/librecast.a
[  8%] Building CXX object engine/3rdparty/bullet/CMakeFiles/bullet.dir/BulletCollision/CollisionDispatch/btCollisionObject.cpp.o
[  8%] Built target recast
[  8%] Building CXX object engine/3rdparty/pugixml/CMakeFiles/pugixml.dir/pugixml.cpp.o
[  8%] Building CXX object engine/3rdparty/box2d/CMakeFiles/box2d.dir/src/dynamics/b2_joint.cpp.o
[  8%] Building C object engine/3rdparty/webp/CMakeFiles/webp.dir/src/dec/vp8l_dec.c.o
[  8%] Building CXX object engine/3rdparty/box2d/CMakeFiles/box2d.dir/src/dynamics/b2_motor_joint.cpp.o
[  8%] Building CXX object engine/3rdparty/box2d/CMakeFiles/box2d.dir/src/dynamics/b2_mouse_joint.cpp.o
[  8%] Building CXX object engine/3rdparty/bullet/CMakeFiles/bullet.dir/BulletCollision/CollisionDispatch/btCollisionWorld.cpp.o
[  8%] Building C object engine/3rdparty/webp/CMakeFiles/webp.dir/src/dec/webp_dec.c.o
[  8%] Building CXX object engine/3rdparty/box2d/CMakeFiles/box2d.dir/src/dynamics/b2_polygon_circle_contact.cpp.o
[  8%] Building C object engine/3rdparty/webp/CMakeFiles/webp.dir/src/demux/anim_decode.c.o
[  8%] Building C object engine/3rdparty/webp/CMakeFiles/webp.dir/src/demux/demux.c.o
[  8%] Building CXX object engine/3rdparty/box2d/CMakeFiles/box2d.dir/src/dynamics/b2_polygon_contact.cpp.o
[  8%] Building C object engine/3rdparty/webp/CMakeFiles/webp.dir/src/dsp/alpha_processing.c.o
[  8%] Building CXX object engine/3rdparty/box2d/CMakeFiles/box2d.dir/src/dynamics/b2_prismatic_joint.cpp.o
[  9%] Building C object engine/3rdparty/webp/CMakeFiles/webp.dir/src/dsp/alpha_processing_mips_dsp_r2.c.o
[  9%] Building C object engine/3rdparty/webp/CMakeFiles/webp.dir/src/dsp/alpha_processing_neon.c.o
[  9%] Building C object engine/3rdparty/webp/CMakeFiles/webp.dir/src/dsp/alpha_processing_sse2.c.o
[ 10%] Building CXX object engine/3rdparty/box2d/CMakeFiles/box2d.dir/src/dynamics/b2_pulley_joint.cpp.o
[ 10%] Building C object engine/3rdparty/webp/CMakeFiles/webp.dir/src/dsp/alpha_processing_sse41.c.o
[ 10%] Building C object engine/3rdparty/webp/CMakeFiles/webp.dir/src/dsp/cost.c.o
[ 10%] Building C object engine/3rdparty/webp/CMakeFiles/webp.dir/src/dsp/cost_mips32.c.o
[ 10%] Building C object engine/3rdparty/webp/CMakeFiles/webp.dir/src/dsp/cost_mips_dsp_r2.c.o
[ 10%] Building C object engine/3rdparty/webp/CMakeFiles/webp.dir/src/dsp/cost_neon.c.o
[ 10%] Building C object engine/3rdparty/webp/CMakeFiles/webp.dir/src/dsp/cost_sse2.c.o
[ 10%] Building CXX object engine/3rdparty/box2d/CMakeFiles/box2d.dir/src/dynamics/b2_revolute_joint.cpp.o
[ 10%] Building C object engine/3rdparty/webp/CMakeFiles/webp.dir/src/dsp/cpu.c.o
[ 10%] Building C object engine/3rdparty/webp/CMakeFiles/webp.dir/src/dsp/dec.c.o
[ 10%] Building CXX object engine/3rdparty/box2d/CMakeFiles/box2d.dir/src/dynamics/b2_weld_joint.cpp.o
[ 10%] Building CXX object engine/3rdparty/box2d/CMakeFiles/box2d.dir/src/dynamics/b2_wheel_joint.cpp.o
[ 10%] Building CXX object engine/3rdparty/bullet/CMakeFiles/bullet.dir/BulletCollision/CollisionDispatch/btCollisionWorldImporter.cpp.o
[ 10%] Building C object engine/3rdparty/webp/CMakeFiles/webp.dir/src/dsp/dec_clip_tables.c.o
[ 10%] Building C object engine/3rdparty/webp/CMakeFiles/webp.dir/src/dsp/dec_mips32.c.o
[ 10%] Building C object engine/3rdparty/webp/CMakeFiles/webp.dir/src/dsp/dec_mips_dsp_r2.c.o
[ 10%] Building C object engine/3rdparty/webp/CMakeFiles/webp.dir/src/dsp/dec_msa.c.o
[ 10%] Building C object engine/3rdparty/webp/CMakeFiles/webp.dir/src/dsp/dec_neon.c.o
[ 11%] Building C object engine/3rdparty/webp/CMakeFiles/webp.dir/src/dsp/dec_sse2.c.o
[ 11%] Building CXX object engine/3rdparty/box2d/CMakeFiles/box2d.dir/src/dynamics/b2_world.cpp.o
[ 11%] Building C object engine/3rdparty/webp/CMakeFiles/webp.dir/src/dsp/dec_sse41.c.o
[ 11%] Building C object engine/3rdparty/webp/CMakeFiles/webp.dir/src/dsp/enc.c.o
[ 11%] Building CXX object engine/3rdparty/box2d/CMakeFiles/box2d.dir/src/dynamics/b2_world_callbacks.cpp.o
[ 11%] Building CXX object engine/3rdparty/box2d/CMakeFiles/box2d.dir/src/rope/b2_rope.cpp.o
[ 11%] Building C object engine/3rdparty/webp/CMakeFiles/webp.dir/src/dsp/enc_mips32.c.o
[ 11%] Building C object engine/3rdparty/webp/CMakeFiles/webp.dir/src/dsp/enc_mips_dsp_r2.c.o
[ 11%] Linking CXX static library ../../../lib/libbox2d.a
[ 11%] Building C object engine/3rdparty/webp/CMakeFiles/webp.dir/src/dsp/enc_msa.c.o
[ 11%] Building C object engine/3rdparty/webp/CMakeFiles/webp.dir/src/dsp/enc_neon.c.o
[ 11%] Building C object engine/3rdparty/webp/CMakeFiles/webp.dir/src/dsp/enc_sse2.c.o
[ 11%] Built target box2d
[ 11%] Building C object engine/3rdparty/xxhash/CMakeFiles/xxhash.dir/xxhash.c.o
[ 11%] Building CXX object engine/3rdparty/bullet/CMakeFiles/bullet.dir/BulletCollision/CollisionDispatch/btCompoundCollisionAlgorithm.cpp.o
[ 11%] Building C object engine/3rdparty/webp/CMakeFiles/webp.dir/src/dsp/enc_sse41.c.o
[ 11%] Building C object engine/3rdparty/webp/CMakeFiles/webp.dir/src/dsp/filters.c.o
[ 11%] Building C object engine/3rdparty/webp/CMakeFiles/webp.dir/src/dsp/filters_mips_dsp_r2.c.o
[ 11%] Building C object engine/3rdparty/webp/CMakeFiles/webp.dir/src/dsp/filters_msa.c.o
[ 11%] Building C object engine/3rdparty/webp/CMakeFiles/webp.dir/src/dsp/filters_neon.c.o
[ 11%] Building C object engine/3rdparty/webp/CMakeFiles/webp.dir/src/dsp/filters_sse2.c.o
[ 11%] Building CXX object engine/3rdparty/bullet/CMakeFiles/bullet.dir/BulletCollision/CollisionDispatch/btCompoundCompoundCollisionAlgorithm.cpp.o
[ 11%] Building C object engine/3rdparty/webp/CMakeFiles/webp.dir/src/dsp/lossless.c.o
[ 11%] Linking CXX static library ../../../lib/libpugixml.a
[ 11%] Linking C static library ../../../lib/libxxhash.a
[ 11%] Built target pugixml
[ 11%] Building CXX object engine/3rdparty/bullet/CMakeFiles/bullet.dir/BulletCollision/CollisionDispatch/btConvex2dConvex2dAlgorithm.cpp.o
[ 11%] Built target xxhash
[ 11%] Building CXX object engine/3rdparty/bullet/CMakeFiles/bullet.dir/BulletCollision/CollisionDispatch/btConvexConcaveCollisionAlgorithm.cpp.o
[ 11%] Building C object engine/3rdparty/webp/CMakeFiles/webp.dir/src/dsp/lossless_avx2.c.o
[ 12%] Building C object engine/3rdparty/webp/CMakeFiles/webp.dir/src/dsp/lossless_enc.c.o
[ 12%] Building C object engine/3rdparty/fastlz/CMakeFiles/fastlz.dir/fastlz.c.o
[ 12%] Building CXX object engine/3rdparty/clipper2/CMakeFiles/clipper2.dir/src/clipper.engine.cpp.o
[ 13%] Linking C static library ../../../lib/libfastlz.a
[ 13%] Building C object engine/3rdparty/webp/CMakeFiles/webp.dir/src/dsp/lossless_enc_avx2.c.o
[ 13%] Built target fastlz
[ 13%] Building C object engine/3rdparty/webp/CMakeFiles/webp.dir/src/dsp/lossless_enc_mips32.c.o
[ 13%] Building CXX object engine/3rdparty/bullet/CMakeFiles/bullet.dir/BulletCollision/CollisionDispatch/btConvexConvexAlgorithm.cpp.o
[ 13%] Building CXX object engine/3rdparty/clipper2/CMakeFiles/clipper2.dir/src/clipper.offset.cpp.o
[ 13%] Building C object engine/3rdparty/webp/CMakeFiles/webp.dir/src/dsp/lossless_enc_mips_dsp_r2.c.o
[ 13%] Building C object engine/3rdparty/webp/CMakeFiles/webp.dir/src/dsp/lossless_enc_msa.c.o
[ 13%] Building C object engine/3rdparty/webp/CMakeFiles/webp.dir/src/dsp/lossless_enc_neon.c.o
[ 13%] Building C object engine/3rdparty/webp/CMakeFiles/webp.dir/src/dsp/lossless_enc_sse2.c.o
[ 13%] Building C object engine/3rdparty/webp/CMakeFiles/webp.dir/src/dsp/lossless_enc_sse41.c.o
[ 13%] Building C object engine/3rdparty/webp/CMakeFiles/webp.dir/src/dsp/lossless_mips_dsp_r2.c.o
[ 13%] Building C object engine/3rdparty/webp/CMakeFiles/webp.dir/src/dsp/lossless_msa.c.o
[ 13%] Building C object engine/3rdparty/webp/CMakeFiles/webp.dir/src/dsp/lossless_neon.c.o
[ 13%] Building C object engine/3rdparty/webp/CMakeFiles/webp.dir/src/dsp/lossless_sse2.c.o
[ 13%] Building C object engine/3rdparty/webp/CMakeFiles/webp.dir/src/dsp/lossless_sse41.c.o
[ 13%] Building C object engine/3rdparty/webp/CMakeFiles/webp.dir/src/dsp/rescaler.c.o
[ 14%] Building CXX object engine/3rdparty/bullet/CMakeFiles/bullet.dir/BulletCollision/CollisionDispatch/btConvexPlaneCollisionAlgorithm.cpp.o
[ 14%] Building C object engine/3rdparty/webp/CMakeFiles/webp.dir/src/dsp/rescaler_mips32.c.o
[ 14%] Building C object engine/3rdparty/webp/CMakeFiles/webp.dir/src/dsp/rescaler_mips_dsp_r2.c.o
[ 15%] Building C object engine/3rdparty/webp/CMakeFiles/webp.dir/src/dsp/rescaler_msa.c.o
[ 15%] Building C object engine/3rdparty/webp/CMakeFiles/webp.dir/src/dsp/rescaler_neon.c.o
[ 15%] Building C object engine/3rdparty/webp/CMakeFiles/webp.dir/src/dsp/rescaler_sse2.c.o
[ 15%] Building C object engine/3rdparty/webp/CMakeFiles/webp.dir/src/dsp/ssim.c.o
[ 15%] Building CXX object engine/3rdparty/bullet/CMakeFiles/bullet.dir/BulletCollision/CollisionDispatch/btDefaultCollisionConfiguration.cpp.o
[ 15%] Building C object engine/3rdparty/webp/CMakeFiles/webp.dir/src/dsp/ssim_sse2.c.o
[ 15%] Building C object engine/3rdparty/webp/CMakeFiles/webp.dir/src/dsp/upsampling.c.o
[ 15%] Building CXX object engine/3rdparty/bullet/CMakeFiles/bullet.dir/BulletCollision/CollisionDispatch/btEmptyCollisionAlgorithm.cpp.o
[ 15%] Building CXX object engine/3rdparty/clipper2/CMakeFiles/clipper2.dir/src/clipper.rectclip.cpp.o
[ 15%] Building CXX object engine/3rdparty/bullet/CMakeFiles/bullet.dir/BulletCollision/CollisionDispatch/btGhostObject.cpp.o
[ 15%] Building CXX object engine/3rdparty/bullet/CMakeFiles/bullet.dir/BulletCollision/CollisionDispatch/btHashedSimplePairCache.cpp.o
[ 15%] Building CXX object engine/3rdparty/bullet/CMakeFiles/bullet.dir/BulletCollision/CollisionDispatch/btInternalEdgeUtility.cpp.o
[ 15%] Building C object engine/3rdparty/webp/CMakeFiles/webp.dir/src/dsp/upsampling_mips_dsp_r2.c.o
[ 15%] Building C object engine/3rdparty/webp/CMakeFiles/webp.dir/src/dsp/upsampling_msa.c.o
[ 15%] Building C object engine/3rdparty/webp/CMakeFiles/webp.dir/src/dsp/upsampling_neon.c.o
[ 15%] Building C object engine/3rdparty/webp/CMakeFiles/webp.dir/src/dsp/upsampling_sse2.c.o
[ 15%] Building CXX object engine/3rdparty/clipper2/CMakeFiles/clipper2.dir/src/clipper.triangulation.cpp.o
[ 15%] Building CXX object engine/3rdparty/ConvertUTF/CMakeFiles/ConvertUTF.dir/ConvertUTF.cpp.o
[ 15%] Building CXX object engine/3rdparty/bullet/CMakeFiles/bullet.dir/BulletCollision/CollisionDispatch/btManifoldResult.cpp.o
[ 15%] Building C object engine/3rdparty/webp/CMakeFiles/webp.dir/src/dsp/upsampling_sse41.c.o
[ 15%] Building C object engine/3rdparty/webp/CMakeFiles/webp.dir/src/dsp/yuv.c.o
[ 15%] Building CXX object engine/3rdparty/bullet/CMakeFiles/bullet.dir/BulletCollision/CollisionDispatch/btSimulationIslandManager.cpp.o
[ 15%] Linking CXX static library ../../../lib/libConvertUTF.a
[ 15%] Built target ConvertUTF
[ 15%] Building CXX object engine/3rdparty/poly2tri/CMakeFiles/poly2tri.dir/common/shapes.cc.o
[ 15%] Building CXX object engine/3rdparty/bullet/CMakeFiles/bullet.dir/BulletCollision/CollisionDispatch/btSphereBoxCollisionAlgorithm.cpp.o
[ 15%] Building CXX object engine/3rdparty/poly2tri/CMakeFiles/poly2tri.dir/sweep/advancing_front.cc.o
[ 15%] Building CXX object engine/3rdparty/bullet/CMakeFiles/bullet.dir/BulletCollision/CollisionDispatch/btSphereSphereCollisionAlgorithm.cpp.o
[ 15%] Building CXX object engine/3rdparty/bullet/CMakeFiles/bullet.dir/BulletCollision/CollisionDispatch/btSphereTriangleCollisionAlgorithm.cpp.o
[ 15%] Building CXX object engine/3rdparty/poly2tri/CMakeFiles/poly2tri.dir/sweep/cdt.cc.o
[ 15%] Building C object engine/3rdparty/webp/CMakeFiles/webp.dir/src/dsp/yuv_mips32.c.o
[ 15%] Building C object engine/3rdparty/webp/CMakeFiles/webp.dir/src/dsp/yuv_mips_dsp_r2.c.o
[ 15%] Building C object engine/3rdparty/webp/CMakeFiles/webp.dir/src/dsp/yuv_neon.c.o
[ 15%] Building C object engine/3rdparty/webp/CMakeFiles/webp.dir/src/dsp/yuv_sse2.c.o
[ 15%] Building CXX object engine/3rdparty/bullet/CMakeFiles/bullet.dir/BulletCollision/CollisionDispatch/btUnionFind.cpp.o
[ 15%] Linking CXX static library ../../../lib/libclipper2.a
[ 16%] Building CXX object engine/3rdparty/poly2tri/CMakeFiles/poly2tri.dir/sweep/sweep.cc.o
[ 16%] Building CXX object engine/3rdparty/bullet/CMakeFiles/bullet.dir/BulletCollision/CollisionShapes/btBox2dShape.cpp.o
[ 16%] Built target clipper2
[ 17%] Building C object engine/3rdparty/webp/CMakeFiles/webp.dir/src/dsp/yuv_sse41.c.o
[ 17%] Building CXX object engine/3rdparty/bullet/CMakeFiles/bullet.dir/BulletCollision/CollisionShapes/btBoxShape.cpp.o
[ 17%] Building C object engine/3rdparty/webp/CMakeFiles/webp.dir/src/enc/alpha_enc.c.o
[ 17%] Building C object engine/3rdparty/webp/CMakeFiles/webp.dir/src/enc/analysis_enc.c.o
[ 17%] Building CXX object engine/3rdparty/poly2tri/CMakeFiles/poly2tri.dir/sweep/sweep_context.cc.o
[ 17%] Building C object engine/3rdparty/webp/CMakeFiles/webp.dir/src/enc/backward_references_cost_enc.c.o
[ 17%] Building CXX object engine/3rdparty/bullet/CMakeFiles/bullet.dir/BulletCollision/CollisionShapes/btBvhTriangleMeshShape.cpp.o
[ 17%] Building C object engine/3rdparty/webp/CMakeFiles/webp.dir/src/enc/backward_references_enc.c.o
[ 17%] Building CXX object engine/3rdparty/astcenc/CMakeFiles/astcenc.dir/astcenc_averages_and_directions.cpp.o
[ 17%] Building C object engine/3rdparty/webp/CMakeFiles/webp.dir/src/enc/config_enc.c.o
[ 17%] Linking CXX static library ../../../lib/libpoly2tri.a
[ 17%] Building C object engine/3rdparty/webp/CMakeFiles/webp.dir/src/enc/cost_enc.c.o
[ 17%] Building CXX object engine/3rdparty/bullet/CMakeFiles/bullet.dir/BulletCollision/CollisionShapes/btCapsuleShape.cpp.o
[ 17%] Built target poly2tri
[ 17%] Building CXX object engine/3rdparty/openal/CMakeFiles/alcommon.dir/common/alcomplex.cpp.o
[ 17%] Building C object engine/3rdparty/webp/CMakeFiles/webp.dir/src/enc/filter_enc.c.o
[ 17%] Building C object engine/3rdparty/webp/CMakeFiles/webp.dir/src/enc/frame_enc.c.o
[ 18%] Building CXX object engine/3rdparty/bullet/CMakeFiles/bullet.dir/BulletCollision/CollisionShapes/btCollisionShape.cpp.o
[ 18%] Building C object engine/3rdparty/webp/CMakeFiles/webp.dir/src/enc/histogram_enc.c.o
[ 18%] Building CXX object engine/3rdparty/astcenc/CMakeFiles/astcenc.dir/astcenc_block_sizes.cpp.o
[ 18%] Building CXX object engine/3rdparty/bullet/CMakeFiles/bullet.dir/BulletCollision/CollisionShapes/btCompoundShape.cpp.o
[ 18%] Building CXX object engine/3rdparty/openal/CMakeFiles/alcommon.dir/common/alfstream.cpp.o
[ 18%] Building C object engine/3rdparty/webp/CMakeFiles/webp.dir/src/enc/iterator_enc.c.o
[ 18%] Building C object engine/3rdparty/webp/CMakeFiles/webp.dir/src/enc/near_lossless_enc.c.o
[ 18%] Building CXX object engine/3rdparty/openal/CMakeFiles/alcommon.dir/common/almalloc.cpp.o
[ 18%] Building C object engine/3rdparty/webp/CMakeFiles/webp.dir/src/enc/picture_csp_enc.c.o
[ 18%] Building CXX object engine/3rdparty/bullet/CMakeFiles/bullet.dir/BulletCollision/CollisionShapes/btConcaveShape.cpp.o
[ 18%] Building CXX object engine/3rdparty/openal/CMakeFiles/alcommon.dir/common/alsem.cpp.o
[ 18%] Building C object engine/3rdparty/webp/CMakeFiles/webp.dir/src/enc/picture_enc.c.o
[ 18%] Building CXX object engine/3rdparty/bullet/CMakeFiles/bullet.dir/BulletCollision/CollisionShapes/btConeShape.cpp.o
[ 18%] Building C object engine/3rdparty/webp/CMakeFiles/webp.dir/src/enc/picture_psnr_enc.c.o
[ 18%] Building C object engine/3rdparty/webp/CMakeFiles/webp.dir/src/enc/picture_rescale_enc.c.o
[ 18%] Building CXX object engine/3rdparty/astcenc/CMakeFiles/astcenc.dir/astcenc_color_quantize.cpp.o
[ 20%] Building C object engine/3rdparty/webp/CMakeFiles/webp.dir/src/enc/picture_tools_enc.c.o
[ 20%] Building CXX object engine/3rdparty/bullet/CMakeFiles/bullet.dir/BulletCollision/CollisionShapes/btConvex2dShape.cpp.o
[ 20%] Building CXX object engine/3rdparty/openal/CMakeFiles/alcommon.dir/common/alstring.cpp.o
[ 20%] Building C object engine/3rdparty/webp/CMakeFiles/webp.dir/src/enc/predictor_enc.c.o
[ 20%] Building CXX object engine/3rdparty/bullet/CMakeFiles/bullet.dir/BulletCollision/CollisionShapes/btConvexHullShape.cpp.o
[ 20%] Building CXX object engine/3rdparty/openal/CMakeFiles/alcommon.dir/common/althrd_setname.cpp.o
[ 20%] Building CXX object engine/3rdparty/openal/CMakeFiles/alcommon.dir/common/dynload.cpp.o
[ 21%] Building CXX object engine/3rdparty/openal/CMakeFiles/alcommon.dir/common/polyphase_resampler.cpp.o
[ 21%] Building C object engine/3rdparty/webp/CMakeFiles/webp.dir/src/enc/quant_enc.c.o
[ 21%] Building CXX object engine/3rdparty/bullet/CMakeFiles/bullet.dir/BulletCollision/CollisionShapes/btConvexInternalShape.cpp.o
[ 21%] Building CXX object engine/3rdparty/astcenc/CMakeFiles/astcenc.dir/astcenc_color_unquantize.cpp.o
[ 21%] Building CXX object engine/3rdparty/bullet/CMakeFiles/bullet.dir/BulletCollision/CollisionShapes/btConvexPointCloudShape.cpp.o
[ 21%] Building CXX object engine/3rdparty/openal/CMakeFiles/alcommon.dir/common/ringbuffer.cpp.o
[ 21%] Building CXX object engine/3rdparty/bullet/CMakeFiles/bullet.dir/BulletCollision/CollisionShapes/btConvexPolyhedron.cpp.o
[ 21%] Building C object engine/3rdparty/webp/CMakeFiles/webp.dir/src/enc/syntax_enc.c.o
[ 21%] Building C object engine/3rdparty/webp/CMakeFiles/webp.dir/src/enc/token_enc.c.o
/home/runner/work/Mobile-gatcha-/Mobile-gatcha-/axmol/3rdparty/openal/common/ringbuffer.cpp: In static member function ‘static RingBufferPtr RingBuffer::Create(std::size_t, std::size_t, int)’:
/home/runner/work/Mobile-gatcha-/Mobile-gatcha-/axmol/3rdparty/openal/common/ringbuffer.cpp:43:31: warning: comparison is always true due to limited range of data type [-Wtype-limits]
   43 |         if constexpr(SIZE_MAX > UINT_MAX)
      |                               ^
At global scope:
cc1plus: note: unrecognized command-line option ‘-Wno-c++20-attribute-extensions’ may have been intended to silence earlier diagnostics
[ 21%] Building CXX object engine/3rdparty/openal/CMakeFiles/alcommon.dir/common/strutils.cpp.o
[ 21%] Building C object engine/3rdparty/webp/CMakeFiles/webp.dir/src/enc/tree_enc.c.o
[ 21%] Building C object engine/3rdparty/webp/CMakeFiles/webp.dir/src/enc/vp8l_enc.c.o
[ 21%] Building CXX object engine/3rdparty/astcenc/CMakeFiles/astcenc.dir/astcenc_compress_symbolic.cpp.o
[ 21%] Building CXX object engine/3rdparty/bullet/CMakeFiles/bullet.dir/BulletCollision/CollisionShapes/btConvexShape.cpp.o
[ 21%] Linking CXX static library ../../../lib/libalcommon.a
[ 21%] Built target alcommon
[ 21%] Building C object engine/3rdparty/webp/CMakeFiles/webp.dir/src/enc/webp_enc.c.o
[ 21%] Building CXX object engine/3rdparty/astcenc/CMakeFiles/astcenc.dir/astcenc_compute_variance.cpp.o
[ 21%] Building CXX object engine/3rdparty/bullet/CMakeFiles/bullet.dir/BulletCollision/CollisionShapes/btConvexTriangleMeshShape.cpp.o
[ 21%] Building C object engine/3rdparty/webp/CMakeFiles/webp.dir/src/mux/anim_encode.c.o
[ 21%] Building CXX object engine/3rdparty/bullet/CMakeFiles/bullet.dir/BulletCollision/CollisionShapes/btCylinderShape.cpp.o
[ 21%] Building C object engine/3rdparty/webp/CMakeFiles/webp.dir/src/mux/muxedit.c.o
[ 21%] Building C object engine/3rdparty/webp/CMakeFiles/webp.dir/src/mux/muxinternal.c.o
[ 21%] Building CXX object engine/3rdparty/bullet/CMakeFiles/bullet.dir/BulletCollision/CollisionShapes/btEmptyShape.cpp.o
[ 21%] Building C object engine/3rdparty/webp/CMakeFiles/webp.dir/src/mux/muxread.c.o
[ 21%] Building C object engine/3rdparty/webp/CMakeFiles/webp.dir/src/utils/bit_reader_utils.c.o
[ 22%] Building C object engine/3rdparty/ogg/CMakeFiles/ogg.dir/src/ogg/bitwise.c.o
[ 22%] Building C object engine/3rdparty/webp/CMakeFiles/webp.dir/src/utils/bit_writer_utils.c.o
[ 23%] Building CXX object engine/3rdparty/astcenc/CMakeFiles/astcenc.dir/astcenc_decompress_symbolic.cpp.o
[ 23%] Building CXX object engine/3rdparty/bullet/CMakeFiles/bullet.dir/BulletCollision/CollisionShapes/btHeightfieldTerrainShape.cpp.o
[ 23%] Building C object engine/3rdparty/ogg/CMakeFiles/ogg.dir/src/ogg/framing.c.o
[ 23%] Building C object engine/3rdparty/webp/CMakeFiles/webp.dir/src/utils/color_cache_utils.c.o
[ 23%] Building C object engine/3rdparty/webp/CMakeFiles/webp.dir/src/utils/filters_utils.c.o
[ 24%] Building C object engine/3rdparty/webp/CMakeFiles/webp.dir/src/utils/huffman_encode_utils.c.o
[ 24%] Building C object engine/3rdparty/ogg/CMakeFiles/ogg.dir/src/vorbis/analysis.c.o
[ 24%] Building C object engine/3rdparty/webp/CMakeFiles/webp.dir/src/utils/huffman_utils.c.o
[ 24%] Building C object engine/3rdparty/ogg/CMakeFiles/ogg.dir/src/vorbis/bitrate.c.o
[ 24%] Building C object engine/3rdparty/ogg/CMakeFiles/ogg.dir/src/vorbis/block.c.o
[ 24%] Building C object engine/3rdparty/webp/CMakeFiles/webp.dir/src/utils/palette.c.o
[ 24%] Building CXX object engine/3rdparty/bullet/CMakeFiles/bullet.dir/BulletCollision/CollisionShapes/btMiniSDF.cpp.o
[ 24%] Building C object engine/3rdparty/webp/CMakeFiles/webp.dir/src/utils/quant_levels_dec_utils.c.o
[ 24%] Building C object engine/3rdparty/webp/CMakeFiles/webp.dir/src/utils/quant_levels_utils.c.o
[ 24%] Building C object engine/3rdparty/webp/CMakeFiles/webp.dir/src/utils/random_utils.c.o
[ 24%] Building C object engine/3rdparty/webp/CMakeFiles/webp.dir/src/utils/rescaler_utils.c.o
[ 24%] Building C object engine/3rdparty/ogg/CMakeFiles/ogg.dir/src/vorbis/codebook.c.o
[ 24%] Building CXX object engine/3rdparty/astcenc/CMakeFiles/astcenc.dir/astcenc_diagnostic_trace.cpp.o
[ 24%] Building CXX object engine/3rdparty/astcenc/CMakeFiles/astcenc.dir/astcenc_entry.cpp.o
[ 24%] Building C object engine/3rdparty/webp/CMakeFiles/webp.dir/src/utils/thread_utils.c.o
[ 24%] Building C object engine/3rdparty/webp/CMakeFiles/webp.dir/src/utils/utils.c.o
[ 24%] Linking C static library ../../../lib/libwebp.a
[ 24%] Building C object engine/3rdparty/ogg/CMakeFiles/ogg.dir/src/vorbis/envelope.c.o
[ 24%] Building C object engine/3rdparty/ogg/CMakeFiles/ogg.dir/src/vorbis/floor0.c.o
[ 24%] Built target webp
[ 24%] Building CXX object engine/3rdparty/bullet/CMakeFiles/bullet.dir/BulletCollision/CollisionShapes/btMinkowskiSumShape.cpp.o
[ 24%] Building CXX object engine/3rdparty/astcenc/CMakeFiles/astcenc.dir/astcenc_find_best_partitioning.cpp.o
[ 24%] Building C object engine/3rdparty/ogg/CMakeFiles/ogg.dir/src/vorbis/floor1.c.o
[ 25%] Building CXX object engine/3rdparty/bullet/CMakeFiles/bullet.dir/BulletCollision/CollisionShapes/btMultiSphereShape.cpp.o
[ 25%] Building C object engine/3rdparty/ogg/CMakeFiles/ogg.dir/src/vorbis/info.c.o
[ 25%] Building C object engine/3rdparty/ogg/CMakeFiles/ogg.dir/src/vorbis/lookup.c.o
[ 25%] Building C object engine/3rdparty/ogg/CMakeFiles/ogg.dir/src/vorbis/lpc.c.o
[ 25%] Building CXX object engine/3rdparty/bullet/CMakeFiles/bullet.dir/BulletCollision/CollisionShapes/btMultimaterialTriangleMeshShape.cpp.o
[ 25%] Building C object engine/3rdparty/ogg/CMakeFiles/ogg.dir/src/vorbis/lsp.c.o
[ 25%] Building C object engine/3rdparty/ogg/CMakeFiles/ogg.dir/src/vorbis/mapping0.c.o
[ 25%] Building CXX object engine/3rdparty/astcenc/CMakeFiles/astcenc.dir/astcenc_ideal_endpoints_and_weights.cpp.o
[ 25%] Building C object engine/3rdparty/glad/CMakeFiles/glad.dir/src/gl.c.o
[ 25%] Building C object engine/3rdparty/ogg/CMakeFiles/ogg.dir/src/vorbis/mdct.c.o
[ 25%] Building CXX object engine/3rdparty/bullet/CMakeFiles/bullet.dir/BulletCollision/CollisionShapes/btOptimizedBvh.cpp.o
[ 25%] Building C object engine/3rdparty/ogg/CMakeFiles/ogg.dir/src/vorbis/psy.c.o
[ 25%] Building CXX object engine/3rdparty/bullet/CMakeFiles/bullet.dir/BulletCollision/CollisionShapes/btPolyhedralConvexShape.cpp.o
[ 25%] Building CXX object engine/3rdparty/astcenc/CMakeFiles/astcenc.dir/astcenc_image.cpp.o
[ 25%] Building CXX object engine/3rdparty/bullet/CMakeFiles/bullet.dir/BulletCollision/CollisionShapes/btScaledBvhTriangleMeshShape.cpp.o
[ 26%] Building C object engine/3rdparty/ogg/CMakeFiles/ogg.dir/src/vorbis/registry.c.o
[ 26%] Building C object engine/3rdparty/ogg/CMakeFiles/ogg.dir/src/vorbis/res0.c.o
[ 26%] Building CXX object engine/3rdparty/bullet/CMakeFiles/bullet.dir/BulletCollision/CollisionShapes/btSdfCollisionShape.cpp.o
[ 26%] Building C object engine/3rdparty/ogg/CMakeFiles/ogg.dir/src/vorbis/sharedbook.c.o
[ 26%] Building CXX object engine/3rdparty/astcenc/CMakeFiles/astcenc.dir/astcenc_integer_sequence.cpp.o
[ 26%] Building C object engine/3rdparty/ogg/CMakeFiles/ogg.dir/src/vorbis/smallft.c.o
[ 26%] Building CXX object engine/3rdparty/bullet/CMakeFiles/bullet.dir/BulletCollision/CollisionShapes/btShapeHull.cpp.o
[ 26%] Building CXX object engine/3rdparty/astcenc/CMakeFiles/astcenc.dir/astcenc_mathlib.cpp.o
[ 26%] Building CXX object engine/3rdparty/bullet/CMakeFiles/bullet.dir/BulletCollision/CollisionShapes/btSphereShape.cpp.o
[ 27%] Linking C static library ../../../lib/libglad.a
[ 27%] Building CXX object engine/3rdparty/bullet/CMakeFiles/bullet.dir/BulletCollision/CollisionShapes/btStaticPlaneShape.cpp.o
[ 27%] Built target glad
[ 27%] Building CXX object engine/3rdparty/bullet/CMakeFiles/bullet.dir/BulletCollision/CollisionShapes/btStridingMeshInterface.cpp.o
[ 27%] Building C object engine/3rdparty/ogg/CMakeFiles/ogg.dir/src/vorbis/synthesis.c.o
[ 27%] Building CXX object engine/3rdparty/astcenc/CMakeFiles/astcenc.dir/astcenc_mathlib_softfloat.cpp.o
[ 27%] Building C object engine/3rdparty/ogg/CMakeFiles/ogg.dir/src/vorbis/vorbisenc.c.o
[ 27%] Building C object engine/3rdparty/ogg/CMakeFiles/ogg.dir/src/vorbis/vorbisfile.c.o
[ 27%] Building CXX object engine/3rdparty/bullet/CMakeFiles/bullet.dir/BulletCollision/CollisionShapes/btTetrahedronShape.cpp.o
[ 27%] Building CXX object engine/3rdparty/astcenc/CMakeFiles/astcenc.dir/astcenc_partition_tables.cpp.o
[ 27%] Building C object engine/3rdparty/glfw/src/CMakeFiles/glfw.dir/context.c.o
[ 27%] Building C object engine/3rdparty/ogg/CMakeFiles/ogg.dir/src/vorbis/window.c.o
[ 27%] Building CXX object engine/3rdparty/bullet/CMakeFiles/bullet.dir/BulletCollision/CollisionShapes/btTriangleBuffer.cpp.o
[ 27%] Building C object engine/3rdparty/ogg/CMakeFiles/ogg.dir/src/opus/info.c.o
[ 27%] Building C object engine/3rdparty/glfw/src/CMakeFiles/glfw.dir/init.c.o
[ 27%] Building CXX object engine/3rdparty/bullet/CMakeFiles/bullet.dir/BulletCollision/CollisionShapes/btTriangleCallback.cpp.o
[ 27%] Building C object engine/3rdparty/glfw/src/CMakeFiles/glfw.dir/input.c.o
[ 27%] Building C object engine/3rdparty/ogg/CMakeFiles/ogg.dir/src/opus/internal.c.o
[ 27%] Building CXX object engine/3rdparty/bullet/CMakeFiles/bullet.dir/BulletCollision/CollisionShapes/btTriangleIndexVertexArray.cpp.o
[ 27%] Building C object engine/3rdparty/ogg/CMakeFiles/ogg.dir/src/opus/opusfile.c.o
[ 27%] Building CXX object engine/3rdparty/bullet/CMakeFiles/bullet.dir/BulletCollision/CollisionShapes/btTriangleIndexVertexMaterialArray.cpp.o
[ 27%] Building C object engine/3rdparty/glfw/src/CMakeFiles/glfw.dir/monitor.c.o
[ 27%] Building C object engine/3rdparty/glfw/src/CMakeFiles/glfw.dir/platform.c.o
[ 27%] Building CXX object engine/3rdparty/bullet/CMakeFiles/bullet.dir/BulletCollision/CollisionShapes/btTriangleMesh.cpp.o
[ 27%] Building C object engine/3rdparty/glfw/src/CMakeFiles/glfw.dir/vulkan.c.o
[ 27%] Building CXX object engine/3rdparty/astcenc/CMakeFiles/astcenc.dir/astcenc_percentile_tables.cpp.o
[ 27%] Building C object engine/3rdparty/glfw/src/CMakeFiles/glfw.dir/window.c.o
[ 27%] Building C object engine/3rdparty/glfw/src/CMakeFiles/glfw.dir/egl_context.c.o
[ 27%] Building CXX object engine/3rdparty/bullet/CMakeFiles/bullet.dir/BulletCollision/CollisionShapes/btTriangleMeshShape.cpp.o
[ 27%] Building C object engine/3rdparty/ogg/CMakeFiles/ogg.dir/src/opus/stream.c.o
[ 27%] Linking C static library ../../../lib/libogg.a
[ 27%] Building C object engine/3rdparty/glfw/src/CMakeFiles/glfw.dir/osmesa_context.c.o
[ 27%] Built target ogg
[ 28%] Building CXX object engine/3rdparty/bullet/CMakeFiles/bullet.dir/BulletCollision/CollisionShapes/btUniformScalingShape.cpp.o
[ 28%] Building C object engine/3rdparty/glfw/src/CMakeFiles/glfw.dir/null_init.c.o
[ 28%] Building CXX object engine/3rdparty/astcenc/CMakeFiles/astcenc.dir/astcenc_pick_best_endpoint_format.cpp.o
[ 28%] Building C object engine/3rdparty/glfw/src/CMakeFiles/glfw.dir/null_monitor.c.o
[ 28%] Building CXX object engine/3rdparty/unzip/CMakeFiles/unzip.dir/ioapi_mem.cpp.o
[ 28%] Building C object engine/3rdparty/unzip/CMakeFiles/unzip.dir/ioapi.c.o
[ 28%] Building C object engine/3rdparty/glfw/src/CMakeFiles/glfw.dir/null_window.c.o
[ 28%] Building C object engine/3rdparty/unzip/CMakeFiles/unzip.dir/unzip.c.o
[ 28%] Building C object engine/3rdparty/glfw/src/CMakeFiles/glfw.dir/null_joystick.c.o
[ 28%] Building C object engine/3rdparty/glfw/src/CMakeFiles/glfw.dir/posix_module.c.o
[ 28%] Building CXX object engine/3rdparty/bullet/CMakeFiles/bullet.dir/BulletCollision/Gimpact/btContactProcessing.cpp.o
[ 28%] Linking CXX static library ../../../lib/libunzip.a
[ 28%] Building C object engine/3rdparty/glfw/src/CMakeFiles/glfw.dir/posix_time.c.o
[ 29%] Building C object engine/3rdparty/glfw/src/CMakeFiles/glfw.dir/posix_thread.c.o
[ 29%] Built target unzip
[ 29%] Building C object engine/3rdparty/glfw/src/CMakeFiles/glfw.dir/x11_init.c.o
[ 29%] Building CXX object engine/3rdparty/astcenc/CMakeFiles/astcenc.dir/astcenc_quantization.cpp.o
[ 29%] Building CXX object engine/3rdparty/bullet/CMakeFiles/bullet.dir/BulletCollision/Gimpact/btGImpactBvh.cpp.o
[ 29%] Building C object engine/3rdparty/glfw/src/CMakeFiles/glfw.dir/x11_monitor.c.o
[ 29%] Building C object engine/3rdparty/glfw/src/CMakeFiles/glfw.dir/x11_window.c.o
[ 29%] Building CXX object engine/3rdparty/bullet/CMakeFiles/bullet.dir/BulletCollision/Gimpact/btGImpactCollisionAlgorithm.cpp.o
[ 29%] Building C object engine/3rdparty/glfw/src/CMakeFiles/glfw.dir/xkb_unicode.c.o
[ 29%] Building CXX object engine/3rdparty/astcenc/CMakeFiles/astcenc.dir/astcenc_symbolic_physical.cpp.o
[ 29%] Building C object engine/3rdparty/llhttp/CMakeFiles/llhttp.dir/src/api.c.o
[ 29%] Building C object engine/3rdparty/llhttp/CMakeFiles/llhttp.dir/src/http.c.o
[ 29%] Building C object engine/3rdparty/llhttp/CMakeFiles/llhttp.dir/src/llhttp.c.o
[ 29%] Building C object engine/3rdparty/glfw/src/CMakeFiles/glfw.dir/glx_context.c.o
[ 29%] Building C object engine/3rdparty/glfw/src/CMakeFiles/glfw.dir/linux_joystick.c.o
[ 29%] Building C object engine/3rdparty/glfw/src/CMakeFiles/glfw.dir/posix_poll.c.o
[ 29%] Linking C static library ../../../../lib/libglfw.a
[ 29%] Building CXX object engine/3rdparty/bullet/CMakeFiles/bullet.dir/BulletCollision/Gimpact/btGImpactQuantizedBvh.cpp.o
[ 29%] Built target glfw
[ 29%] Building CXX object engine/3rdparty/astcenc/CMakeFiles/astcenc.dir/astcenc_weight_align.cpp.o
[ 30%] Building CXX object engine/3rdparty/doctest/CMakeFiles/doctest.dir/doctest.cpp.o
[ 30%] Linking C static library ../../../lib/libllhttp.a
[ 30%] Built target llhttp
[ 30%] Building CXX object engine/3rdparty/bullet/CMakeFiles/bullet.dir/BulletCollision/Gimpact/btGImpactShape.cpp.o
[ 30%] Building CXX object engine/3rdparty/astcenc/CMakeFiles/astcenc.dir/astcenc_weight_quant_xfer_tables.cpp.o
[ 30%] Building CXX object engine/3rdparty/yasio/CMakeFiles/yasio.dir/yasio/io_service.cpp.o
[ 30%] Building CXX object engine/3rdparty/bullet/CMakeFiles/bullet.dir/BulletCollision/Gimpact/btGenericPoolAllocator.cpp.o
[ 30%] Building CXX object engine/3rdparty/bullet/CMakeFiles/bullet.dir/BulletCollision/Gimpact/btTriangleShapeEx.cpp.o
[ 31%] Linking CXX static library ../../../lib/libastcenc.a
[ 31%] Built target astcenc
[ 31%] Building CXX object engine/3rdparty/bullet/CMakeFiles/bullet.dir/BulletCollision/Gimpact/gim_box_set.cpp.o
Syncing resources for Cinderbound ...
[ 31%] Building CXX object engine/3rdparty/bullet/CMakeFiles/bullet.dir/BulletCollision/Gimpact/gim_contact.cpp.o
[ 31%] Building CXX object engine/3rdparty/bullet/CMakeFiles/bullet.dir/BulletCollision/Gimpact/gim_memory.cpp.o
fsync.ps1: Symlink /home/runner/work/Mobile-gatcha-/Mobile-gatcha-/build/runtime/axslc to /home/runner/work/Mobile-gatcha-/Mobile-gatcha-/build/bin/Cinderbound/axslc ...
[ 31%] Built target SYNC_RESOURCE-Cinderbound-axslc
[ 31%] Building CXX object engine/3rdparty/yasio/CMakeFiles/yasio.dir/yasio/xxsocket.cpp.o
[ 31%] Building CXX object engine/3rdparty/bullet/CMakeFiles/bullet.dir/BulletCollision/Gimpact/gim_tri_collision.cpp.o
[ 31%] Building CXX object engine/3rdparty/bullet/CMakeFiles/bullet.dir/BulletCollision/NarrowPhaseCollision/btContinuousConvexCollision.cpp.o
[ 31%] Building CXX object engine/3rdparty/bullet/CMakeFiles/bullet.dir/BulletCollision/NarrowPhaseCollision/btConvexCast.cpp.o
[ 31%] Building CXX object engine/3rdparty/bullet/CMakeFiles/bullet.dir/BulletCollision/NarrowPhaseCollision/btGjkConvexCast.cpp.o
[ 31%] Building CXX object engine/3rdparty/bullet/CMakeFiles/bullet.dir/BulletCollision/NarrowPhaseCollision/btGjkEpa2.cpp.o
Syncing resources for Cinderbound ...
fsync.ps1: Symlink /home/runner/work/Mobile-gatcha-/Mobile-gatcha-/Content to /home/runner/work/Mobile-gatcha-/Mobile-gatcha-/build/bin/Cinderbound/Content ...
[ 31%] Built target SYNC_RESOURCE-Cinderbound
[ 31%] Building C object engine/3rdparty/freetype/CMakeFiles/freetype.dir/src/autofit/autofit.c.o
[ 31%] Linking CXX static library ../../../lib/libdoctest.a
[ 32%] Building CXX object engine/3rdparty/bullet/CMakeFiles/bullet.dir/BulletCollision/NarrowPhaseCollision/btGjkEpaPenetrationDepthSolver.cpp.o
[ 32%] Built target doctest
[ 32%] Generating default_hrtf.txt
[ 32%] Building CXX object engine/3rdparty/bullet/CMakeFiles/bullet.dir/BulletCollision/NarrowPhaseCollision/btGjkPairDetector.cpp.o
[ 32%] Building CXX object engine/3rdparty/openal/CMakeFiles/OpenAL.dir/al/auxeffectslot.cpp.o
[ 33%] Linking CXX static library ../../../lib/libyasio.a
[ 33%] Building CXX object engine/3rdparty/bullet/CMakeFiles/bullet.dir/BulletCollision/NarrowPhaseCollision/btMinkowskiPenetrationDepthSolver.cpp.o
[ 33%] Built target yasio
[ 33%] Building C object engine/3rdparty/freetype/CMakeFiles/freetype.dir/src/base/ftbase.c.o
[ 33%] Building CXX object engine/3rdparty/bullet/CMakeFiles/bullet.dir/BulletCollision/NarrowPhaseCollision/btPersistentManifold.cpp.o
[ 33%] Building C object engine/3rdparty/freetype/CMakeFiles/freetype.dir/src/base/ftbbox.c.o
[ 33%] Building CXX object engine/3rdparty/bullet/CMakeFiles/bullet.dir/BulletCollision/NarrowPhaseCollision/btPolyhedralContactClipping.cpp.o
[ 33%] Building CXX object engine/3rdparty/openal/CMakeFiles/OpenAL.dir/al/buffer.cpp.o
[ 33%] Building CXX object engine/3rdparty/bullet/CMakeFiles/bullet.dir/BulletCollision/NarrowPhaseCollision/btRaycastCallback.cpp.o
[ 33%] Building CXX object engine/3rdparty/bullet/CMakeFiles/bullet.dir/BulletCollision/NarrowPhaseCollision/btSubSimplexConvexCast.cpp.o
[ 33%] Building C object engine/3rdparty/freetype/CMakeFiles/freetype.dir/src/base/ftbdf.c.o
[ 33%] Building C object engine/3rdparty/freetype/CMakeFiles/freetype.dir/src/base/ftbitmap.c.o
[ 34%] Building CXX object engine/3rdparty/openal/CMakeFiles/OpenAL.dir/al/debug.cpp.o
[ 34%] Building CXX object engine/3rdparty/bullet/CMakeFiles/bullet.dir/BulletCollision/NarrowPhaseCollision/btVoronoiSimplexSolver.cpp.o
[ 34%] Building C object engine/3rdparty/freetype/CMakeFiles/freetype.dir/src/base/ftcid.c.o
[ 34%] Building C object engine/3rdparty/freetype/CMakeFiles/freetype.dir/src/base/ftfstype.c.o
[ 34%] Building C object engine/3rdparty/freetype/CMakeFiles/freetype.dir/src/base/ftgasp.c.o
[ 34%] Building C object engine/3rdparty/freetype/CMakeFiles/freetype.dir/src/base/ftglyph.c.o
[ 34%] Building CXX object engine/3rdparty/bullet/CMakeFiles/bullet.dir/BulletDynamics/Character/btKinematicCharacterController.cpp.o
[ 34%] Building C object engine/3rdparty/freetype/CMakeFiles/freetype.dir/src/base/ftgxval.c.o
[ 34%] Building C object engine/3rdparty/freetype/CMakeFiles/freetype.dir/src/base/ftinit.c.o
[ 34%] Building C object engine/3rdparty/freetype/CMakeFiles/freetype.dir/src/base/ftmm.c.o
[ 35%] Building C object engine/3rdparty/freetype/CMakeFiles/freetype.dir/src/base/ftotval.c.o
[ 35%] Building C object engine/3rdparty/freetype/CMakeFiles/freetype.dir/src/base/ftpatent.c.o
[ 35%] Building C object engine/3rdparty/freetype/CMakeFiles/freetype.dir/src/base/ftpfr.c.o
[ 35%] Building C object engine/3rdparty/freetype/CMakeFiles/freetype.dir/src/base/ftstroke.c.o
[ 35%] Building CXX object engine/3rdparty/bullet/CMakeFiles/bullet.dir/BulletDynamics/ConstraintSolver/btBatchedConstraints.cpp.o
[ 35%] Building C object engine/3rdparty/freetype/CMakeFiles/freetype.dir/src/base/ftsynth.c.o
[ 35%] Building C object engine/3rdparty/freetype/CMakeFiles/freetype.dir/src/base/fttype1.c.o
[ 35%] Building CXX object engine/3rdparty/bullet/CMakeFiles/bullet.dir/BulletDynamics/ConstraintSolver/btConeTwistConstraint.cpp.o
[ 35%] Building C object engine/3rdparty/freetype/CMakeFiles/freetype.dir/src/base/ftwinfnt.c.o
[ 35%] Building C object engine/3rdparty/freetype/CMakeFiles/freetype.dir/src/bdf/bdf.c.o
[ 35%] Building CXX object engine/3rdparty/openal/CMakeFiles/OpenAL.dir/al/effect.cpp.o
[ 35%] Building CXX object engine/3rdparty/bullet/CMakeFiles/bullet.dir/BulletDynamics/ConstraintSolver/btContactConstraint.cpp.o
[ 35%] Building C object engine/3rdparty/freetype/CMakeFiles/freetype.dir/src/bzip2/ftbzip2.c.o
[ 35%] Building C object engine/3rdparty/freetype/CMakeFiles/freetype.dir/src/cache/ftcache.c.o
[ 35%] Building C object engine/3rdparty/freetype/CMakeFiles/freetype.dir/src/cff/cff.c.o
[ 35%] Building CXX object engine/3rdparty/bullet/CMakeFiles/bullet.dir/BulletDynamics/ConstraintSolver/btFixedConstraint.cpp.o
[ 35%] Building CXX object engine/3rdparty/openal/CMakeFiles/OpenAL.dir/al/effects/autowah.cpp.o
[ 35%] Building CXX object engine/3rdparty/bullet/CMakeFiles/bullet.dir/BulletDynamics/ConstraintSolver/btGearConstraint.cpp.o
[ 35%] Building CXX object engine/3rdparty/bullet/CMakeFiles/bullet.dir/BulletDynamics/ConstraintSolver/btGeneric6DofConstraint.cpp.o
[ 35%] Building C object engine/3rdparty/freetype/CMakeFiles/freetype.dir/src/cid/type1cid.c.o
[ 35%] Building CXX object engine/3rdparty/bullet/CMakeFiles/bullet.dir/BulletDynamics/ConstraintSolver/btGeneric6DofSpring2Constraint.cpp.o
[ 35%] Building C object engine/3rdparty/freetype/CMakeFiles/freetype.dir/src/gzip/ftgzip.c.o
[ 35%] Building CXX object engine/3rdparty/openal/CMakeFiles/OpenAL.dir/al/effects/chorus.cpp.o
[ 35%] Building C object engine/3rdparty/freetype/CMakeFiles/freetype.dir/src/lzw/ftlzw.c.o
[ 35%] Building CXX object engine/3rdparty/openal/CMakeFiles/OpenAL.dir/al/effects/compressor.cpp.o
[ 35%] Building C object engine/3rdparty/freetype/CMakeFiles/freetype.dir/src/pcf/pcf.c.o
[ 36%] Building CXX object engine/3rdparty/bullet/CMakeFiles/bullet.dir/BulletDynamics/ConstraintSolver/btGeneric6DofSpringConstraint.cpp.o
[ 36%] Building C object engine/3rdparty/freetype/CMakeFiles/freetype.dir/src/pfr/pfr.c.o
[ 36%] Building CXX object engine/3rdparty/bullet/CMakeFiles/bullet.dir/BulletDynamics/ConstraintSolver/btHinge2Constraint.cpp.o
[ 36%] Building CXX object engine/3rdparty/openal/CMakeFiles/OpenAL.dir/al/effects/convolution.cpp.o
[ 36%] Building CXX object engine/3rdparty/bullet/CMakeFiles/bullet.dir/BulletDynamics/ConstraintSolver/btHingeConstraint.cpp.o
[ 36%] Building CXX object engine/3rdparty/openal/CMakeFiles/OpenAL.dir/al/effects/dedicated.cpp.o
[ 37%] Building C object engine/3rdparty/freetype/CMakeFiles/freetype.dir/src/psaux/psaux.c.o
[ 37%] Building CXX object engine/3rdparty/bullet/CMakeFiles/bullet.dir/BulletDynamics/ConstraintSolver/btNNCGConstraintSolver.cpp.o
[ 37%] Building CXX object engine/3rdparty/openal/CMakeFiles/OpenAL.dir/al/effects/distortion.cpp.o
[ 37%] Building C object engine/3rdparty/freetype/CMakeFiles/freetype.dir/src/pshinter/pshinter.c.o
[ 37%] Building CXX object engine/3rdparty/bullet/CMakeFiles/bullet.dir/BulletDynamics/ConstraintSolver/btPoint2PointConstraint.cpp.o
[ 37%] Building CXX object engine/3rdparty/openal/CMakeFiles/OpenAL.dir/al/effects/echo.cpp.o
[ 37%] Building CXX object engine/3rdparty/bullet/CMakeFiles/bullet.dir/BulletDynamics/ConstraintSolver/btSequentialImpulseConstraintSolver.cpp.o
[ 37%] Building CXX object engine/3rdparty/bullet/CMakeFiles/bullet.dir/BulletDynamics/ConstraintSolver/btSequentialImpulseConstraintSolverMt.cpp.o
[ 37%] Building CXX object engine/3rdparty/openal/CMakeFiles/OpenAL.dir/al/effects/effects.cpp.o
[ 37%] Building CXX object engine/3rdparty/openal/CMakeFiles/OpenAL.dir/al/effects/equalizer.cpp.o
[ 37%] Building CXX object engine/3rdparty/openal/CMakeFiles/OpenAL.dir/al/effects/fshifter.cpp.o
[ 37%] Building C object engine/3rdparty/freetype/CMakeFiles/freetype.dir/src/psnames/psnames.c.o
[ 37%] Building CXX object engine/3rdparty/bullet/CMakeFiles/bullet.dir/BulletDynamics/ConstraintSolver/btSliderConstraint.cpp.o
[ 37%] Building C object engine/3rdparty/freetype/CMakeFiles/freetype.dir/src/raster/raster.c.o
[ 37%] Building CXX object engine/3rdparty/openal/CMakeFiles/OpenAL.dir/al/effects/modulator.cpp.o
[ 37%] Building C object engine/3rdparty/freetype/CMakeFiles/freetype.dir/src/sdf/sdf.c.o
[ 37%] Building CXX object engine/3rdparty/bullet/CMakeFiles/bullet.dir/BulletDynamics/ConstraintSolver/btSolve2LinearConstraint.cpp.o
[ 37%] Building C object engine/3rdparty/freetype/CMakeFiles/freetype.dir/src/sfnt/sfnt.c.o
[ 37%] Building CXX object engine/3rdparty/bullet/CMakeFiles/bullet.dir/BulletDynamics/ConstraintSolver/btTypedConstraint.cpp.o
[ 37%] Building CXX object engine/3rdparty/openal/CMakeFiles/OpenAL.dir/al/effects/null.cpp.o
[ 37%] Building CXX object engine/3rdparty/bullet/CMakeFiles/bullet.dir/BulletDynamics/ConstraintSolver/btUniversalConstraint.cpp.o
[ 37%] Building CXX object engine/3rdparty/openal/CMakeFiles/OpenAL.dir/al/effects/pshifter.cpp.o
[ 37%] Building CXX object engine/3rdparty/bullet/CMakeFiles/bullet.dir/BulletDynamics/Dynamics/btDiscreteDynamicsWorld.cpp.o
[ 37%] Building CXX object engine/3rdparty/openal/CMakeFiles/OpenAL.dir/al/effects/reverb.cpp.o
[ 37%] Building C object engine/3rdparty/freetype/CMakeFiles/freetype.dir/src/smooth/smooth.c.o
[ 37%] Building CXX object engine/3rdparty/bullet/CMakeFiles/bullet.dir/BulletDynamics/Dynamics/btDiscreteDynamicsWorldMt.cpp.o
[ 37%] Building CXX object engine/3rdparty/openal/CMakeFiles/OpenAL.dir/al/effects/vmorpher.cpp.o
[ 37%] Building C object engine/3rdparty/freetype/CMakeFiles/freetype.dir/src/svg/svg.c.o
[ 37%] Building C object engine/3rdparty/freetype/CMakeFiles/freetype.dir/src/truetype/truetype.c.o
[ 37%] Building C object engine/3rdparty/freetype/CMakeFiles/freetype.dir/src/type1/type1.c.o
[ 38%] Building CXX object engine/3rdparty/openal/CMakeFiles/OpenAL.dir/al/error.cpp.o
[ 38%] Building CXX object engine/3rdparty/bullet/CMakeFiles/bullet.dir/BulletDynamics/Dynamics/btRigidBody.cpp.o
[ 38%] Building C object engine/3rdparty/freetype/CMakeFiles/freetype.dir/src/type42/type42.c.o
[ 38%] Building CXX object engine/3rdparty/openal/CMakeFiles/OpenAL.dir/al/event.cpp.o
[ 38%] Building CXX object engine/3rdparty/bullet/CMakeFiles/bullet.dir/BulletDynamics/Dynamics/btSimpleDynamicsWorld.cpp.o
[ 38%] Building C object engine/3rdparty/freetype/CMakeFiles/freetype.dir/src/winfonts/winfnt.c.o
[ 38%] Building CXX object engine/3rdparty/bullet/CMakeFiles/bullet.dir/BulletDynamics/Dynamics/btSimulationIslandManagerMt.cpp.o
[ 38%] Building CXX object engine/3rdparty/openal/CMakeFiles/OpenAL.dir/al/extension.cpp.o
[ 40%] Building CXX object engine/3rdparty/bullet/CMakeFiles/bullet.dir/BulletDynamics/Featherstone/btMultiBody.cpp.o
[ 40%] Building C object engine/3rdparty/freetype/CMakeFiles/freetype.dir/builds/unix/ftsystem.c.o
[ 40%] Building CXX object engine/3rdparty/openal/CMakeFiles/OpenAL.dir/al/filter.cpp.o
[ 40%] Building C object engine/3rdparty/freetype/CMakeFiles/freetype.dir/src/base/ftdebug.c.o
[ 40%] Building CXX object engine/3rdparty/bullet/CMakeFiles/bullet.dir/BulletDynamics/Featherstone/btMultiBodyConstraint.cpp.o
[ 40%] Linking C static library ../../../lib/libfreetype.a
[ 40%] Built target freetype
[ 40%] Building CXX object engine/3rdparty/openal/CMakeFiles/OpenAL.dir/al/listener.cpp.o
[ 40%] Building CXX object engine/3rdparty/openal/CMakeFiles/OpenAL.dir/al/source.cpp.o
[ 40%] Building CXX object engine/3rdparty/bullet/CMakeFiles/bullet.dir/BulletDynamics/Featherstone/btMultiBodyConstraintSolver.cpp.o
[ 40%] Building CXX object engine/3rdparty/bullet/CMakeFiles/bullet.dir/BulletDynamics/Featherstone/btMultiBodyDynamicsWorld.cpp.o
[ 40%] Building CXX object engine/3rdparty/openal/CMakeFiles/OpenAL.dir/al/state.cpp.o
In file included from /home/runner/work/Mobile-gatcha-/Mobile-gatcha-/axmol/3rdparty/openal/al/source.h:5,
                 from /home/runner/work/Mobile-gatcha-/Mobile-gatcha-/axmol/3rdparty/openal/al/source.cpp:23:
In member function ‘void std::atomic<_Tp>::store(_Tp, std::memory_order) [with _Tp = Voice::State]’,
    inlined from ‘bool {anonymous}::SetVoiceOffset(Voice*, const VoicePos&, ALsource*, ALCcontext*, ALCdevice*)’ at /home/runner/work/Mobile-gatcha-/Mobile-gatcha-/axmol/3rdparty/openal/al/source.cpp:649:31:
/usr/include/c++/13/atomic:279:23: warning: ‘void __atomic_store_4(volatile void*, unsigned int, int)’ writing 4 bytes into a region of size 0 overflows the destination [-Wstringop-overflow=]
  279 |         __atomic_store(std::__addressof(_M_i),
      |         ~~~~~~~~~~~~~~^~~~~~~~~~~~~~~~~~~~~~~~
  280 |                        __atomic_impl::__clear_padding(__i),
      |                        ~~~~~~~~~~~~~~~~~~~~~~~~~~~~~~~~~~~~
  281 |                        int(__m));
      |                        ~~~~~~~~~
In function ‘bool {anonymous}::SetVoiceOffset(Voice*, const VoicePos&, ALsource*, ALCcontext*, ALCdevice*)’:
cc1plus: note: destination object is likely at address zero
In file included from /usr/include/c++/13/atomic:41:
In member function ‘void std::__atomic_base<_IntTp>::store(__int_type, std::memory_order) [with _ITp = int]’,
    inlined from ‘bool {anonymous}::SetVoiceOffset(Voice*, const VoicePos&, ALsource*, ALCcontext*, ALCdevice*)’ at /home/runner/work/Mobile-gatcha-/Mobile-gatcha-/axmol/3rdparty/openal/al/source.cpp:650:30:
/usr/include/c++/13/bits/atomic_base.h:481:25: warning: ‘void __atomic_store_4(volatile void*, unsigned int, int)’ writing 4 bytes into a region of size 0 overflows the destination [-Wstringop-overflow=]
  481 |         __atomic_store_n(&_M_i, __i, int(__m));
      |         ~~~~~~~~~~~~~~~~^~~~~~~~~~~~~~~~~~~~~~
In function ‘bool {anonymous}::SetVoiceOffset(Voice*, const VoicePos&, ALsource*, ALCcontext*, ALCdevice*)’:
cc1plus: note: destination object is likely at address zero
In member function ‘void std::__atomic_base<_IntTp>::store(__int_type, std::memory_order) [with _ITp = unsigned int]’,
    inlined from ‘bool {anonymous}::SetVoiceOffset(Voice*, const VoicePos&, ALsource*, ALCcontext*, ALCdevice*)’ at /home/runner/work/Mobile-gatcha-/Mobile-gatcha-/axmol/3rdparty/openal/al/source.cpp:651:34:
/usr/include/c++/13/bits/atomic_base.h:481:25: warning: ‘void __atomic_store_4(volatile void*, unsigned int, int)’ writing 4 bytes into a region of size 0 overflows the destination [-Wstringop-overflow=]
  481 |         __atomic_store_n(&_M_i, __i, int(__m));
      |         ~~~~~~~~~~~~~~~~^~~~~~~~~~~~~~~~~~~~~~
In function ‘bool {anonymous}::SetVoiceOffset(Voice*, const VoicePos&, ALsource*, ALCcontext*, ALCdevice*)’:
cc1plus: note: destination object is likely at address zero
In member function ‘void std::__atomic_base<_PTp*>::store(__pointer_type, std::memory_order) [with _PTp = VoiceBufferItem]’,
    inlined from ‘void std::atomic<_Tp*>::store(__pointer_type, std::memory_order) [with _Tp = VoiceBufferItem]’ at /usr/include/c++/13/atomic:568:26,
    inlined from ‘bool {anonymous}::SetVoiceOffset(Voice*, const VoicePos&, ALsource*, ALCcontext*, ALCdevice*)’ at /home/runner/work/Mobile-gatcha-/Mobile-gatcha-/axmol/3rdparty/openal/al/source.cpp:652:35:
/usr/include/c++/13/bits/atomic_base.h:813:25: warning: ‘void __atomic_store_8(volatile void*, long unsigned int, int)’ writing 8 bytes into a region of size 0 overflows the destination [-Wstringop-overflow=]
  813 |         __atomic_store_n(&_M_p, __p, int(__m));
      |         ~~~~~~~~~~~~~~~~^~~~~~~~~~~~~~~~~~~~~~
In function ‘bool {anonymous}::SetVoiceOffset(Voice*, const VoicePos&, ALsource*, ALCcontext*, ALCdevice*)’:
cc1plus: note: destination object is likely at address zero
[ 40%] Building CXX object engine/3rdparty/openal/CMakeFiles/OpenAL.dir/alc/alc.cpp.o
In file included from /home/runner/work/Mobile-gatcha-/Mobile-gatcha-/axmol/3rdparty/openal/core/voice.h:16,
                 from /home/runner/work/Mobile-gatcha-/Mobile-gatcha-/axmol/3rdparty/openal/al/source.h:22:
In function ‘T {anonymous}::GetSourceOffset(ALsource*, ALenum, ALCcontext*) [with T = float]’,
    inlined from ‘bool {anonymous}::GetProperty(ALsource*, ALCcontext*, SourceProp, al::span<T, 18446744073709551615>) [with T = float]’ at /home/runner/work/Mobile-gatcha-/Mobile-gatcha-/axmol/3rdparty/openal/al/source.cpp:2074:39:
/home/runner/work/Mobile-gatcha-/Mobile-gatcha-/axmol/3rdparty/openal/core/buffer_storage.h:105:17: warning: inlining failed in call to ‘uint BufferStorage::blockSizeFromFmt() const noexcept’: --param inline-unit-growth limit reached [-Winline]
  105 |     inline uint blockSizeFromFmt() const noexcept
      |                 ^~~~~~~~~~~~~~~~
/home/runner/work/Mobile-gatcha-/Mobile-gatcha-/axmol/3rdparty/openal/al/source.cpp:354:59: note: called from here
  354 |         const ALuint BlockSize{BufferFmt->blockSizeFromFmt()};
      |                                ~~~~~~~~~~~~~~~~~~~~~~~~~~~^~
In function ‘T {anonymous}::GetSourceLength(const ALsource*, ALenum) [with T = float]’,
    inlined from ‘bool {anonymous}::GetProperty(ALsource*, ALCcontext*, SourceProp, al::span<T, 18446744073709551615>) [with T = float]’ at /home/runner/work/Mobile-gatcha-/Mobile-gatcha-/axmol/3rdparty/openal/al/source.cpp:2148:39:
/home/runner/work/Mobile-gatcha-/Mobile-gatcha-/axmol/3rdparty/openal/core/buffer_storage.h:105:17: warning: inlining failed in call to ‘uint BufferStorage::blockSizeFromFmt() const noexcept’: --param inline-unit-growth limit reached [-Winline]
  105 |     inline uint blockSizeFromFmt() const noexcept
      |                 ^~~~~~~~~~~~~~~~
/home/runner/work/Mobile-gatcha-/Mobile-gatcha-/axmol/3rdparty/openal/al/source.cpp:411:59: note: called from here
  411 |         const ALuint BlockSize{BufferFmt->blockSizeFromFmt()};
      |                                ~~~~~~~~~~~~~~~~~~~~~~~~~~~^~
In function ‘T {anonymous}::GetSourceOffset(ALsource*, ALenum, ALCcontext*) [with T = double]’,
    inlined from ‘bool {anonymous}::GetProperty(ALsource*, ALCcontext*, SourceProp, al::span<T, 18446744073709551615>) [with T = double]’ at /home/runner/work/Mobile-gatcha-/Mobile-gatcha-/axmol/3rdparty/openal/al/source.cpp:2074:39:
/home/runner/work/Mobile-gatcha-/Mobile-gatcha-/axmol/3rdparty/openal/core/buffer_storage.h:105:17: warning: inlining failed in call to ‘uint BufferStorage::blockSizeFromFmt() const noexcept’: --param inline-unit-growth limit reached [-Winline]
  105 |     inline uint blockSizeFromFmt() const noexcept
      |                 ^~~~~~~~~~~~~~~~
/home/runner/work/Mobile-gatcha-/Mobile-gatcha-/axmol/3rdparty/openal/al/source.cpp:354:59: note: called from here
  354 |         const ALuint BlockSize{BufferFmt->blockSizeFromFmt()};
      |                                ~~~~~~~~~~~~~~~~~~~~~~~~~~~^~
In function ‘T {anonymous}::GetSourceLength(const ALsource*, ALenum) [with T = double]’,
    inlined from ‘bool {anonymous}::GetProperty(ALsource*, ALCcontext*, SourceProp, al::span<T, 18446744073709551615>) [with T = double]’ at /home/runner/work/Mobile-gatcha-/Mobile-gatcha-/axmol/3rdparty/openal/al/source.cpp:2148:39:
/home/runner/work/Mobile-gatcha-/Mobile-gatcha-/axmol/3rdparty/openal/core/buffer_storage.h:105:17: warning: inlining failed in call to ‘uint BufferStorage::blockSizeFromFmt() const noexcept’: --param inline-unit-growth limit reached [-Winline]
  105 |     inline uint blockSizeFromFmt() const noexcept
      |                 ^~~~~~~~~~~~~~~~
/home/runner/work/Mobile-gatcha-/Mobile-gatcha-/axmol/3rdparty/openal/al/source.cpp:411:59: note: called from here
  411 |         const ALuint BlockSize{BufferFmt->blockSizeFromFmt()};
      |                                ~~~~~~~~~~~~~~~~~~~~~~~~~~~^~
In function ‘T {anonymous}::GetSourceLength(const ALsource*, ALenum) [with T = int]’,
    inlined from ‘bool {anonymous}::GetProperty(ALsource*, ALCcontext*, SourceProp, al::span<T, 18446744073709551615>) [with T = int]’ at /home/runner/work/Mobile-gatcha-/Mobile-gatcha-/axmol/3rdparty/openal/al/source.cpp:2148:39:
/home/runner/work/Mobile-gatcha-/Mobile-gatcha-/axmol/3rdparty/openal/core/buffer_storage.h:105:17: warning: inlining failed in call to ‘uint BufferStorage::blockSizeFromFmt() const noexcept’: --param inline-unit-growth limit reached [-Winline]
  105 |     inline uint blockSizeFromFmt() const noexcept
      |                 ^~~~~~~~~~~~~~~~
/home/runner/work/Mobile-gatcha-/Mobile-gatcha-/axmol/3rdparty/openal/al/source.cpp:411:59: note: called from here
  411 |         const ALuint BlockSize{BufferFmt->blockSizeFromFmt()};
      |                                ~~~~~~~~~~~~~~~~~~~~~~~~~~~^~
In function ‘T {anonymous}::GetSourceLength(const ALsource*, ALenum) [with T = long int]’,
    inlined from ‘bool {anonymous}::GetProperty(ALsource*, ALCcontext*, SourceProp, al::span<T, 18446744073709551615>) [with T = long int]’ at /home/runner/work/Mobile-gatcha-/Mobile-gatcha-/axmol/3rdparty/openal/al/source.cpp:2148:39:
/home/runner/work/Mobile-gatcha-/Mobile-gatcha-/axmol/3rdparty/openal/core/buffer_storage.h:105:17: warning: inlining failed in call to ‘uint BufferStorage::blockSizeFromFmt() const noexcept’: --param inline-unit-growth limit reached [-Winline]
  105 |     inline uint blockSizeFromFmt() const noexcept
      |                 ^~~~~~~~~~~~~~~~
/home/runner/work/Mobile-gatcha-/Mobile-gatcha-/axmol/3rdparty/openal/al/source.cpp:411:59: note: called from here
  411 |         const ALuint BlockSize{BufferFmt->blockSizeFromFmt()};
      |                                ~~~~~~~~~~~~~~~~~~~~~~~~~~~^~
[ 40%] Building CXX object engine/3rdparty/bullet/CMakeFiles/bullet.dir/BulletDynamics/Featherstone/btMultiBodyFixedConstraint.cpp.o
At global scope:
cc1plus: note: unrecognized command-line option ‘-Wno-c++20-attribute-extensions’ may have been intended to silence earlier diagnostics
[ 40%] Building CXX object engine/3rdparty/bullet/CMakeFiles/bullet.dir/BulletDynamics/Featherstone/btMultiBodyGearConstraint.cpp.o
[ 40%] Building CXX object engine/3rdparty/bullet/CMakeFiles/bullet.dir/BulletDynamics/Featherstone/btMultiBodyJointLimitConstraint.cpp.o
[ 40%] Building CXX object engine/3rdparty/openal/CMakeFiles/OpenAL.dir/alc/alu.cpp.o
[ 40%] Building CXX object engine/3rdparty/openal/CMakeFiles/OpenAL.dir/alc/alconfig.cpp.o
[ 40%] Building CXX object engine/3rdparty/bullet/CMakeFiles/bullet.dir/BulletDynamics/Featherstone/btMultiBodyJointMotor.cpp.o
[ 40%] Building CXX object engine/3rdparty/bullet/CMakeFiles/bullet.dir/BulletDynamics/Featherstone/btMultiBodyMLCPConstraintSolver.cpp.o
[ 40%] Building CXX object engine/3rdparty/bullet/CMakeFiles/bullet.dir/BulletDynamics/Featherstone/btMultiBodyPoint2Point.cpp.o
[ 40%] Building CXX object engine/3rdparty/bullet/CMakeFiles/bullet.dir/BulletDynamics/Featherstone/btMultiBodySliderConstraint.cpp.o
[ 40%] Building CXX object engine/3rdparty/openal/CMakeFiles/OpenAL.dir/alc/context.cpp.o
[ 40%] Building CXX object engine/3rdparty/openal/CMakeFiles/OpenAL.dir/alc/device.cpp.o
[ 40%] Building CXX object engine/3rdparty/bullet/CMakeFiles/bullet.dir/BulletDynamics/Featherstone/btMultiBodySphericalJointLimit.cpp.o
[ 40%] Building CXX object engine/3rdparty/bullet/CMakeFiles/bullet.dir/BulletDynamics/Featherstone/btMultiBodySphericalJointMotor.cpp.o
[ 40%] Building CXX object engine/3rdparty/openal/CMakeFiles/OpenAL.dir/alc/effects/autowah.cpp.o
[ 40%] Building CXX object engine/3rdparty/bullet/CMakeFiles/bullet.dir/BulletDynamics/MLCPSolvers/btDantzigLCP.cpp.o
[ 40%] Building CXX object engine/3rdparty/bullet/CMakeFiles/bullet.dir/BulletDynamics/MLCPSolvers/btLemkeAlgorithm.cpp.o
[ 40%] Building CXX object engine/3rdparty/bullet/CMakeFiles/bullet.dir/BulletDynamics/MLCPSolvers/btMLCPSolver.cpp.o
[ 40%] Building CXX object engine/3rdparty/openal/CMakeFiles/OpenAL.dir/alc/effects/chorus.cpp.o
[ 40%] Building CXX object engine/3rdparty/openal/CMakeFiles/OpenAL.dir/alc/effects/compressor.cpp.o
[ 40%] Building CXX object engine/3rdparty/openal/CMakeFiles/OpenAL.dir/alc/effects/convolution.cpp.o
[ 41%] Building CXX object engine/3rdparty/bullet/CMakeFiles/bullet.dir/BulletDynamics/Vehicle/btRaycastVehicle.cpp.o
[ 41%] Building CXX object engine/3rdparty/bullet/CMakeFiles/bullet.dir/BulletDynamics/Vehicle/btWheelInfo.cpp.o
[ 42%] Building CXX object engine/3rdparty/openal/CMakeFiles/OpenAL.dir/alc/effects/dedicated.cpp.o
[ 42%] Building CXX object engine/3rdparty/openal/CMakeFiles/OpenAL.dir/alc/effects/distortion.cpp.o
[ 42%] Building CXX object engine/3rdparty/bullet/CMakeFiles/bullet.dir/LinearMath/TaskScheduler/btTaskScheduler.cpp.o
[ 42%] Building CXX object engine/3rdparty/bullet/CMakeFiles/bullet.dir/LinearMath/TaskScheduler/btThreadSupportPosix.cpp.o
[ 42%] Building CXX object engine/3rdparty/bullet/CMakeFiles/bullet.dir/LinearMath/TaskScheduler/btThreadSupportWin32.cpp.o
[ 42%] Building CXX object engine/3rdparty/bullet/CMakeFiles/bullet.dir/LinearMath/btAlignedAllocator.cpp.o
[ 42%] Building CXX object engine/3rdparty/bullet/CMakeFiles/bullet.dir/LinearMath/btConvexHull.cpp.o
[ 42%] Building CXX object engine/3rdparty/openal/CMakeFiles/OpenAL.dir/alc/effects/echo.cpp.o
[ 42%] Building CXX object engine/3rdparty/openal/CMakeFiles/OpenAL.dir/alc/effects/equalizer.cpp.o
[ 42%] Building CXX object engine/3rdparty/openal/CMakeFiles/OpenAL.dir/alc/effects/fshifter.cpp.o
[ 42%] Building CXX object engine/3rdparty/bullet/CMakeFiles/bullet.dir/LinearMath/btConvexHullComputer.cpp.o
[ 42%] Building CXX object engine/3rdparty/openal/CMakeFiles/OpenAL.dir/alc/effects/modulator.cpp.o
[ 42%] Building CXX object engine/3rdparty/bullet/CMakeFiles/bullet.dir/LinearMath/btGeometryUtil.cpp.o
[ 42%] Building CXX object engine/3rdparty/bullet/CMakeFiles/bullet.dir/LinearMath/btPolarDecomposition.cpp.o
[ 42%] Building CXX object engine/3rdparty/bullet/CMakeFiles/bullet.dir/LinearMath/btQuickprof.cpp.o
[ 42%] Building CXX object engine/3rdparty/openal/CMakeFiles/OpenAL.dir/alc/effects/null.cpp.o
[ 42%] Building CXX object engine/3rdparty/openal/CMakeFiles/OpenAL.dir/alc/effects/pshifter.cpp.o
[ 42%] Building CXX object engine/3rdparty/bullet/CMakeFiles/bullet.dir/LinearMath/btReducedVector.cpp.o
[ 42%] Building CXX object engine/3rdparty/openal/CMakeFiles/OpenAL.dir/alc/effects/reverb.cpp.o
[ 42%] Building CXX object engine/3rdparty/openal/CMakeFiles/OpenAL.dir/alc/effects/vmorpher.cpp.o
[ 42%] Building CXX object engine/3rdparty/bullet/CMakeFiles/bullet.dir/LinearMath/btSerializer.cpp.o
[ 42%] Building CXX object engine/3rdparty/bullet/CMakeFiles/bullet.dir/LinearMath/btSerializer64.cpp.o
[ 42%] Building CXX object engine/3rdparty/openal/CMakeFiles/OpenAL.dir/alc/events.cpp.o
[ 42%] Building CXX object engine/3rdparty/bullet/CMakeFiles/bullet.dir/LinearMath/btThreads.cpp.o
[ 42%] Building CXX object engine/3rdparty/bullet/CMakeFiles/bullet.dir/LinearMath/btVector3.cpp.o
[ 43%] Linking CXX static library ../../../lib/libbullet.a
[ 43%] Building CXX object engine/3rdparty/openal/CMakeFiles/OpenAL.dir/alc/panning.cpp.o
[ 43%] Built target bullet
[ 43%] Building CXX object engine/3rdparty/openal/CMakeFiles/OpenAL.dir/alc/backends/base.cpp.o
[ 43%] Building CXX object engine/3rdparty/openal/CMakeFiles/OpenAL.dir/alc/backends/loopback.cpp.o
[ 43%] Building CXX object engine/3rdparty/openal/CMakeFiles/OpenAL.dir/alc/backends/null.cpp.o
[ 43%] Building CXX object engine/3rdparty/openal/CMakeFiles/OpenAL.dir/alc/backends/alsa.cpp.o
[ 44%] Building CXX object engine/3rdparty/openal/CMakeFiles/OpenAL.dir/alc/backends/oss.cpp.o
/home/runner/work/Mobile-gatcha-/Mobile-gatcha-/axmol/3rdparty/openal/alc/backends/alsa.cpp: In function ‘int {anonymous}::verify_state(snd_pcm_t*)’:
/home/runner/work/Mobile-gatcha-/Mobile-gatcha-/axmol/3rdparty/openal/alc/backends/alsa.cpp:396:11: warning: enumeration value ‘SND_PCM_STATE_PRIVATE1’ not handled in switch [-Wswitch]
  396 |     switch(state)
      |           ^
[ 44%] Building CXX object engine/3rdparty/openal/CMakeFiles/OpenAL.dir/alc/backends/wave.cpp.o
[ 44%] Building CXX object engine/3rdparty/openal/CMakeFiles/OpenAL.dir/core/ambdec.cpp.o
[ 44%] Building CXX object engine/3rdparty/openal/CMakeFiles/OpenAL.dir/core/ambidefs.cpp.o
At global scope:
cc1plus: note: unrecognized command-line option ‘-Wno-c++20-attribute-extensions’ may have been intended to silence earlier diagnostics
[ 44%] Building CXX object engine/3rdparty/openal/CMakeFiles/OpenAL.dir/core/bformatdec.cpp.o
[ 44%] Building CXX object engine/3rdparty/openal/CMakeFiles/OpenAL.dir/core/bs2b.cpp.o
[ 44%] Building CXX object engine/3rdparty/openal/CMakeFiles/OpenAL.dir/core/bsinc_tables.cpp.o
[ 44%] Building CXX object engine/3rdparty/openal/CMakeFiles/OpenAL.dir/core/buffer_storage.cpp.o
/home/runner/work/Mobile-gatcha-/Mobile-gatcha-/axmol/3rdparty/openal/core/bformatdec.cpp: In lambda function:
/home/runner/work/Mobile-gatcha-/Mobile-gatcha-/axmol/3rdparty/openal/core/bformatdec.cpp:70:28: warning: implicit capture of ‘this’ via ‘[=]’ is deprecated in C++20 [-Wdeprecated]
   70 |     auto decode_dualband = [=](std::vector<ChannelDecoderDual> &decoder)
      |                            ^
/home/runner/work/Mobile-gatcha-/Mobile-gatcha-/axmol/3rdparty/openal/core/bformatdec.cpp:70:28: note: add explicit ‘this’ or ‘*this’ capture
[ 44%] Building CXX object engine/3rdparty/openal/CMakeFiles/OpenAL.dir/core/context.cpp.o
[ 44%] Building CXX object engine/3rdparty/openal/CMakeFiles/OpenAL.dir/core/converter.cpp.o
[ 44%] Building CXX object engine/3rdparty/openal/CMakeFiles/OpenAL.dir/core/cpu_caps.cpp.o
At global scope:
cc1plus: note: unrecognized command-line option ‘-Wno-c++20-attribute-extensions’ may have been intended to silence earlier diagnostics
[ 44%] Building CXX object engine/3rdparty/openal/CMakeFiles/OpenAL.dir/core/cubic_tables.cpp.o
[ 44%] Building CXX object engine/3rdparty/openal/CMakeFiles/OpenAL.dir/core/devformat.cpp.o
[ 44%] Building CXX object engine/3rdparty/openal/CMakeFiles/OpenAL.dir/core/device.cpp.o
[ 44%] Building CXX object engine/3rdparty/openal/CMakeFiles/OpenAL.dir/core/effectslot.cpp.o
[ 44%] Building CXX object engine/3rdparty/openal/CMakeFiles/OpenAL.dir/core/except.cpp.o
[ 45%] Building CXX object engine/3rdparty/openal/CMakeFiles/OpenAL.dir/core/filters/biquad.cpp.o
[ 45%] Building CXX object engine/3rdparty/openal/CMakeFiles/OpenAL.dir/core/filters/nfc.cpp.o
[ 45%] Building CXX object engine/3rdparty/openal/CMakeFiles/OpenAL.dir/core/filters/splitter.cpp.o
[ 45%] Building CXX object engine/3rdparty/openal/CMakeFiles/OpenAL.dir/core/fmt_traits.cpp.o
[ 45%] Building CXX object engine/3rdparty/openal/CMakeFiles/OpenAL.dir/core/fpu_ctrl.cpp.o
[ 45%] Building CXX object engine/3rdparty/openal/CMakeFiles/OpenAL.dir/core/helpers.cpp.o
[ 45%] Building CXX object engine/3rdparty/openal/CMakeFiles/OpenAL.dir/core/hrtf.cpp.o
[ 45%] Building CXX object engine/3rdparty/openal/CMakeFiles/OpenAL.dir/core/logging.cpp.o
[ 45%] Building CXX object engine/3rdparty/openal/CMakeFiles/OpenAL.dir/core/mastering.cpp.o
[ 45%] Building CXX object engine/3rdparty/openal/CMakeFiles/OpenAL.dir/core/mixer.cpp.o
[ 45%] Building CXX object engine/3rdparty/openal/CMakeFiles/OpenAL.dir/core/uhjfilter.cpp.o
[ 45%] Building CXX object engine/3rdparty/openal/CMakeFiles/OpenAL.dir/core/uiddefs.cpp.o
[ 45%] Building CXX object engine/3rdparty/openal/CMakeFiles/OpenAL.dir/core/voice.cpp.o
[ 45%] Building CXX object engine/3rdparty/openal/CMakeFiles/OpenAL.dir/core/dbus_wrap.cpp.o
[ 45%] Building CXX object engine/3rdparty/openal/CMakeFiles/OpenAL.dir/core/rtkit.cpp.o
[ 45%] Building CXX object engine/3rdparty/openal/CMakeFiles/OpenAL.dir/core/mixer/mixer_c.cpp.o
[ 46%] Building CXX object engine/3rdparty/openal/CMakeFiles/OpenAL.dir/core/mixer/mixer_sse.cpp.o
[ 46%] Building CXX object engine/3rdparty/openal/CMakeFiles/OpenAL.dir/core/mixer/mixer_sse2.cpp.o
[ 46%] Building CXX object engine/3rdparty/openal/CMakeFiles/OpenAL.dir/core/mixer/mixer_sse3.cpp.o
[ 46%] Building CXX object engine/3rdparty/openal/CMakeFiles/OpenAL.dir/core/mixer/mixer_sse41.cpp.o
[ 46%] Linking CXX shared library ../../../lib/libopenal.so
[ 46%] Built target OpenAL
[ 46%] Compiling shader /home/runner/work/Mobile-gatcha-/Mobile-gatcha-/axmol/core/renderer/shaders/videoTextureYUY2.frag for GLSL330 ...
[ 46%] Compiling shader /home/runner/work/Mobile-gatcha-/Mobile-gatcha-/axmol/core/renderer/shaders/cameraClear.frag for GLSL330 ...
[ 46%] Compiling shader /home/runner/work/Mobile-gatcha-/Mobile-gatcha-/axmol/core/renderer/shaders/cameraClear.vert for GLSL330 ...
[ 46%] Compiling shader /home/runner/work/Mobile-gatcha-/Mobile-gatcha-/axmol/core/renderer/shaders/colorNormalTexture.frag for GLSL330 ...
[ 46%] Compiling shader /home/runner/work/Mobile-gatcha-/Mobile-gatcha-/axmol/core/renderer/shaders/colorNormal.frag for GLSL330 ...
[ 46%] Compiling shader /home/runner/work/Mobile-gatcha-/Mobile-gatcha-/axmol/core/renderer/shaders/colorTexture.frag for GLSL330 ...
[ 46%] Compiling shader /home/runner/work/Mobile-gatcha-/Mobile-gatcha-/axmol/core/renderer/shaders/color.frag for GLSL330 ...
[ 46%] Compiling shader /home/runner/work/Mobile-gatcha-/Mobile-gatcha-/axmol/core/renderer/shaders/dualSampler.frag for GLSL330 ...
[ 46%] Compiling shader /home/runner/work/Mobile-gatcha-/Mobile-gatcha-/axmol/core/renderer/shaders/dualSampler_gray.frag for GLSL330 ...
[ 46%] Compiling shader /home/runner/work/Mobile-gatcha-/Mobile-gatcha-/axmol/core/renderer/shaders/dualSampler_hsv.frag for GLSL330 ...
[ 46%] Compiling shader /home/runner/work/Mobile-gatcha-/Mobile-gatcha-/axmol/core/renderer/shaders/grayScale.frag for GLSL330 ...
[ 47%] Compiling shader /home/runner/work/Mobile-gatcha-/Mobile-gatcha-/axmol/core/renderer/shaders/hsv.frag for GLSL330 ...
[ 47%] Compiling shader /home/runner/work/Mobile-gatcha-/Mobile-gatcha-/axmol/core/renderer/shaders/label_distanceGlow.frag for GLSL330 ...
[ 47%] Compiling shader /home/runner/work/Mobile-gatcha-/Mobile-gatcha-/axmol/core/renderer/shaders/label_distanceNormal.frag for GLSL330 ...
[ 47%] Compiling shader /home/runner/work/Mobile-gatcha-/Mobile-gatcha-/axmol/core/renderer/shaders/label_distanceOutline.frag for GLSL330 ...
[ 47%] Compiling shader /home/runner/work/Mobile-gatcha-/Mobile-gatcha-/axmol/core/renderer/shaders/label_normal.frag for GLSL330 ...
[ 47%] Compiling shader /home/runner/work/Mobile-gatcha-/Mobile-gatcha-/axmol/core/renderer/shaders/label_outline.frag for GLSL330 ...
[ 47%] Compiling shader /home/runner/work/Mobile-gatcha-/Mobile-gatcha-/axmol/core/renderer/shaders/layer_radialGradient.frag for GLSL330 ...
[ 47%] Compiling shader /home/runner/work/Mobile-gatcha-/Mobile-gatcha-/axmol/core/renderer/shaders/lineColor.frag for GLSL330 ...
[ 47%] Compiling shader /home/runner/work/Mobile-gatcha-/Mobile-gatcha-/axmol/core/renderer/shaders/lineColor.vert for GLSL330 ...
[ 47%] Compiling shader /home/runner/work/Mobile-gatcha-/Mobile-gatcha-/axmol/core/renderer/shaders/particleColor.frag for GLSL330 ...
[ 47%] Compiling shader /home/runner/work/Mobile-gatcha-/Mobile-gatcha-/axmol/core/renderer/shaders/particleTexture.frag for GLSL330 ...
[ 47%] Compiling shader /home/runner/work/Mobile-gatcha-/Mobile-gatcha-/axmol/core/renderer/shaders/particle.vert for GLSL330 ...
[ 47%] Compiling shader /home/runner/work/Mobile-gatcha-/Mobile-gatcha-/axmol/core/renderer/shaders/positionColorLengthTexture.frag for GLSL330 ...
[ 47%] Compiling shader /home/runner/work/Mobile-gatcha-/Mobile-gatcha-/axmol/core/renderer/shaders/positionColorLengthTexture.vert for GLSL330 ...
[ 48%] Compiling shader /home/runner/work/Mobile-gatcha-/Mobile-gatcha-/axmol/core/renderer/shaders/positionColorTextureAsPointsize.vert for GLSL330 ...
[ 48%] Compiling shader /home/runner/work/Mobile-gatcha-/Mobile-gatcha-/axmol/core/renderer/shaders/positionColor.frag for GLSL330 ...
[ 48%] Compiling shader /home/runner/work/Mobile-gatcha-/Mobile-gatcha-/axmol/core/renderer/shaders/positionNormalTexture.vert for GLSL330 ...
[ 48%] Compiling shader /home/runner/work/Mobile-gatcha-/Mobile-gatcha-/axmol/core/renderer/shaders/positionColor.vert for GLSL330 ...
[ 48%] Compiling shader /home/runner/work/Mobile-gatcha-/Mobile-gatcha-/axmol/core/renderer/shaders/positionTextureColorAlphaTest.frag for GLSL330 ...
[ 48%] Compiling shader /home/runner/work/Mobile-gatcha-/Mobile-gatcha-/axmol/core/renderer/shaders/positionTexture3D.vert for GLSL330 ...
[ 48%] Compiling shader /home/runner/work/Mobile-gatcha-/Mobile-gatcha-/axmol/core/renderer/shaders/positionTextureColor.frag for GLSL330 ...
[ 48%] Compiling shader /home/runner/work/Mobile-gatcha-/Mobile-gatcha-/axmol/core/renderer/shaders/positionTextureInstance.vert for GLSL330 ...
[ 48%] Compiling shader /home/runner/work/Mobile-gatcha-/Mobile-gatcha-/axmol/core/renderer/shaders/positionTextureColor.vert for GLSL330 ...
[ 48%] Compiling shader /home/runner/work/Mobile-gatcha-/Mobile-gatcha-/axmol/core/renderer/shaders/positionTexture.frag for GLSL330 ...
[ 48%] Compiling shader /home/runner/work/Mobile-gatcha-/Mobile-gatcha-/axmol/core/renderer/shaders/positionTexture.vert for GLSL330 ...
[ 48%] Compiling shader /home/runner/work/Mobile-gatcha-/Mobile-gatcha-/axmol/core/renderer/shaders/positionUColor.vert for GLSL330 ...
[ 48%] Compiling shader /home/runner/work/Mobile-gatcha-/Mobile-gatcha-/axmol/core/renderer/shaders/position.vert for GLSL330 ...
[ 48%] Compiling shader /home/runner/work/Mobile-gatcha-/Mobile-gatcha-/axmol/core/renderer/shaders/quadColor.frag for GLSL330 ...
[ 48%] Compiling shader /home/runner/work/Mobile-gatcha-/Mobile-gatcha-/axmol/core/renderer/shaders/quadColor.vert for GLSL330 ...
[ 48%] Compiling shader /home/runner/work/Mobile-gatcha-/Mobile-gatcha-/axmol/core/renderer/shaders/quadTexture.frag for GLSL330 ...
[ 48%] Compiling shader /home/runner/work/Mobile-gatcha-/Mobile-gatcha-/axmol/core/renderer/shaders/quadTexture.vert for GLSL330 ...
[ 48%] Compiling shader /home/runner/work/Mobile-gatcha-/Mobile-gatcha-/axmol/core/renderer/shaders/skinPositionNormalTexture.vert for GLSL330 ...
[ 48%] Compiling shader /home/runner/work/Mobile-gatcha-/Mobile-gatcha-/axmol/core/renderer/shaders/skinPositionTexture.vert for GLSL330 ...
[ 49%] Compiling shader /home/runner/work/Mobile-gatcha-/Mobile-gatcha-/axmol/core/renderer/shaders/skybox.frag for GLSL330 ...
[ 49%] Compiling shader /home/runner/work/Mobile-gatcha-/Mobile-gatcha-/axmol/core/renderer/shaders/skybox.vert for GLSL330 ...
[ 49%] Compiling shader /home/runner/work/Mobile-gatcha-/Mobile-gatcha-/axmol/core/renderer/shaders/terrain.frag for GLSL330 ...
[ 49%] Compiling shader /home/runner/work/Mobile-gatcha-/Mobile-gatcha-/axmol/core/renderer/shaders/terrain.vert for GLSL330 ...
[ 49%] Compiling shader /home/runner/work/Mobile-gatcha-/Mobile-gatcha-/axmol/core/renderer/shaders/videoTextureBGRA.frag for GLSL330 ...
[ 49%] Compiling shader /home/runner/work/Mobile-gatcha-/Mobile-gatcha-/axmol/core/renderer/shaders/videoTextureNV12.frag for GLSL330 ...
[ 49%] Compiling shader /home/runner/work/Mobile-gatcha-/Mobile-gatcha-/axmol/core/renderer/shaders/videoTextureI420.frag for GLSL330 ...
[ 49%] Building CXX object engine/axmol/core/CMakeFiles/axmol.dir/cmake_pch.hxx.gch
[ 49%] Building CXX object engine/axmol/core/CMakeFiles/axmol.dir/axmol.cpp.o
[ 49%] Building CXX object engine/axmol/core/CMakeFiles/axmol.dir/2d/ActionCamera.cpp.o
[ 49%] Building CXX object engine/axmol/core/CMakeFiles/axmol.dir/2d/ActionCatmullRom.cpp.o
[ 49%] Building CXX object engine/axmol/core/CMakeFiles/axmol.dir/2d/Action.cpp.o
[ 49%] Building CXX object engine/axmol/core/CMakeFiles/axmol.dir/2d/ActionEase.cpp.o
[ 49%] Building CXX object engine/axmol/core/CMakeFiles/axmol.dir/2d/ActionGrid3D.cpp.o
[ 49%] Building CXX object engine/axmol/core/CMakeFiles/axmol.dir/2d/ActionGrid.cpp.o
[ 50%] Building CXX object engine/axmol/core/CMakeFiles/axmol.dir/2d/ActionInstant.cpp.o
[ 50%] Building CXX object engine/axmol/core/CMakeFiles/axmol.dir/2d/ActionInterval.cpp.o
[ 50%] Building CXX object engine/axmol/core/CMakeFiles/axmol.dir/2d/ActionManager.cpp.o
[ 50%] Building CXX object engine/axmol/core/CMakeFiles/axmol.dir/2d/ActionPageTurn3D.cpp.o
[ 50%] Building CXX object engine/axmol/core/CMakeFiles/axmol.dir/2d/ActionProgressTimer.cpp.o
[ 50%] Building CXX object engine/axmol/core/CMakeFiles/axmol.dir/2d/ActionTiledGrid.cpp.o
[ 50%] Building CXX object engine/axmol/core/CMakeFiles/axmol.dir/2d/ActionTween.cpp.o
[ 50%] Building CXX object engine/axmol/core/CMakeFiles/axmol.dir/2d/AnimationCache.cpp.o
[ 50%] Building CXX object engine/axmol/core/CMakeFiles/axmol.dir/2d/Animation.cpp.o
[ 50%] Building CXX object engine/axmol/core/CMakeFiles/axmol.dir/2d/AtlasNode.cpp.o
[ 50%] Building CXX object engine/axmol/core/CMakeFiles/axmol.dir/2d/Camera.cpp.o
[ 50%] Building CXX object engine/axmol/core/CMakeFiles/axmol.dir/2d/CameraBackgroundBrush.cpp.o
[ 50%] Building CXX object engine/axmol/core/CMakeFiles/axmol.dir/2d/ClippingNode.cpp.o
[ 50%] Building CXX object engine/axmol/core/CMakeFiles/axmol.dir/2d/ClippingRectangleNode.cpp.o
[ 50%] Building CXX object engine/axmol/core/CMakeFiles/axmol.dir/2d/ComponentContainer.cpp.o
[ 50%] Building CXX object engine/axmol/core/CMakeFiles/axmol.dir/2d/Component.cpp.o
[ 51%] Building CXX object engine/axmol/core/CMakeFiles/axmol.dir/2d/DrawNode.cpp.o
[ 51%] Building CXX object engine/axmol/core/CMakeFiles/axmol.dir/2d/FastTMXLayer.cpp.o
[ 51%] Building CXX object engine/axmol/core/CMakeFiles/axmol.dir/2d/FastTMXTiledMap.cpp.o
[ 51%] Building CXX object engine/axmol/core/CMakeFiles/axmol.dir/2d/FontAtlasCache.cpp.o
[ 51%] Building CXX object engine/axmol/core/CMakeFiles/axmol.dir/2d/FontAtlas.cpp.o
[ 51%] Building CXX object engine/axmol/core/CMakeFiles/axmol.dir/2d/FontCharMap.cpp.o
[ 51%] Building CXX object engine/axmol/core/CMakeFiles/axmol.dir/2d/Font.cpp.o
[ 51%] Building CXX object engine/axmol/core/CMakeFiles/axmol.dir/2d/FontFNT.cpp.o
[ 51%] Building CXX object engine/axmol/core/CMakeFiles/axmol.dir/2d/FontFreeType.cpp.o
[ 51%] Building CXX object engine/axmol/core/CMakeFiles/axmol.dir/2d/Grid.cpp.o
[ 51%] Building CXX object engine/axmol/core/CMakeFiles/axmol.dir/2d/LabelAtlas.cpp.o
[ 51%] Building CXX object engine/axmol/core/CMakeFiles/axmol.dir/2d/Label.cpp.o
[ 51%] Building CXX object engine/axmol/core/CMakeFiles/axmol.dir/2d/Layer.cpp.o
In file included from /home/runner/work/Mobile-gatcha-/Mobile-gatcha-/axmol/core/base/Director.h:37,
                 from /home/runner/work/Mobile-gatcha-/Mobile-gatcha-/axmol/core/base/AsyncTaskPool.h:29,
                 from /home/runner/work/Mobile-gatcha-/Mobile-gatcha-/axmol/core/axmol.h:41,
                 from /home/runner/work/Mobile-gatcha-/Mobile-gatcha-/build/engine/axmol/core/CMakeFiles/axmol.dir/cmake_pch.hxx:5,
                 from <command-line>:
In member function ‘void ax::Vector<T>::replace(ssize_t, T) [with T = ax::Node*]’,
    inlined from ‘void ax::LayerMultiplex::switchToAndReleaseMe(int)’ at /home/runner/work/Mobile-gatcha-/Mobile-gatcha-/axmol/core/2d/Layer.cpp:745:20:
/home/runner/work/Mobile-gatcha-/Mobile-gatcha-/axmol/core/base/Vector.h:458:23: warning: ‘this’ pointer is null [-Wnonnull]
  458 |         object->retain();
      |         ~~~~~~~~~~~~~~^~
In file included from /home/runner/work/Mobile-gatcha-/Mobile-gatcha-/axmol/core/base/Director.h:36:
/home/runner/work/Mobile-gatcha-/Mobile-gatcha-/axmol/core/base/Object.h: In member function ‘void ax::LayerMultiplex::switchToAndReleaseMe(int)’:
/home/runner/work/Mobile-gatcha-/Mobile-gatcha-/axmol/core/base/Object.h:74:10: note: in a call to non-static member function ‘void ax::Object::retain()’
   74 |     void retain();
      |          ^~~~~~
[ 51%] Building CXX object engine/axmol/core/CMakeFiles/axmol.dir/2d/Light.cpp.o
[ 51%] Building CXX object engine/axmol/core/CMakeFiles/axmol.dir/2d/Menu.cpp.o
[ 51%] Building CXX object engine/axmol/core/CMakeFiles/axmol.dir/2d/MenuItem.cpp.o
[ 51%] Building CXX object engine/axmol/core/CMakeFiles/axmol.dir/2d/MotionStreak.cpp.o
[ 52%] Building CXX object engine/axmol/core/CMakeFiles/axmol.dir/2d/Node.cpp.o
[ 52%] Building CXX object engine/axmol/core/CMakeFiles/axmol.dir/2d/NodeGrid.cpp.o
[ 52%] Building CXX object engine/axmol/core/CMakeFiles/axmol.dir/2d/ParallaxNode.cpp.o
[ 52%] Building CXX object engine/axmol/core/CMakeFiles/axmol.dir/2d/ParticleBatchNode.cpp.o
[ 52%] Building CXX object engine/axmol/core/CMakeFiles/axmol.dir/2d/ParticleExamples.cpp.o
[ 52%] Building CXX object engine/axmol/core/CMakeFiles/axmol.dir/2d/ParticleSystem.cpp.o
[ 52%] Building CXX object engine/axmol/core/CMakeFiles/axmol.dir/2d/ParticleSystemQuad.cpp.o
[ 52%] Building CXX object engine/axmol/core/CMakeFiles/axmol.dir/2d/ProgressTimer.cpp.o
[ 52%] Building CXX object engine/axmol/core/CMakeFiles/axmol.dir/2d/ProtectedNode.cpp.o
[ 52%] Building CXX object engine/axmol/core/CMakeFiles/axmol.dir/2d/RenderTexture.cpp.o
[ 52%] Building CXX object engine/axmol/core/CMakeFiles/axmol.dir/2d/Scene.cpp.o
[ 52%] Building CXX object engine/axmol/core/CMakeFiles/axmol.dir/2d/SpriteBatchNode.cpp.o
[ 52%] Building CXX object engine/axmol/core/CMakeFiles/axmol.dir/2d/Sprite.cpp.o
[ 52%] Building CXX object engine/axmol/core/CMakeFiles/axmol.dir/2d/AnchoredSprite.cpp.o
[ 52%] Building CXX object engine/axmol/core/CMakeFiles/axmol.dir/2d/SpriteFrameCache.cpp.o
[ 52%] Building CXX object engine/axmol/core/CMakeFiles/axmol.dir/2d/SpriteFrame.cpp.o
[ 53%] Building CXX object engine/axmol/core/CMakeFiles/axmol.dir/2d/AutoPolygon.cpp.o
[ 53%] Building CXX object engine/axmol/core/CMakeFiles/axmol.dir/2d/TextFieldTTF.cpp.o
[ 53%] Building CXX object engine/axmol/core/CMakeFiles/axmol.dir/2d/TileMapAtlas.cpp.o
[ 53%] Building CXX object engine/axmol/core/CMakeFiles/axmol.dir/2d/TMXObjectGroup.cpp.o
[ 53%] Building CXX object engine/axmol/core/CMakeFiles/axmol.dir/2d/TMXXMLParser.cpp.o
[ 53%] Building CXX object engine/axmol/core/CMakeFiles/axmol.dir/2d/Transition.cpp.o
[ 53%] Building CXX object engine/axmol/core/CMakeFiles/axmol.dir/2d/TransitionPageTurn.cpp.o
[ 53%] Building CXX object engine/axmol/core/CMakeFiles/axmol.dir/2d/TransitionProgress.cpp.o
[ 53%] Building CXX object engine/axmol/core/CMakeFiles/axmol.dir/2d/TweenFunction.cpp.o
[ 53%] Building CXX object engine/axmol/core/CMakeFiles/axmol.dir/2d/SpriteSheetLoader.cpp.o
[ 53%] Building CXX object engine/axmol/core/CMakeFiles/axmol.dir/2d/PlistSpriteSheetLoader.cpp.o
[ 53%] Building CXX object engine/axmol/core/CMakeFiles/axmol.dir/2d/ActionCoroutine.cpp.o
[ 53%] Building CXX object engine/axmol/core/CMakeFiles/axmol.dir/platform/linux/FileUtils-linux.cpp.o
[ 53%] Building CXX object engine/axmol/core/CMakeFiles/axmol.dir/platform/linux/Common-linux.cpp.o
[ 53%] Building CXX object engine/axmol/core/CMakeFiles/axmol.dir/platform/linux/Application-linux.cpp.o
[ 53%] Building CXX object engine/axmol/core/CMakeFiles/axmol.dir/platform/linux/Device-linux.cpp.o
[ 54%] Building CXX object engine/axmol/core/CMakeFiles/axmol.dir/platform/RenderViewImpl.cpp.o
[ 54%] Building CXX object engine/axmol/core/CMakeFiles/axmol.dir/platform/desktop/Device-desktop.cpp.o
[ 54%] Building CXX object engine/axmol/core/CMakeFiles/axmol.dir/platform/SAXParser.cpp.o
[ 54%] Building CXX object engine/axmol/core/CMakeFiles/axmol.dir/platform/RenderView.cpp.o
[ 54%] Building CXX object engine/axmol/core/CMakeFiles/axmol.dir/platform/FileUtils.cpp.o
[ 54%] Building CXX object engine/axmol/core/CMakeFiles/axmol.dir/platform/Image.cpp.o
[ 54%] Building CXX object engine/axmol/core/CMakeFiles/axmol.dir/platform/FileStream.cpp.o
[ 54%] Building CXX object engine/axmol/core/CMakeFiles/axmol.dir/platform/ApplicationBase.cpp.o
[ 54%] Building CXX object engine/axmol/core/CMakeFiles/axmol.dir/math/AffineTransform.cpp.o
[ 54%] Building CXX object engine/axmol/core/CMakeFiles/axmol.dir/math/Vertex.cpp.o
[ 54%] Building CXX object engine/axmol/core/CMakeFiles/axmol.dir/math/Mat4.cpp.o
[ 54%] Building CXX object engine/axmol/core/CMakeFiles/axmol.dir/math/MathUtil.cpp.o
[ 54%] Building CXX object engine/axmol/core/CMakeFiles/axmol.dir/math/Quaternion.cpp.o
[ 54%] Building CXX object engine/axmol/core/CMakeFiles/axmol.dir/math/TransformUtils.cpp.o
[ 54%] Building CXX object engine/axmol/core/CMakeFiles/axmol.dir/math/Vec2.cpp.o
[ 54%] Building CXX object engine/axmol/core/CMakeFiles/axmol.dir/math/Vec3.cpp.o
[ 55%] Building CXX object engine/axmol/core/CMakeFiles/axmol.dir/math/Vec4.cpp.o
[ 55%] Building CXX object engine/axmol/core/CMakeFiles/axmol.dir/math/Rect.cpp.o
[ 55%] Building CXX object engine/axmol/core/CMakeFiles/axmol.dir/math/Color.cpp.o
[ 55%] Building CXX object engine/axmol/core/CMakeFiles/axmol.dir/renderer/CallbackCommand.cpp.o
[ 55%] Building CXX object engine/axmol/core/CMakeFiles/axmol.dir/renderer/CustomCommand.cpp.o
[ 55%] Building CXX object engine/axmol/core/CMakeFiles/axmol.dir/renderer/GroupCommand.cpp.o
[ 55%] Building CXX object engine/axmol/core/CMakeFiles/axmol.dir/renderer/Material.cpp.o
[ 55%] Building CXX object engine/axmol/core/CMakeFiles/axmol.dir/renderer/MeshCommand.cpp.o
[ 55%] Building CXX object engine/axmol/core/CMakeFiles/axmol.dir/renderer/Pass.cpp.o
[ 55%] Building CXX object engine/axmol/core/CMakeFiles/axmol.dir/renderer/QuadCommand.cpp.o
[ 55%] Building CXX object engine/axmol/core/CMakeFiles/axmol.dir/renderer/RenderCommand.cpp.o
[ 55%] Building CXX object engine/axmol/core/CMakeFiles/axmol.dir/renderer/RenderState.cpp.o
[ 55%] Building CXX object engine/axmol/core/CMakeFiles/axmol.dir/renderer/Renderer.cpp.o
[ 55%] Building CXX object engine/axmol/core/CMakeFiles/axmol.dir/renderer/Technique.cpp.o
[ 55%] Building CXX object engine/axmol/core/CMakeFiles/axmol.dir/renderer/Texture2D.cpp.o
[ 55%] Building CXX object engine/axmol/core/CMakeFiles/axmol.dir/renderer/TextureAtlas.cpp.o
[ 56%] Building CXX object engine/axmol/core/CMakeFiles/axmol.dir/renderer/TextureCache.cpp.o
[ 56%] Building CXX object engine/axmol/core/CMakeFiles/axmol.dir/renderer/TextureCube.cpp.o
[ 56%] Building CXX object engine/axmol/core/CMakeFiles/axmol.dir/renderer/TrianglesCommand.cpp.o
[ 56%] Building CXX object engine/axmol/core/CMakeFiles/axmol.dir/renderer/Shaders.cpp.o
[ 56%] Building CXX object engine/axmol/core/CMakeFiles/axmol.dir/renderer/backend/ProgramManager.cpp.o
[ 56%] Building CXX object engine/axmol/core/CMakeFiles/axmol.dir/renderer/backend/ProgramStateRegistry.cpp.o
[ 56%] Building CXX object engine/axmol/core/CMakeFiles/axmol.dir/renderer/backend/CommandBuffer.cpp.o
[ 56%] Building CXX object engine/axmol/core/CMakeFiles/axmol.dir/renderer/backend/DepthStencilState.cpp.o
[ 56%] Building CXX object engine/axmol/core/CMakeFiles/axmol.dir/renderer/backend/DriverBase.cpp.o
[ 56%] Building CXX object engine/axmol/core/CMakeFiles/axmol.dir/renderer/backend/ShaderModule.cpp.o
[ 56%] Building CXX object engine/axmol/core/CMakeFiles/axmol.dir/renderer/backend/Texture.cpp.o
[ 56%] Building CXX object engine/axmol/core/CMakeFiles/axmol.dir/renderer/backend/PixelFormatUtils.cpp.o
[ 56%] Building CXX object engine/axmol/core/CMakeFiles/axmol.dir/renderer/backend/Types.cpp.o
[ 56%] Building CXX object engine/axmol/core/CMakeFiles/axmol.dir/renderer/backend/VertexLayout.cpp.o
[ 56%] Building CXX object engine/axmol/core/CMakeFiles/axmol.dir/renderer/backend/Program.cpp.o
[ 56%] Building CXX object engine/axmol/core/CMakeFiles/axmol.dir/renderer/backend/ProgramState.cpp.o
[ 57%] Building CXX object engine/axmol/core/CMakeFiles/axmol.dir/renderer/backend/ShaderCache.cpp.o
[ 57%] Building CXX object engine/axmol/core/CMakeFiles/axmol.dir/renderer/backend/RenderPassDescriptor.cpp.o
[ 57%] Building CXX object engine/axmol/core/CMakeFiles/axmol.dir/renderer/backend/opengl/OpenGLState.cpp.o
[ 57%] Building CXX object engine/axmol/core/CMakeFiles/axmol.dir/renderer/backend/opengl/BufferGL.cpp.o
[ 57%] Building CXX object engine/axmol/core/CMakeFiles/axmol.dir/renderer/backend/opengl/CommandBufferGL.cpp.o
[ 57%] Building CXX object engine/axmol/core/CMakeFiles/axmol.dir/renderer/backend/opengl/CommandBufferGLES2.cpp.o
[ 57%] Building CXX object engine/axmol/core/CMakeFiles/axmol.dir/renderer/backend/opengl/DepthStencilStateGL.cpp.o
[ 57%] Building CXX object engine/axmol/core/CMakeFiles/axmol.dir/renderer/backend/opengl/DriverGL.cpp.o
[ 57%] Building CXX object engine/axmol/core/CMakeFiles/axmol.dir/renderer/backend/opengl/ProgramGL.cpp.o
[ 57%] Building CXX object engine/axmol/core/CMakeFiles/axmol.dir/renderer/backend/opengl/RenderPipelineGL.cpp.o
[ 57%] Building CXX object engine/axmol/core/CMakeFiles/axmol.dir/renderer/backend/opengl/ShaderModuleGL.cpp.o
[ 57%] Building CXX object engine/axmol/core/CMakeFiles/axmol.dir/renderer/backend/opengl/TextureGL.cpp.o
[ 57%] Building CXX object engine/axmol/core/CMakeFiles/axmol.dir/renderer/backend/opengl/UtilsGL.cpp.o
[ 57%] Building CXX object engine/axmol/core/CMakeFiles/axmol.dir/renderer/backend/opengl/RenderTargetGL.cpp.o
[ 57%] Building CXX object engine/axmol/core/CMakeFiles/axmol.dir/base/JobSystem.cpp.o
[ 57%] Building CXX object engine/axmol/core/CMakeFiles/axmol.dir/base/AutoreleasePool.cpp.o
[ 58%] Building CXX object engine/axmol/core/CMakeFiles/axmol.dir/base/Configuration.cpp.o
[ 58%] Building CXX object engine/axmol/core/CMakeFiles/axmol.dir/base/Logging.cpp.o
/home/runner/work/Mobile-gatcha-/Mobile-gatcha-/axmol/core/base/Logging.cpp: In function ‘void ax::writeLog(LogItem&, const char*)’:
/home/runner/work/Mobile-gatcha-/Mobile-gatcha-/axmol/core/base/Logging.cpp:230:12: warning: ignoring return value of ‘ssize_t write(int, const void*, size_t)’ declared with attribute ‘warn_unused_result’ [-Wunused-result]
  230 |     ::write(outfd, item.qualified_message_.c_str(), item.qualified_message_.size());
      |     ~~~~~~~^~~~~~~~~~~~~~~~~~~~~~~~~~~~~~~~~~~~~~~~~~~~~~~~~~~~~~~~~~~~~~~~~~~~~~~~
[ 58%] Building CXX object engine/axmol/core/CMakeFiles/axmol.dir/base/Controller.cpp.o
[ 58%] Building CXX object engine/axmol/core/CMakeFiles/axmol.dir/base/Data.cpp.o
[ 58%] Building CXX object engine/axmol/core/CMakeFiles/axmol.dir/base/NinePatchImageParser.cpp.o
[ 58%] Building CXX object engine/axmol/core/CMakeFiles/axmol.dir/base/Director.cpp.o
[ 58%] Building CXX object engine/axmol/core/CMakeFiles/axmol.dir/base/Event.cpp.o
[ 58%] Building CXX object engine/axmol/core/CMakeFiles/axmol.dir/base/EventAcceleration.cpp.o
[ 58%] Building CXX object engine/axmol/core/CMakeFiles/axmol.dir/base/EventController.cpp.o
[ 58%] Building CXX object engine/axmol/core/CMakeFiles/axmol.dir/base/EventCustom.cpp.o
[ 58%] Building CXX object engine/axmol/core/CMakeFiles/axmol.dir/base/EventDispatcher.cpp.o
[ 58%] Building CXX object engine/axmol/core/CMakeFiles/axmol.dir/base/EventFocus.cpp.o
[ 58%] Building CXX object engine/axmol/core/CMakeFiles/axmol.dir/base/EventKeyboard.cpp.o
[ 58%] Building CXX object engine/axmol/core/CMakeFiles/axmol.dir/base/EventListener.cpp.o
[ 58%] Building CXX object engine/axmol/core/CMakeFiles/axmol.dir/base/EventListenerAcceleration.cpp.o
[ 58%] Building CXX object engine/axmol/core/CMakeFiles/axmol.dir/base/EventListenerController.cpp.o
[ 58%] Building CXX object engine/axmol/core/CMakeFiles/axmol.dir/base/EventListenerCustom.cpp.o
[ 60%] Building CXX object engine/axmol/core/CMakeFiles/axmol.dir/base/EventListenerFocus.cpp.o
[ 60%] Building CXX object engine/axmol/core/CMakeFiles/axmol.dir/base/EventListenerKeyboard.cpp.o
[ 60%] Building CXX object engine/axmol/core/CMakeFiles/axmol.dir/base/EventListenerMouse.cpp.o
[ 60%] Building CXX object engine/axmol/core/CMakeFiles/axmol.dir/base/EventListenerTouch.cpp.o
[ 60%] Building CXX object engine/axmol/core/CMakeFiles/axmol.dir/base/EventMouse.cpp.o
[ 60%] Building CXX object engine/axmol/core/CMakeFiles/axmol.dir/base/EventTouch.cpp.o
[ 60%] Building CXX object engine/axmol/core/CMakeFiles/axmol.dir/base/IMEDispatcher.cpp.o
[ 60%] Building CXX object engine/axmol/core/CMakeFiles/axmol.dir/base/NS.cpp.o
[ 60%] Building CXX object engine/axmol/core/CMakeFiles/axmol.dir/base/Profiling.cpp.o
[ 60%] Building CXX object engine/axmol/core/CMakeFiles/axmol.dir/base/Properties.cpp.o
[ 60%] Building CXX object engine/axmol/core/CMakeFiles/axmol.dir/base/Object.cpp.o
[ 60%] Building CXX object engine/axmol/core/CMakeFiles/axmol.dir/base/Scheduler.cpp.o
[ 60%] Building CXX object engine/axmol/core/CMakeFiles/axmol.dir/base/ScriptSupport.cpp.o
[ 60%] Building CXX object engine/axmol/core/CMakeFiles/axmol.dir/base/Touch.cpp.o
[ 60%] Building CXX object engine/axmol/core/CMakeFiles/axmol.dir/base/UserDefault.cpp.o
[ 60%] Building CXX object engine/axmol/core/CMakeFiles/axmol.dir/base/Value.cpp.o
[ 61%] Building CXX object engine/axmol/core/CMakeFiles/axmol.dir/base/ObjectFactory.cpp.o
[ 61%] Building CXX object engine/axmol/core/CMakeFiles/axmol.dir/base/StencilStateManager.cpp.o
[ 61%] Building CXX object engine/axmol/core/CMakeFiles/axmol.dir/base/TGAlib.cpp.o
[ 61%] Building CXX object engine/axmol/core/CMakeFiles/axmol.dir/base/ZipUtils.cpp.o
[ 61%] Building CXX object engine/axmol/core/CMakeFiles/axmol.dir/base/atitc.cpp.o
[ 61%] Building CXX object engine/axmol/core/CMakeFiles/axmol.dir/base/base64.cpp.o
[ 61%] Building CXX object engine/axmol/core/CMakeFiles/axmol.dir/base/FPSImages.cpp.o
[ 61%] Building CXX object engine/axmol/core/CMakeFiles/axmol.dir/base/Random.cpp.o
[ 61%] Building CXX object engine/axmol/core/CMakeFiles/axmol.dir/base/Types.cpp.o
[ 61%] Building CXX object engine/axmol/core/CMakeFiles/axmol.dir/base/UTF8.cpp.o
[ 61%] Building CXX object engine/axmol/core/CMakeFiles/axmol.dir/base/Utils.cpp.o
[ 61%] Building CXX object engine/axmol/core/CMakeFiles/axmol.dir/base/SimpleTimer.cpp.o
[ 61%] Building CXX object engine/axmol/core/CMakeFiles/axmol.dir/base/etc1.cpp.o
[ 61%] Building CXX object engine/axmol/core/CMakeFiles/axmol.dir/base/etc2.cpp.o
[ 61%] Building CXX object engine/axmol/core/CMakeFiles/axmol.dir/base/pvr.cpp.o
[ 61%] Building CXX object engine/axmol/core/CMakeFiles/axmol.dir/base/s3tc.cpp.o
[ 62%] Building CXX object engine/axmol/core/CMakeFiles/axmol.dir/base/astc.cpp.o
[ 62%] Building CXX object engine/axmol/core/CMakeFiles/axmol.dir/base/Controller-linux-win32.cpp.o
[ 62%] Building CXX object engine/axmol/core/CMakeFiles/axmol.dir/base/AsyncTaskPool.cpp.o
[ 62%] Building CXX object engine/axmol/core/CMakeFiles/axmol.dir/base/Console.cpp.o
[ 62%] Building CXX object engine/axmol/core/CMakeFiles/axmol.dir/ui/UIMediaPlayer.cpp.o
[ 62%] Building CXX object engine/axmol/core/CMakeFiles/axmol.dir/ui/UIEditBox/UIEditBoxImpl-linux.cpp.o
[ 62%] Building CXX object engine/axmol/core/CMakeFiles/axmol.dir/ui/UIWebView/UIWebViewImpl-linux.cpp.o
[ 62%] Building CXX object engine/axmol/core/CMakeFiles/axmol.dir/ui/UIWebView/UIWebView.cpp.o
[ 62%] Building CXX object engine/axmol/core/CMakeFiles/axmol.dir/ui/axmol-ui.cpp.o
[ 62%] Building CXX object engine/axmol/core/CMakeFiles/axmol.dir/ui/UIButton.cpp.o
[ 62%] Building CXX object engine/axmol/core/CMakeFiles/axmol.dir/ui/UIAbstractCheckButton.cpp.o
[ 62%] Building CXX object engine/axmol/core/CMakeFiles/axmol.dir/ui/UICheckBox.cpp.o
[ 62%] Building CXX object engine/axmol/core/CMakeFiles/axmol.dir/ui/UIRadioButton.cpp.o
[ 62%] Building CXX object engine/axmol/core/CMakeFiles/axmol.dir/ui/LayoutHelper.cpp.o
[ 62%] Building CXX object engine/axmol/core/CMakeFiles/axmol.dir/ui/UIHBox.cpp.o
[ 62%] Building CXX object engine/axmol/core/CMakeFiles/axmol.dir/ui/UIHelper.cpp.o
[ 63%] Building CXX object engine/axmol/core/CMakeFiles/axmol.dir/ui/UIImageView.cpp.o
[ 63%] Building CXX object engine/axmol/core/CMakeFiles/axmol.dir/ui/UILayout.cpp.o
[ 63%] Building CXX object engine/axmol/core/CMakeFiles/axmol.dir/ui/UILayoutManager.cpp.o
[ 63%] Building CXX object engine/axmol/core/CMakeFiles/axmol.dir/ui/UILayoutParameter.cpp.o
[ 63%] Building CXX object engine/axmol/core/CMakeFiles/axmol.dir/ui/UIListView.cpp.o
[ 63%] Building CXX object engine/axmol/core/CMakeFiles/axmol.dir/ui/UILoadingBar.cpp.o
[ 63%] Building CXX object engine/axmol/core/CMakeFiles/axmol.dir/ui/UIPageView.cpp.o
[ 63%] Building CXX object engine/axmol/core/CMakeFiles/axmol.dir/ui/UIPageViewIndicator.cpp.o
[ 63%] Building CXX object engine/axmol/core/CMakeFiles/axmol.dir/ui/UIRelativeBox.cpp.o
[ 63%] Building CXX object engine/axmol/core/CMakeFiles/axmol.dir/ui/UIRichText.cpp.o
[ 63%] Building CXX object engine/axmol/core/CMakeFiles/axmol.dir/ui/UIScale9Sprite.cpp.o
[ 63%] Building CXX object engine/axmol/core/CMakeFiles/axmol.dir/ui/UIScrollView.cpp.o
[ 63%] Building CXX object engine/axmol/core/CMakeFiles/axmol.dir/ui/UIScrollViewBar.cpp.o
[ 63%] Building CXX object engine/axmol/core/CMakeFiles/axmol.dir/ui/UISlider.cpp.o
[ 63%] Building CXX object engine/axmol/core/CMakeFiles/axmol.dir/ui/UIText.cpp.o
[ 63%] Building CXX object engine/axmol/core/CMakeFiles/axmol.dir/ui/UITextAtlas.cpp.o
[ 64%] Building CXX object engine/axmol/core/CMakeFiles/axmol.dir/ui/UITextBMFont.cpp.o
[ 64%] Building CXX object engine/axmol/core/CMakeFiles/axmol.dir/ui/UITextField.cpp.o
[ 64%] Building CXX object engine/axmol/core/CMakeFiles/axmol.dir/ui/UIVBox.cpp.o
[ 64%] Building CXX object engine/axmol/core/CMakeFiles/axmol.dir/ui/UIWidget.cpp.o
[ 64%] Building CXX object engine/axmol/core/CMakeFiles/axmol.dir/ui/UIEditBox/UIEditBox.cpp.o
[ 64%] Building CXX object engine/axmol/core/CMakeFiles/axmol.dir/ui/UILayoutComponent.cpp.o
[ 64%] Building CXX object engine/axmol/core/CMakeFiles/axmol.dir/ui/UIEditBox/UIEditBoxImpl-common.cpp.o
[ 64%] Building CXX object engine/axmol/core/CMakeFiles/axmol.dir/ui/UITabControl.cpp.o
[ 64%] Building CXX object engine/axmol/core/CMakeFiles/axmol.dir/ui/UITextFieldEx.cpp.o
[ 64%] Building CXX object engine/axmol/core/CMakeFiles/axmol.dir/network/Downloader.cpp.o
[ 64%] Building CXX object engine/axmol/core/CMakeFiles/axmol.dir/network/Downloader-curl.cpp.o
[ 64%] Building CXX object engine/axmol/core/CMakeFiles/axmol.dir/network/Uri.cpp.o
[ 64%] Building CXX object engine/axmol/core/CMakeFiles/axmol.dir/network/HttpClient.cpp.o
[ 64%] Building CXX object engine/axmol/core/CMakeFiles/axmol.dir/network/HttpCookie.cpp.o
[ 64%] Building CXX object engine/axmol/core/CMakeFiles/axmol.dir/network/WebSocket.cpp.o
[ 64%] Building CXX object engine/axmol/core/CMakeFiles/axmol.dir/3d/AABB.cpp.o
[ 65%] Building CXX object engine/axmol/core/CMakeFiles/axmol.dir/3d/Animate3D.cpp.o
[ 65%] Building CXX object engine/axmol/core/CMakeFiles/axmol.dir/3d/Animation3D.cpp.o
[ 65%] Building CXX object engine/axmol/core/CMakeFiles/axmol.dir/3d/AttachNode.cpp.o
[ 65%] Building CXX object engine/axmol/core/CMakeFiles/axmol.dir/3d/BillBoard.cpp.o
[ 65%] Building CXX object engine/axmol/core/CMakeFiles/axmol.dir/3d/Bundle3D.cpp.o
[ 65%] Building CXX object engine/axmol/core/CMakeFiles/axmol.dir/3d/Bundle3DData.cpp.o
[ 65%] Building CXX object engine/axmol/core/CMakeFiles/axmol.dir/3d/BundleReader.cpp.o
[ 65%] Building CXX object engine/axmol/core/CMakeFiles/axmol.dir/3d/Frustum.cpp.o
[ 65%] Building CXX object engine/axmol/core/CMakeFiles/axmol.dir/3d/Mesh.cpp.o
[ 65%] Building CXX object engine/axmol/core/CMakeFiles/axmol.dir/3d/MeshSkin.cpp.o
[ 65%] Building CXX object engine/axmol/core/CMakeFiles/axmol.dir/3d/MeshVertexIndexData.cpp.o
[ 65%] Building CXX object engine/axmol/core/CMakeFiles/axmol.dir/3d/MotionStreak3D.cpp.o
[ 65%] Building CXX object engine/axmol/core/CMakeFiles/axmol.dir/3d/OBB.cpp.o
[ 65%] Building CXX object engine/axmol/core/CMakeFiles/axmol.dir/3d/ObjLoader.cpp.o
[ 65%] Building CXX object engine/axmol/core/CMakeFiles/axmol.dir/3d/Plane.cpp.o
[ 65%] Building CXX object engine/axmol/core/CMakeFiles/axmol.dir/3d/Ray.cpp.o
[ 66%] Building CXX object engine/axmol/core/CMakeFiles/axmol.dir/3d/Skeleton3D.cpp.o
[ 66%] Building CXX object engine/axmol/core/CMakeFiles/axmol.dir/3d/Skybox.cpp.o
[ 66%] Building CXX object engine/axmol/core/CMakeFiles/axmol.dir/3d/MeshRenderer.cpp.o
[ 66%] Building CXX object engine/axmol/core/CMakeFiles/axmol.dir/3d/MeshMaterial.cpp.o
[ 66%] Building CXX object engine/axmol/core/CMakeFiles/axmol.dir/3d/Terrain.cpp.o
[ 66%] Building CXX object engine/axmol/core/CMakeFiles/axmol.dir/3d/VertexAttribBinding.cpp.o
[ 66%] Building CXX object engine/axmol/core/CMakeFiles/axmol.dir/3d/3DProgramInfo.cpp.o
[ 66%] Building CXX object engine/axmol/core/CMakeFiles/axmol.dir/physics/PhysicsBody.cpp.o
[ 66%] Building CXX object engine/axmol/core/CMakeFiles/axmol.dir/physics/PhysicsContact.cpp.o
[ 66%] Building CXX object engine/axmol/core/CMakeFiles/axmol.dir/physics/PhysicsJoint.cpp.o
[ 66%] Building CXX object engine/axmol/core/CMakeFiles/axmol.dir/physics/PhysicsShape.cpp.o
[ 66%] Building CXX object engine/axmol/core/CMakeFiles/axmol.dir/physics/PhysicsWorld.cpp.o
[ 66%] Building CXX object engine/axmol/core/CMakeFiles/axmol.dir/physics3d/Physics3D.cpp.o
[ 66%] Building CXX object engine/axmol/core/CMakeFiles/axmol.dir/physics3d/Physics3DComponent.cpp.o
[ 66%] Building CXX object engine/axmol/core/CMakeFiles/axmol.dir/physics3d/Physics3DConstraint.cpp.o
[ 66%] Building CXX object engine/axmol/core/CMakeFiles/axmol.dir/physics3d/Physics3DDebugDrawer.cpp.o
[ 67%] Building CXX object engine/axmol/core/CMakeFiles/axmol.dir/physics3d/Physics3DObject.cpp.o
[ 67%] Building CXX object engine/axmol/core/CMakeFiles/axmol.dir/physics3d/Physics3DShape.cpp.o
[ 67%] Building CXX object engine/axmol/core/CMakeFiles/axmol.dir/physics3d/Physics3DWorld.cpp.o
[ 67%] Building CXX object engine/axmol/core/CMakeFiles/axmol.dir/physics3d/PhysicsMeshRenderer.cpp.o
[ 67%] Building CXX object engine/axmol/core/CMakeFiles/axmol.dir/navmesh/NavMesh.cpp.o
[ 67%] Building CXX object engine/axmol/core/CMakeFiles/axmol.dir/navmesh/NavMeshAgent.cpp.o
[ 67%] Building CXX object engine/axmol/core/CMakeFiles/axmol.dir/navmesh/NavMeshDebugDraw.cpp.o
[ 67%] Building CXX object engine/axmol/core/CMakeFiles/axmol.dir/navmesh/NavMeshObstacle.cpp.o
[ 67%] Building CXX object engine/axmol/core/CMakeFiles/axmol.dir/navmesh/NavMeshUtils.cpp.o
[ 67%] Building CXX object engine/axmol/core/CMakeFiles/axmol.dir/media/AndroidMediaEngine.cpp.o
[ 67%] Building CXX object engine/axmol/core/CMakeFiles/axmol.dir/media/MFUtils.cpp.o
[ 67%] Building CXX object engine/axmol/core/CMakeFiles/axmol.dir/media/MediaEngine.cpp.o
[ 67%] Building CXX object engine/axmol/core/CMakeFiles/axmol.dir/media/MfMediaEngine.cpp.o
[ 67%] Building CXX object engine/axmol/core/CMakeFiles/axmol.dir/media/VlcMediaEngine.cpp.o
[ 67%] Building CXX object engine/axmol/core/CMakeFiles/axmol.dir/media/WmfMediaEngine.cpp.o
[ 67%] Building CXX object engine/axmol/core/CMakeFiles/axmol.dir/audio/AudioEngine.cpp.o
[ 67%] Building CXX object engine/axmol/core/CMakeFiles/axmol.dir/audio/AudioDecoderManager.cpp.o
[ 68%] Building CXX object engine/axmol/core/CMakeFiles/axmol.dir/audio/AudioDecoder.cpp.o
[ 68%] Building CXX object engine/axmol/core/CMakeFiles/axmol.dir/audio/AudioDecoderVorbis.cpp.o
[ 68%] Building CXX object engine/axmol/core/CMakeFiles/axmol.dir/audio/AudioDecoderOpus.cpp.o
[ 68%] Building CXX object engine/axmol/core/CMakeFiles/axmol.dir/audio/AudioPlayer.cpp.o
[ 68%] Building CXX object engine/axmol/core/CMakeFiles/axmol.dir/audio/AudioCache.cpp.o
[ 68%] Building CXX object engine/axmol/core/CMakeFiles/axmol.dir/audio/AudioEngineImpl.cpp.o
[ 68%] Building CXX object engine/axmol/core/CMakeFiles/axmol.dir/audio/AudioEffectsExtension.cpp.o
[ 68%] Building CXX object engine/axmol/core/CMakeFiles/axmol.dir/audio/AudioDecoderMp3.cpp.o
[ 68%] Building CXX object engine/axmol/core/CMakeFiles/axmol.dir/audio/AudioDecoderWav.cpp.o
[ 68%] Linking CXX static library ../../../lib/libaxmol.a
[ 68%] Built target axmol
[ 68%] Building CXX object engine/extensions/JSONDefault/CMakeFiles/JSONDefault.dir/src/JSONDefault/JSONDefault.cpp.o
[ 68%] Building CXX object engine/extensions/assets-manager/CMakeFiles/assets-manager.dir/src/assets-manager/AssetsManager.cpp.o
[ 68%] Building CXX object engine/extensions/GUI/CMakeFiles/GUI.dir/src/GUI/ControlExtension/Control.cpp.o
[ 68%] Building CXX object engine/extensions/Particle3D/CMakeFiles/particle3d.dir/src/Particle3D/PU/PUAffector.cpp.o
[ 68%] Building CXX object engine/extensions/Particle3D/CMakeFiles/particle3d.dir/src/Particle3D/PU/PUAffectorManager.cpp.o
[ 68%] Building CXX object engine/extensions/GUI/CMakeFiles/GUI.dir/src/GUI/ControlExtension/ControlButton.cpp.o
[ 68%] Building CXX object engine/extensions/Particle3D/CMakeFiles/particle3d.dir/src/Particle3D/PU/PUAffectorTranslator.cpp.o
[ 68%] Building CXX object engine/extensions/assets-manager/CMakeFiles/assets-manager.dir/src/assets-manager/AssetsManagerEx.cpp.o
[ 68%] Linking CXX static library ../../../lib/libJSONDefault.a
[ 69%] Building CXX object engine/extensions/Particle3D/CMakeFiles/particle3d.dir/src/Particle3D/PU/PUAlignAffector.cpp.o
[ 69%] Built target JSONDefault
[ 70%] Building CXX object engine/extensions/GUI/CMakeFiles/GUI.dir/src/GUI/ControlExtension/ControlColourPicker.cpp.o
[ 70%] Building CXX object engine/extensions/assets-manager/CMakeFiles/assets-manager.dir/src/assets-manager/EventAssetsManagerEx.cpp.o
[ 70%] Building CXX object engine/extensions/Particle3D/CMakeFiles/particle3d.dir/src/Particle3D/PU/PUAlignAffectorTranslator.cpp.o
[ 70%] Building CXX object engine/extensions/GUI/CMakeFiles/GUI.dir/src/GUI/ControlExtension/ControlHuePicker.cpp.o
[ 70%] Building CXX object engine/extensions/Particle3D/CMakeFiles/particle3d.dir/src/Particle3D/PU/PUBaseCollider.cpp.o
[ 70%] Building CXX object engine/extensions/GUI/CMakeFiles/GUI.dir/src/GUI/ControlExtension/ControlPotentiometer.cpp.o
[ 70%] Building CXX object engine/extensions/assets-manager/CMakeFiles/assets-manager.dir/src/assets-manager/EventListenerAssetsManagerEx.cpp.o
[ 70%] Building CXX object engine/extensions/Particle3D/CMakeFiles/particle3d.dir/src/Particle3D/PU/PUBaseColliderTranslator.cpp.o
[ 70%] Building CXX object engine/extensions/assets-manager/CMakeFiles/assets-manager.dir/src/assets-manager/Manifest.cpp.o
[ 70%] Building CXX object engine/extensions/GUI/CMakeFiles/GUI.dir/src/GUI/ControlExtension/ControlSaturationBrightnessPicker.cpp.o
[ 70%] Building CXX object engine/extensions/Particle3D/CMakeFiles/particle3d.dir/src/Particle3D/PU/PUBaseForceAffector.cpp.o
[ 70%] Building CXX object engine/extensions/physics-nodes/CMakeFiles/physics-nodes.dir/src/physics-nodes/PhysicsDebugNode.cpp.o
[ 70%] Building CXX object engine/extensions/GUI/CMakeFiles/GUI.dir/src/GUI/ControlExtension/ControlSlider.cpp.o
[ 70%] Building CXX object engine/extensions/Particle3D/CMakeFiles/particle3d.dir/src/Particle3D/PU/PUBaseForceAffectorTranslator.cpp.o
[ 70%] Building CXX object engine/extensions/physics-nodes/CMakeFiles/physics-nodes.dir/src/physics-nodes/PhysicsDebugNodeBox2D.cpp.o
[ 70%] Building CXX object engine/extensions/GUI/CMakeFiles/GUI.dir/src/GUI/ControlExtension/ControlStepper.cpp.o
[ 70%] Building CXX object engine/extensions/Particle3D/CMakeFiles/particle3d.dir/src/Particle3D/PU/PUBeamRender.cpp.o
[ 70%] Building CXX object engine/extensions/GUI/CMakeFiles/GUI.dir/src/GUI/ControlExtension/ControlSwitch.cpp.o
[ 70%] Linking CXX static library ../../../lib/libassets-manager.a
In file included from /home/runner/work/Mobile-gatcha-/Mobile-gatcha-/axmol/core/platform/linux/Application-linux.h:30,
                 from /home/runner/work/Mobile-gatcha-/Mobile-gatcha-/axmol/core/axmol.h:220,
                 from /home/runner/work/Mobile-gatcha-/Mobile-gatcha-/axmol/extensions/physics-nodes/src/physics-nodes/PhysicsDebugNodeBox2D.h:26,
                 from /home/runner/work/Mobile-gatcha-/Mobile-gatcha-/axmol/extensions/physics-nodes/src/physics-nodes/PhysicsDebugNodeBox2D.cpp:19:
/home/runner/work/Mobile-gatcha-/Mobile-gatcha-/axmol/core/platform/ApplicationBase.h: In member function ‘virtual void ax::ApplicationBase::initGfxContextAttrs()’:
/home/runner/work/Mobile-gatcha-/Mobile-gatcha-/axmol/core/platform/ApplicationBase.h:122:27: warning: ‘virtual void ax::ApplicationBase::initGLContextAttrs()’ is deprecated [-Wdeprecated-declarations]
  122 |         initGLContextAttrs();
      |         ~~~~~~~~~~~~~~~~~~^~
/home/runner/work/Mobile-gatcha-/Mobile-gatcha-/axmol/core/platform/ApplicationBase.h:117:37: note: declared here
  117 |     AX_DEPRECATED(2.8) virtual void initGLContextAttrs() {}
      |                                     ^~~~~~~~~~~~~~~~~~
[ 70%] Built target assets-manager
[ 70%] Building CXX object engine/extensions/GUI/CMakeFiles/GUI.dir/src/GUI/ControlExtension/ControlUtils.cpp.o
[ 70%] Building CXX object engine/extensions/Particle3D/CMakeFiles/particle3d.dir/src/Particle3D/PU/PUBehaviour.cpp.o
[ 70%] Building CXX object engine/extensions/physics-nodes/CMakeFiles/physics-nodes.dir/src/physics-nodes/PhysicsDebugNodeChipmunk2D.cpp.o
[ 70%] Building CXX object engine/extensions/Particle3D/CMakeFiles/particle3d.dir/src/Particle3D/PU/PUBehaviourManager.cpp.o
[ 70%] Compiling shader /home/runner/work/Mobile-gatcha-/Mobile-gatcha-/axmol/extensions/spine/shaders/spineTwoColorTint.vert for GLSL330 ...
[ 70%] Building CXX object engine/extensions/GUI/CMakeFiles/GUI.dir/src/GUI/ControlExtension/Invocation.cpp.o
[ 70%] Compiling shader /home/runner/work/Mobile-gatcha-/Mobile-gatcha-/axmol/extensions/spine/shaders/spineTwoColorTint.frag for GLSL330 ...
[ 70%] Building CXX object engine/extensions/spine/CMakeFiles/spine.dir/runtime/src/spine/Animation.cpp.o
[ 70%] Building CXX object engine/extensions/physics-nodes/CMakeFiles/physics-nodes.dir/src/physics-nodes/PhysicsSprite.cpp.o
[ 70%] Building CXX object engine/extensions/spine/CMakeFiles/spine.dir/runtime/src/spine/AnimationState.cpp.o
[ 70%] Building CXX object engine/extensions/Particle3D/CMakeFiles/particle3d.dir/src/Particle3D/PU/PUBehaviourTranslator.cpp.o
[ 70%] Building CXX object engine/extensions/GUI/CMakeFiles/GUI.dir/src/GUI/ScrollView/ScrollView.cpp.o
[ 70%] Building CXX object engine/extensions/spine/CMakeFiles/spine.dir/runtime/src/spine/AnimationStateData.cpp.o
[ 70%] Building CXX object engine/extensions/spine/CMakeFiles/spine.dir/runtime/src/spine/Atlas.cpp.o
[ 70%] Building CXX object engine/extensions/Particle3D/CMakeFiles/particle3d.dir/src/Particle3D/PU/PUBillboardChain.cpp.o
[ 70%] Building CXX object engine/extensions/spine/CMakeFiles/spine.dir/runtime/src/spine/AtlasAttachmentLoader.cpp.o
[ 71%] Building CXX object engine/extensions/spine/CMakeFiles/spine.dir/runtime/src/spine/Attachment.cpp.o
[ 71%] Building CXX object engine/extensions/spine/CMakeFiles/spine.dir/runtime/src/spine/AttachmentLoader.cpp.o
[ 71%] Building CXX object engine/extensions/physics-nodes/CMakeFiles/physics-nodes.dir/src/physics-nodes/PhysicsSpriteBox2D.cpp.o
[ 71%] Building CXX object engine/extensions/spine/CMakeFiles/spine.dir/runtime/src/spine/AttachmentTimeline.cpp.o
[ 71%] Building CXX object engine/extensions/spine/CMakeFiles/spine.dir/runtime/src/spine/Bone.cpp.o
[ 71%] Building CXX object engine/extensions/spine/CMakeFiles/spine.dir/runtime/src/spine/BoneData.cpp.o
[ 71%] Building CXX object engine/extensions/spine/CMakeFiles/spine.dir/runtime/src/spine/BoundingBoxAttachment.cpp.o
[ 71%] Building CXX object engine/extensions/spine/CMakeFiles/spine.dir/runtime/src/spine/ClippingAttachment.cpp.o
[ 71%] Building CXX object engine/extensions/spine/CMakeFiles/spine.dir/runtime/src/spine/ColorTimeline.cpp.o
[ 71%] Building CXX object engine/extensions/spine/CMakeFiles/spine.dir/runtime/src/spine/ConstraintData.cpp.o
[ 71%] Building CXX object engine/extensions/spine/CMakeFiles/spine.dir/runtime/src/spine/CurveTimeline.cpp.o
[ 71%] Building CXX object engine/extensions/spine/CMakeFiles/spine.dir/runtime/src/spine/DeformTimeline.cpp.o
[ 71%] Building CXX object engine/extensions/GUI/CMakeFiles/GUI.dir/src/GUI/ScrollView/TableView.cpp.o
[ 71%] Building CXX object engine/extensions/spine/CMakeFiles/spine.dir/runtime/src/spine/DrawOrderTimeline.cpp.o
[ 71%] Building CXX object engine/extensions/spine/CMakeFiles/spine.dir/runtime/src/spine/Event.cpp.o
[ 71%] Building CXX object engine/extensions/spine/CMakeFiles/spine.dir/runtime/src/spine/EventData.cpp.o
[ 71%] Building CXX object engine/extensions/spine/CMakeFiles/spine.dir/runtime/src/spine/EventTimeline.cpp.o
[ 71%] Building CXX object engine/extensions/Particle3D/CMakeFiles/particle3d.dir/src/Particle3D/PU/PUBoxCollider.cpp.o
[ 71%] Building CXX object engine/extensions/physics-nodes/CMakeFiles/physics-nodes.dir/src/physics-nodes/PhysicsSpriteChipmunk2D.cpp.o
[ 71%] Building CXX object engine/extensions/spine/CMakeFiles/spine.dir/runtime/src/spine/Extension.cpp.o
/home/runner/work/Mobile-gatcha-/Mobile-gatcha-/axmol/extensions/spine/runtime/src/spine/Extension.cpp: In member function ‘virtual char* spine::DefaultSpineExtension::_readFile(const spine::String&, int*)’:
/home/runner/work/Mobile-gatcha-/Mobile-gatcha-/axmol/extensions/spine/runtime/src/spine/Extension.cpp:117:14: warning: ignoring return value of ‘size_t fread(void*, size_t, size_t, FILE*)’ declared with attribute ‘warn_unused_result’ [-Wunused-result]
  117 |         fread(data, 1, *length, file);
      |         ~~~~~^~~~~~~~~~~~~~~~~~~~~~~~
[ 72%] Building CXX object engine/extensions/spine/CMakeFiles/spine.dir/runtime/src/spine/IkConstraint.cpp.o
[ 72%] Building CXX object engine/extensions/spine/CMakeFiles/spine.dir/runtime/src/spine/IkConstraintData.cpp.o
[ 72%] Building CXX object engine/extensions/spine/CMakeFiles/spine.dir/runtime/src/spine/IkConstraintTimeline.cpp.o
[ 72%] Building CXX object engine/extensions/spine/CMakeFiles/spine.dir/runtime/src/spine/InheritTimeline.cpp.o
[ 72%] Building CXX object engine/extensions/spine/CMakeFiles/spine.dir/runtime/src/spine/Json.cpp.o
[ 72%] Building CXX object engine/extensions/spine/CMakeFiles/spine.dir/runtime/src/spine/LinkedMesh.cpp.o
[ 72%] Building CXX object engine/extensions/GUI/CMakeFiles/GUI.dir/src/GUI/ScrollView/TableViewCell.cpp.o
[ 72%] Building CXX object engine/extensions/spine/CMakeFiles/spine.dir/runtime/src/spine/Log.cpp.o
[ 72%] Building CXX object engine/extensions/Particle3D/CMakeFiles/particle3d.dir/src/Particle3D/PU/PUBoxColliderTranslator.cpp.o
[ 72%] Building CXX object engine/extensions/spine/CMakeFiles/spine.dir/runtime/src/spine/MathUtil.cpp.o
[ 72%] Building CXX object engine/extensions/spine/CMakeFiles/spine.dir/runtime/src/spine/MeshAttachment.cpp.o
[ 72%] Building CXX object engine/extensions/spine/CMakeFiles/spine.dir/runtime/src/spine/PathAttachment.cpp.o
[ 72%] Building CXX object engine/extensions/spine/CMakeFiles/spine.dir/runtime/src/spine/PathConstraint.cpp.o
[ 72%] Linking CXX static library ../../../lib/libphysics-nodes.a
[ 72%] Built target physics-nodes
[ 72%] Building CXX object engine/extensions/Particle3D/CMakeFiles/particle3d.dir/src/Particle3D/PU/PUBoxEmitter.cpp.o
[ 72%] Linking CXX static library ../../../lib/libGUI.a
[ 72%] Built target GUI
[ 72%] Building CXX object engine/extensions/DragonBones/CMakeFiles/DragonBones.dir/src/DragonBones/CCArmatureDisplay.cpp.o
[ 72%] Building CXX object engine/extensions/spine/CMakeFiles/spine.dir/runtime/src/spine/PathConstraintData.cpp.o
[ 72%] Building CXX object engine/extensions/fairygui/CMakeFiles/fairygui.dir/src/fairygui/Controller.cpp.o
[ 72%] Building CXX object engine/extensions/spine/CMakeFiles/spine.dir/runtime/src/spine/PathConstraintMixTimeline.cpp.o
[ 72%] Building CXX object engine/extensions/spine/CMakeFiles/spine.dir/runtime/src/spine/PathConstraintPositionTimeline.cpp.o
[ 72%] Building CXX object engine/extensions/spine/CMakeFiles/spine.dir/runtime/src/spine/PathConstraintSpacingTimeline.cpp.o
[ 72%] Building CXX object engine/extensions/spine/CMakeFiles/spine.dir/runtime/src/spine/PhysicsConstraint.cpp.o
[ 73%] Building CXX object engine/extensions/spine/CMakeFiles/spine.dir/runtime/src/spine/PhysicsConstraintData.cpp.o
[ 73%] Building CXX object engine/extensions/spine/CMakeFiles/spine.dir/runtime/src/spine/PhysicsConstraintTimeline.cpp.o
[ 73%] Building CXX object engine/extensions/spine/CMakeFiles/spine.dir/runtime/src/spine/PointAttachment.cpp.o
[ 73%] Building CXX object engine/extensions/Particle3D/CMakeFiles/particle3d.dir/src/Particle3D/PU/PUBoxEmitterTranslator.cpp.o
[ 73%] Building CXX object engine/extensions/spine/CMakeFiles/spine.dir/runtime/src/spine/RTTI.cpp.o
[ 73%] Building CXX object engine/extensions/spine/CMakeFiles/spine.dir/runtime/src/spine/RegionAttachment.cpp.o
[ 73%] Building CXX object engine/extensions/spine/CMakeFiles/spine.dir/runtime/src/spine/RotateTimeline.cpp.o
[ 73%] Building CXX object engine/extensions/spine/CMakeFiles/spine.dir/runtime/src/spine/ScaleTimeline.cpp.o
[ 73%] Building CXX object engine/extensions/spine/CMakeFiles/spine.dir/runtime/src/spine/Sequence.cpp.o
[ 73%] Building CXX object engine/extensions/spine/CMakeFiles/spine.dir/runtime/src/spine/SequenceTimeline.cpp.o
[ 73%] Building CXX object engine/extensions/spine/CMakeFiles/spine.dir/runtime/src/spine/ShearTimeline.cpp.o
[ 73%] Building CXX object engine/extensions/spine/CMakeFiles/spine.dir/runtime/src/spine/Skeleton.cpp.o
[ 73%] Building CXX object engine/extensions/Particle3D/CMakeFiles/particle3d.dir/src/Particle3D/PU/PUCircleEmitter.cpp.o
In file included from /home/runner/work/Mobile-gatcha-/Mobile-gatcha-/axmol/core/platform/linux/Application-linux.h:30,
                 from /home/runner/work/Mobile-gatcha-/Mobile-gatcha-/axmol/core/axmol.h:220,
                 from /home/runner/work/Mobile-gatcha-/Mobile-gatcha-/axmol/core/cocos2d.h:36,
                 from /home/runner/work/Mobile-gatcha-/Mobile-gatcha-/axmol/extensions/fairygui/src/fairygui/FairyGUIMacros.h:4,
                 from /home/runner/work/Mobile-gatcha-/Mobile-gatcha-/axmol/extensions/fairygui/src/fairygui/Controller.h:4,
                 from /home/runner/work/Mobile-gatcha-/Mobile-gatcha-/axmol/extensions/fairygui/src/fairygui/Controller.cpp:1:
/home/runner/work/Mobile-gatcha-/Mobile-gatcha-/axmol/core/platform/ApplicationBase.h: In member function ‘virtual void ax::ApplicationBase::initGfxContextAttrs()’:
/home/runner/work/Mobile-gatcha-/Mobile-gatcha-/axmol/core/platform/ApplicationBase.h:122:27: warning: ‘virtual void ax::ApplicationBase::initGLContextAttrs()’ is deprecated [-Wdeprecated-declarations]
  122 |         initGLContextAttrs();
      |         ~~~~~~~~~~~~~~~~~~^~
/home/runner/work/Mobile-gatcha-/Mobile-gatcha-/axmol/core/platform/ApplicationBase.h:117:37: note: declared here
  117 |     AX_DEPRECATED(2.8) virtual void initGLContextAttrs() {}
      |                                     ^~~~~~~~~~~~~~~~~~
[ 73%] Building CXX object engine/extensions/spine/CMakeFiles/spine.dir/runtime/src/spine/SkeletonBinary.cpp.o
In file included from /home/runner/work/Mobile-gatcha-/Mobile-gatcha-/axmol/core/platform/linux/Application-linux.h:30,
                 from /home/runner/work/Mobile-gatcha-/Mobile-gatcha-/axmol/core/axmol.h:220,
                 from /home/runner/work/Mobile-gatcha-/Mobile-gatcha-/axmol/core/cocos2d.h:36,
                 from /home/runner/work/Mobile-gatcha-/Mobile-gatcha-/axmol/extensions/DragonBones/src/DragonBones/CCArmatureDisplay.h:27,
                 from /home/runner/work/Mobile-gatcha-/Mobile-gatcha-/axmol/extensions/DragonBones/src/DragonBones/CCArmatureDisplay.cpp:1:
/home/runner/work/Mobile-gatcha-/Mobile-gatcha-/axmol/core/platform/ApplicationBase.h: In member function ‘virtual void ax::ApplicationBase::initGfxContextAttrs()’:
/home/runner/work/Mobile-gatcha-/Mobile-gatcha-/axmol/core/platform/ApplicationBase.h:122:27: warning: ‘virtual void ax::ApplicationBase::initGLContextAttrs()’ is deprecated [-Wdeprecated-declarations]
  122 |         initGLContextAttrs();
      |         ~~~~~~~~~~~~~~~~~~^~
/home/runner/work/Mobile-gatcha-/Mobile-gatcha-/axmol/core/platform/ApplicationBase.h:117:37: note: declared here
  117 |     AX_DEPRECATED(2.8) virtual void initGLContextAttrs() {}
      |                                     ^~~~~~~~~~~~~~~~~~
[ 74%] Building CXX object engine/extensions/Particle3D/CMakeFiles/particle3d.dir/src/Particle3D/PU/PUCircleEmitterTranslator.cpp.o
[ 74%] Building CXX object engine/extensions/fairygui/CMakeFiles/fairygui.dir/src/fairygui/DragDropManager.cpp.o
[ 74%] Building CXX object engine/extensions/DragonBones/CMakeFiles/DragonBones.dir/src/DragonBones/CCFactory.cpp.o
[ 74%] Building CXX object engine/extensions/Particle3D/CMakeFiles/particle3d.dir/src/Particle3D/PU/PUCollisionAvoidanceAffector.cpp.o
[ 74%] Building CXX object engine/extensions/spine/CMakeFiles/spine.dir/runtime/src/spine/SkeletonBounds.cpp.o
[ 74%] Building CXX object engine/extensions/spine/CMakeFiles/spine.dir/runtime/src/spine/SkeletonClipping.cpp.o
[ 74%] Building CXX object engine/extensions/spine/CMakeFiles/spine.dir/runtime/src/spine/SkeletonData.cpp.o
[ 74%] Building CXX object engine/extensions/Particle3D/CMakeFiles/particle3d.dir/src/Particle3D/PU/PUCollisionAvoidanceAffectorTranslator.cpp.o
[ 74%] Building CXX object engine/extensions/spine/CMakeFiles/spine.dir/runtime/src/spine/SkeletonJson.cpp.o
In file included from /home/runner/work/Mobile-gatcha-/Mobile-gatcha-/axmol/core/platform/linux/Application-linux.h:30,
                 from /home/runner/work/Mobile-gatcha-/Mobile-gatcha-/axmol/core/axmol.h:220,
                 from /home/runner/work/Mobile-gatcha-/Mobile-gatcha-/axmol/core/cocos2d.h:36,
                 from /home/runner/work/Mobile-gatcha-/Mobile-gatcha-/axmol/extensions/fairygui/src/fairygui/FairyGUIMacros.h:4,
                 from /home/runner/work/Mobile-gatcha-/Mobile-gatcha-/axmol/extensions/fairygui/src/fairygui/DragDropManager.h:4,
                 from /home/runner/work/Mobile-gatcha-/Mobile-gatcha-/axmol/extensions/fairygui/src/fairygui/DragDropManager.cpp:1:
/home/runner/work/Mobile-gatcha-/Mobile-gatcha-/axmol/core/platform/ApplicationBase.h: In member function ‘virtual void ax::ApplicationBase::initGfxContextAttrs()’:
/home/runner/work/Mobile-gatcha-/Mobile-gatcha-/axmol/core/platform/ApplicationBase.h:122:27: warning: ‘virtual void ax::ApplicationBase::initGLContextAttrs()’ is deprecated [-Wdeprecated-declarations]
  122 |         initGLContextAttrs();
      |         ~~~~~~~~~~~~~~~~~~^~
/home/runner/work/Mobile-gatcha-/Mobile-gatcha-/axmol/core/platform/ApplicationBase.h:117:37: note: declared here
  117 |     AX_DEPRECATED(2.8) virtual void initGLContextAttrs() {}
      |                                     ^~~~~~~~~~~~~~~~~~
In file included from /home/runner/work/Mobile-gatcha-/Mobile-gatcha-/axmol/core/platform/linux/Application-linux.h:30,
                 from /home/runner/work/Mobile-gatcha-/Mobile-gatcha-/axmol/core/axmol.h:220,
                 from /home/runner/work/Mobile-gatcha-/Mobile-gatcha-/axmol/core/cocos2d.h:36,
                 from /home/runner/work/Mobile-gatcha-/Mobile-gatcha-/axmol/extensions/DragonBones/src/DragonBones/CCFactory.h:27,
                 from /home/runner/work/Mobile-gatcha-/Mobile-gatcha-/axmol/extensions/DragonBones/src/DragonBones/CCFactory.cpp:1:
/home/runner/work/Mobile-gatcha-/Mobile-gatcha-/axmol/core/platform/ApplicationBase.h: In member function ‘virtual void ax::ApplicationBase::initGfxContextAttrs()’:
/home/runner/work/Mobile-gatcha-/Mobile-gatcha-/axmol/core/platform/ApplicationBase.h:122:27: warning: ‘virtual void ax::ApplicationBase::initGLContextAttrs()’ is deprecated [-Wdeprecated-declarations]
  122 |         initGLContextAttrs();
      |         ~~~~~~~~~~~~~~~~~~^~
/home/runner/work/Mobile-gatcha-/Mobile-gatcha-/axmol/core/platform/ApplicationBase.h:117:37: note: declared here
  117 |     AX_DEPRECATED(2.8) virtual void initGLContextAttrs() {}
      |                                     ^~~~~~~~~~~~~~~~~~
[ 74%] Building CXX object engine/extensions/Particle3D/CMakeFiles/particle3d.dir/src/Particle3D/PU/PUColorAffector.cpp.o
[ 74%] Building CXX object engine/extensions/fairygui/CMakeFiles/fairygui.dir/src/fairygui/GButton.cpp.o
[ 75%] Building CXX object engine/extensions/spine/CMakeFiles/spine.dir/runtime/src/spine/Skin.cpp.o
[ 75%] Building CXX object engine/extensions/DragonBones/CMakeFiles/DragonBones.dir/src/DragonBones/CCSlot.cpp.o
[ 75%] Building CXX object engine/extensions/Particle3D/CMakeFiles/particle3d.dir/src/Particle3D/PU/PUColorAffectorTranslator.cpp.o
[ 75%] Building CXX object engine/extensions/spine/CMakeFiles/spine.dir/runtime/src/spine/Slot.cpp.o
[ 75%] Building CXX object engine/extensions/spine/CMakeFiles/spine.dir/runtime/src/spine/SlotData.cpp.o
[ 75%] Building CXX object engine/extensions/spine/CMakeFiles/spine.dir/runtime/src/spine/SpineObject.cpp.o
[ 75%] Building CXX object engine/extensions/spine/CMakeFiles/spine.dir/runtime/src/spine/TextureLoader.cpp.o
[ 75%] Building CXX object engine/extensions/spine/CMakeFiles/spine.dir/runtime/src/spine/Timeline.cpp.o
[ 75%] Building CXX object engine/extensions/spine/CMakeFiles/spine.dir/runtime/src/spine/TransformConstraint.cpp.o
[ 75%] Building CXX object engine/extensions/spine/CMakeFiles/spine.dir/runtime/src/spine/TransformConstraintData.cpp.o
[ 75%] Building CXX object engine/extensions/spine/CMakeFiles/spine.dir/runtime/src/spine/TransformConstraintTimeline.cpp.o
[ 75%] Building CXX object engine/extensions/spine/CMakeFiles/spine.dir/runtime/src/spine/TranslateTimeline.cpp.o
[ 75%] Building CXX object engine/extensions/Particle3D/CMakeFiles/particle3d.dir/src/Particle3D/PU/PUDoAffectorEventHandler.cpp.o
[ 75%] Building CXX object engine/extensions/spine/CMakeFiles/spine.dir/runtime/src/spine/Triangulator.cpp.o
In file included from /home/runner/work/Mobile-gatcha-/Mobile-gatcha-/axmol/core/platform/linux/Application-linux.h:30,
                 from /home/runner/work/Mobile-gatcha-/Mobile-gatcha-/axmol/core/axmol.h:220,
                 from /home/runner/work/Mobile-gatcha-/Mobile-gatcha-/axmol/core/cocos2d.h:36,
                 from /home/runner/work/Mobile-gatcha-/Mobile-gatcha-/axmol/extensions/fairygui/src/fairygui/GButton.h:4,
                 from /home/runner/work/Mobile-gatcha-/Mobile-gatcha-/axmol/extensions/fairygui/src/fairygui/GButton.cpp:1:
/home/runner/work/Mobile-gatcha-/Mobile-gatcha-/axmol/core/platform/ApplicationBase.h: In member function ‘virtual void ax::ApplicationBase::initGfxContextAttrs()’:
/home/runner/work/Mobile-gatcha-/Mobile-gatcha-/axmol/core/platform/ApplicationBase.h:122:27: warning: ‘virtual void ax::ApplicationBase::initGLContextAttrs()’ is deprecated [-Wdeprecated-declarations]
  122 |         initGLContextAttrs();
      |         ~~~~~~~~~~~~~~~~~~^~
/home/runner/work/Mobile-gatcha-/Mobile-gatcha-/axmol/core/platform/ApplicationBase.h:117:37: note: declared here
  117 |     AX_DEPRECATED(2.8) virtual void initGLContextAttrs() {}
      |                                     ^~~~~~~~~~~~~~~~~~
[ 75%] Building CXX object engine/extensions/spine/CMakeFiles/spine.dir/runtime/src/spine/Updatable.cpp.o
[ 75%] Building CXX object engine/extensions/spine/CMakeFiles/spine.dir/runtime/src/spine/VertexAttachment.cpp.o
[ 75%] Building CXX object engine/extensions/spine/CMakeFiles/spine.dir/src/spine/SkeletonAnimation.cpp.o
[ 75%] Building CXX object engine/extensions/Particle3D/CMakeFiles/particle3d.dir/src/Particle3D/PU/PUDoAffectorEventHandlerTranslator.cpp.o
In file included from /home/runner/work/Mobile-gatcha-/Mobile-gatcha-/axmol/core/platform/linux/Application-linux.h:30,
                 from /home/runner/work/Mobile-gatcha-/Mobile-gatcha-/axmol/core/axmol.h:220,
                 from /home/runner/work/Mobile-gatcha-/Mobile-gatcha-/axmol/core/cocos2d.h:36,
                 from /home/runner/work/Mobile-gatcha-/Mobile-gatcha-/axmol/extensions/DragonBones/src/DragonBones/CCSlot.h:27,
                 from /home/runner/work/Mobile-gatcha-/Mobile-gatcha-/axmol/extensions/DragonBones/src/DragonBones/CCSlot.cpp:1:
/home/runner/work/Mobile-gatcha-/Mobile-gatcha-/axmol/core/platform/ApplicationBase.h: In member function ‘virtual void ax::ApplicationBase::initGfxContextAttrs()’:
/home/runner/work/Mobile-gatcha-/Mobile-gatcha-/axmol/core/platform/ApplicationBase.h:122:27: warning: ‘virtual void ax::ApplicationBase::initGLContextAttrs()’ is deprecated [-Wdeprecated-declarations]
  122 |         initGLContextAttrs();
      |         ~~~~~~~~~~~~~~~~~~^~
/home/runner/work/Mobile-gatcha-/Mobile-gatcha-/axmol/core/platform/ApplicationBase.h:117:37: note: declared here
  117 |     AX_DEPRECATED(2.8) virtual void initGLContextAttrs() {}
      |                                     ^~~~~~~~~~~~~~~~~~
[ 75%] Building CXX object engine/extensions/fairygui/CMakeFiles/fairygui.dir/src/fairygui/GComboBox.cpp.o
[ 75%] Building CXX object engine/extensions/Particle3D/CMakeFiles/particle3d.dir/src/Particle3D/PU/PUDoEnableComponentEventHandler.cpp.o
[ 75%] Building CXX object engine/extensions/DragonBones/CMakeFiles/DragonBones.dir/src/DragonBones/CCTextureAtlasData.cpp.o
In file included from /home/runner/work/Mobile-gatcha-/Mobile-gatcha-/axmol/core/platform/linux/Application-linux.h:30,
                 from /home/runner/work/Mobile-gatcha-/Mobile-gatcha-/axmol/core/axmol.h:220,
                 from /home/runner/work/Mobile-gatcha-/Mobile-gatcha-/axmol/extensions/spine/src/spine/spine-axmol.h:33,
                 from /home/runner/work/Mobile-gatcha-/Mobile-gatcha-/axmol/extensions/spine/src/spine/SkeletonAnimation.h:33,
                 from /home/runner/work/Mobile-gatcha-/Mobile-gatcha-/axmol/extensions/spine/src/spine/SkeletonAnimation.cpp:32:
/home/runner/work/Mobile-gatcha-/Mobile-gatcha-/axmol/core/platform/ApplicationBase.h: In member function ‘virtual void ax::ApplicationBase::initGfxContextAttrs()’:
/home/runner/work/Mobile-gatcha-/Mobile-gatcha-/axmol/core/platform/ApplicationBase.h:122:27: warning: ‘virtual void ax::ApplicationBase::initGLContextAttrs()’ is deprecated [-Wdeprecated-declarations]
  122 |         initGLContextAttrs();
      |         ~~~~~~~~~~~~~~~~~~^~
/home/runner/work/Mobile-gatcha-/Mobile-gatcha-/axmol/core/platform/ApplicationBase.h:117:37: note: declared here
  117 |     AX_DEPRECATED(2.8) virtual void initGLContextAttrs() {}
      |                                     ^~~~~~~~~~~~~~~~~~
[ 75%] Building CXX object engine/extensions/Particle3D/CMakeFiles/particle3d.dir/src/Particle3D/PU/PUDoEnableComponentEventHandlerTranslator.cpp.o
In file included from /home/runner/work/Mobile-gatcha-/Mobile-gatcha-/axmol/core/platform/linux/Application-linux.h:30,
                 from /home/runner/work/Mobile-gatcha-/Mobile-gatcha-/axmol/core/axmol.h:220,
                 from /home/runner/work/Mobile-gatcha-/Mobile-gatcha-/axmol/core/cocos2d.h:36,
                 from /home/runner/work/Mobile-gatcha-/Mobile-gatcha-/axmol/extensions/fairygui/src/fairygui/GComboBox.h:4,
                 from /home/runner/work/Mobile-gatcha-/Mobile-gatcha-/axmol/extensions/fairygui/src/fairygui/GComboBox.cpp:1:
/home/runner/work/Mobile-gatcha-/Mobile-gatcha-/axmol/core/platform/ApplicationBase.h: In member function ‘virtual void ax::ApplicationBase::initGfxContextAttrs()’:
/home/runner/work/Mobile-gatcha-/Mobile-gatcha-/axmol/core/platform/ApplicationBase.h:122:27: warning: ‘virtual void ax::ApplicationBase::initGLContextAttrs()’ is deprecated [-Wdeprecated-declarations]
  122 |         initGLContextAttrs();
      |         ~~~~~~~~~~~~~~~~~~^~
/home/runner/work/Mobile-gatcha-/Mobile-gatcha-/axmol/core/platform/ApplicationBase.h:117:37: note: declared here
  117 |     AX_DEPRECATED(2.8) virtual void initGLContextAttrs() {}
      |                                     ^~~~~~~~~~~~~~~~~~
[ 75%] Building CXX object engine/extensions/spine/CMakeFiles/spine.dir/src/spine/SkeletonBatch.cpp.o
[ 75%] Building CXX object engine/extensions/Particle3D/CMakeFiles/particle3d.dir/src/Particle3D/PU/PUDoExpireEventHandler.cpp.o
In file included from /home/runner/work/Mobile-gatcha-/Mobile-gatcha-/axmol/core/platform/linux/Application-linux.h:30,
                 from /home/runner/work/Mobile-gatcha-/Mobile-gatcha-/axmol/core/axmol.h:220,
                 from /home/runner/work/Mobile-gatcha-/Mobile-gatcha-/axmol/core/cocos2d.h:36,
                 from /home/runner/work/Mobile-gatcha-/Mobile-gatcha-/axmol/extensions/DragonBones/src/DragonBones/CCTextureAtlasData.h:27,
                 from /home/runner/work/Mobile-gatcha-/Mobile-gatcha-/axmol/extensions/DragonBones/src/DragonBones/CCTextureAtlasData.cpp:1:
/home/runner/work/Mobile-gatcha-/Mobile-gatcha-/axmol/core/platform/ApplicationBase.h: In member function ‘virtual void ax::ApplicationBase::initGfxContextAttrs()’:
/home/runner/work/Mobile-gatcha-/Mobile-gatcha-/axmol/core/platform/ApplicationBase.h:122:27: warning: ‘virtual void ax::ApplicationBase::initGLContextAttrs()’ is deprecated [-Wdeprecated-declarations]
  122 |         initGLContextAttrs();
      |         ~~~~~~~~~~~~~~~~~~^~
/home/runner/work/Mobile-gatcha-/Mobile-gatcha-/axmol/core/platform/ApplicationBase.h:117:37: note: declared here
  117 |     AX_DEPRECATED(2.8) virtual void initGLContextAttrs() {}
      |                                     ^~~~~~~~~~~~~~~~~~
[ 75%] Building CXX object engine/extensions/fairygui/CMakeFiles/fairygui.dir/src/fairygui/GComponent.cpp.o
[ 75%] Building CXX object engine/extensions/Particle3D/CMakeFiles/particle3d.dir/src/Particle3D/PU/PUDoExpireEventHandlerTranslator.cpp.o
[ 75%] Building CXX object engine/extensions/DragonBones/CMakeFiles/DragonBones.dir/src/DragonBones/animation/Animation.cpp.o
In file included from /home/runner/work/Mobile-gatcha-/Mobile-gatcha-/axmol/core/platform/linux/Application-linux.h:30,
                 from /home/runner/work/Mobile-gatcha-/Mobile-gatcha-/axmol/core/axmol.h:220,
                 from /home/runner/work/Mobile-gatcha-/Mobile-gatcha-/axmol/extensions/spine/src/spine/spine-axmol.h:33,
                 from /home/runner/work/Mobile-gatcha-/Mobile-gatcha-/axmol/extensions/spine/src/spine/SkeletonBatch.cpp:30:
/home/runner/work/Mobile-gatcha-/Mobile-gatcha-/axmol/core/platform/ApplicationBase.h: In member function ‘virtual void ax::ApplicationBase::initGfxContextAttrs()’:
/home/runner/work/Mobile-gatcha-/Mobile-gatcha-/axmol/core/platform/ApplicationBase.h:122:27: warning: ‘virtual void ax::ApplicationBase::initGLContextAttrs()’ is deprecated [-Wdeprecated-declarations]
  122 |         initGLContextAttrs();
      |         ~~~~~~~~~~~~~~~~~~^~
/home/runner/work/Mobile-gatcha-/Mobile-gatcha-/axmol/core/platform/ApplicationBase.h:117:37: note: declared here
  117 |     AX_DEPRECATED(2.8) virtual void initGLContextAttrs() {}
      |                                     ^~~~~~~~~~~~~~~~~~
[ 75%] Building CXX object engine/extensions/Particle3D/CMakeFiles/particle3d.dir/src/Particle3D/PU/PUDoFreezeEventHandler.cpp.o
In file included from /home/runner/work/Mobile-gatcha-/Mobile-gatcha-/axmol/core/platform/linux/Application-linux.h:30,
                 from /home/runner/work/Mobile-gatcha-/Mobile-gatcha-/axmol/core/axmol.h:220,
                 from /home/runner/work/Mobile-gatcha-/Mobile-gatcha-/axmol/core/cocos2d.h:36,
                 from /home/runner/work/Mobile-gatcha-/Mobile-gatcha-/axmol/extensions/fairygui/src/fairygui/FairyGUIMacros.h:4,
                 from /home/runner/work/Mobile-gatcha-/Mobile-gatcha-/axmol/extensions/fairygui/src/fairygui/GComponent.h:4,
                 from /home/runner/work/Mobile-gatcha-/Mobile-gatcha-/axmol/extensions/fairygui/src/fairygui/GComponent.cpp:1:
/home/runner/work/Mobile-gatcha-/Mobile-gatcha-/axmol/core/platform/ApplicationBase.h: In member function ‘virtual void ax::ApplicationBase::initGfxContextAttrs()’:
/home/runner/work/Mobile-gatcha-/Mobile-gatcha-/axmol/core/platform/ApplicationBase.h:122:27: warning: ‘virtual void ax::ApplicationBase::initGLContextAttrs()’ is deprecated [-Wdeprecated-declarations]
  122 |         initGLContextAttrs();
      |         ~~~~~~~~~~~~~~~~~~^~
/home/runner/work/Mobile-gatcha-/Mobile-gatcha-/axmol/core/platform/ApplicationBase.h:117:37: note: declared here
  117 |     AX_DEPRECATED(2.8) virtual void initGLContextAttrs() {}
      |                                     ^~~~~~~~~~~~~~~~~~
[ 75%] Building CXX object engine/extensions/spine/CMakeFiles/spine.dir/src/spine/SkeletonRenderer.cpp.o
[ 75%] Building CXX object engine/extensions/Particle3D/CMakeFiles/particle3d.dir/src/Particle3D/PU/PUDoFreezeEventHandlerTranslator.cpp.o
[ 75%] Building CXX object engine/extensions/DragonBones/CMakeFiles/DragonBones.dir/src/DragonBones/animation/AnimationState.cpp.o
[ 75%] Building CXX object engine/extensions/Particle3D/CMakeFiles/particle3d.dir/src/Particle3D/PU/PUDoPlacementParticleEventHandler.cpp.o
[ 75%] Building CXX object engine/extensions/fairygui/CMakeFiles/fairygui.dir/src/fairygui/GGraph.cpp.o
[ 75%] Building CXX object engine/extensions/Particle3D/CMakeFiles/particle3d.dir/src/Particle3D/PU/PUDoPlacementParticleEventHandlerTranslator.cpp.o
In file included from /home/runner/work/Mobile-gatcha-/Mobile-gatcha-/axmol/core/platform/linux/Application-linux.h:30,
                 from /home/runner/work/Mobile-gatcha-/Mobile-gatcha-/axmol/core/axmol.h:220,
                 from /home/runner/work/Mobile-gatcha-/Mobile-gatcha-/axmol/extensions/spine/src/spine/spine-axmol.h:33,
                 from /home/runner/work/Mobile-gatcha-/Mobile-gatcha-/axmol/extensions/spine/src/spine/SkeletonRenderer.cpp:32:
/home/runner/work/Mobile-gatcha-/Mobile-gatcha-/axmol/core/platform/ApplicationBase.h: In member function ‘virtual void ax::ApplicationBase::initGfxContextAttrs()’:
/home/runner/work/Mobile-gatcha-/Mobile-gatcha-/axmol/core/platform/ApplicationBase.h:122:27: warning: ‘virtual void ax::ApplicationBase::initGLContextAttrs()’ is deprecated [-Wdeprecated-declarations]
  122 |         initGLContextAttrs();
      |         ~~~~~~~~~~~~~~~~~~^~
/home/runner/work/Mobile-gatcha-/Mobile-gatcha-/axmol/core/platform/ApplicationBase.h:117:37: note: declared here
  117 |     AX_DEPRECATED(2.8) virtual void initGLContextAttrs() {}
      |                                     ^~~~~~~~~~~~~~~~~~
[ 75%] Building CXX object engine/extensions/Particle3D/CMakeFiles/particle3d.dir/src/Particle3D/PU/PUDoScaleEventHandler.cpp.o
In file included from /home/runner/work/Mobile-gatcha-/Mobile-gatcha-/axmol/core/platform/linux/Application-linux.h:30,
                 from /home/runner/work/Mobile-gatcha-/Mobile-gatcha-/axmol/core/axmol.h:220,
                 from /home/runner/work/Mobile-gatcha-/Mobile-gatcha-/axmol/core/cocos2d.h:36,
                 from /home/runner/work/Mobile-gatcha-/Mobile-gatcha-/axmol/extensions/fairygui/src/fairygui/FairyGUIMacros.h:4,
                 from /home/runner/work/Mobile-gatcha-/Mobile-gatcha-/axmol/extensions/fairygui/src/fairygui/GGraph.h:28,
                 from /home/runner/work/Mobile-gatcha-/Mobile-gatcha-/axmol/extensions/fairygui/src/fairygui/GGraph.cpp:25:
/home/runner/work/Mobile-gatcha-/Mobile-gatcha-/axmol/core/platform/ApplicationBase.h: In member function ‘virtual void ax::ApplicationBase::initGfxContextAttrs()’:
/home/runner/work/Mobile-gatcha-/Mobile-gatcha-/axmol/core/platform/ApplicationBase.h:122:27: warning: ‘virtual void ax::ApplicationBase::initGLContextAttrs()’ is deprecated [-Wdeprecated-declarations]
  122 |         initGLContextAttrs();
      |         ~~~~~~~~~~~~~~~~~~^~
/home/runner/work/Mobile-gatcha-/Mobile-gatcha-/axmol/core/platform/ApplicationBase.h:117:37: note: declared here
  117 |     AX_DEPRECATED(2.8) virtual void initGLContextAttrs() {}
      |                                     ^~~~~~~~~~~~~~~~~~
[ 76%] Building CXX object engine/extensions/DragonBones/CMakeFiles/DragonBones.dir/src/DragonBones/animation/BaseTimelineState.cpp.o
[ 77%] Building CXX object engine/extensions/spine/CMakeFiles/spine.dir/src/spine/SkeletonTwoColorBatch.cpp.o
[ 78%] Building CXX object engine/extensions/Particle3D/CMakeFiles/particle3d.dir/src/Particle3D/PU/PUDoScaleEventHandlerTranslator.cpp.o
[ 78%] Building CXX object engine/extensions/DragonBones/CMakeFiles/DragonBones.dir/src/DragonBones/animation/TimelineState.cpp.o
[ 78%] Building CXX object engine/extensions/fairygui/CMakeFiles/fairygui.dir/src/fairygui/GGroup.cpp.o
[ 78%] Building CXX object engine/extensions/Particle3D/CMakeFiles/particle3d.dir/src/Particle3D/PU/PUDoStopSystemEventHandler.cpp.o
In file included from /home/runner/work/Mobile-gatcha-/Mobile-gatcha-/axmol/core/platform/linux/Application-linux.h:30,
                 from /home/runner/work/Mobile-gatcha-/Mobile-gatcha-/axmol/core/axmol.h:220,
                 from /home/runner/work/Mobile-gatcha-/Mobile-gatcha-/axmol/extensions/spine/src/spine/spine-axmol.h:33,
                 from /home/runner/work/Mobile-gatcha-/Mobile-gatcha-/axmol/extensions/spine/src/spine/SkeletonTwoColorBatch.cpp:30:
/home/runner/work/Mobile-gatcha-/Mobile-gatcha-/axmol/core/platform/ApplicationBase.h: In member function ‘virtual void ax::ApplicationBase::initGfxContextAttrs()’:
/home/runner/work/Mobile-gatcha-/Mobile-gatcha-/axmol/core/platform/ApplicationBase.h:122:27: warning: ‘virtual void ax::ApplicationBase::initGLContextAttrs()’ is deprecated [-Wdeprecated-declarations]
  122 |         initGLContextAttrs();
      |         ~~~~~~~~~~~~~~~~~~^~
/home/runner/work/Mobile-gatcha-/Mobile-gatcha-/axmol/core/platform/ApplicationBase.h:117:37: note: declared here
  117 |     AX_DEPRECATED(2.8) virtual void initGLContextAttrs() {}
      |                                     ^~~~~~~~~~~~~~~~~~
[ 78%] Building CXX object engine/extensions/DragonBones/CMakeFiles/DragonBones.dir/src/DragonBones/animation/WorldClock.cpp.o
[ 78%] Building CXX object engine/extensions/Particle3D/CMakeFiles/particle3d.dir/src/Particle3D/PU/PUDoStopSystemEventHandlerTranslator.cpp.o
[ 78%] Building CXX object engine/extensions/DragonBones/CMakeFiles/DragonBones.dir/src/DragonBones/armature/Armature.cpp.o
In file included from /home/runner/work/Mobile-gatcha-/Mobile-gatcha-/axmol/core/platform/linux/Application-linux.h:30,
                 from /home/runner/work/Mobile-gatcha-/Mobile-gatcha-/axmol/core/axmol.h:220,
                 from /home/runner/work/Mobile-gatcha-/Mobile-gatcha-/axmol/core/cocos2d.h:36,
                 from /home/runner/work/Mobile-gatcha-/Mobile-gatcha-/axmol/extensions/fairygui/src/fairygui/GGroup.h:4,
                 from /home/runner/work/Mobile-gatcha-/Mobile-gatcha-/axmol/extensions/fairygui/src/fairygui/GGroup.cpp:1:
/home/runner/work/Mobile-gatcha-/Mobile-gatcha-/axmol/core/platform/ApplicationBase.h: In member function ‘virtual void ax::ApplicationBase::initGfxContextAttrs()’:
/home/runner/work/Mobile-gatcha-/Mobile-gatcha-/axmol/core/platform/ApplicationBase.h:122:27: warning: ‘virtual void ax::ApplicationBase::initGLContextAttrs()’ is deprecated [-Wdeprecated-declarations]
  122 |         initGLContextAttrs();
      |         ~~~~~~~~~~~~~~~~~~^~
/home/runner/work/Mobile-gatcha-/Mobile-gatcha-/axmol/core/platform/ApplicationBase.h:117:37: note: declared here
  117 |     AX_DEPRECATED(2.8) virtual void initGLContextAttrs() {}
      |                                     ^~~~~~~~~~~~~~~~~~
[ 78%] Building CXX object engine/extensions/spine/CMakeFiles/spine.dir/src/spine/spine-axmol.cpp.o
[ 78%] Building CXX object engine/extensions/Particle3D/CMakeFiles/particle3d.dir/src/Particle3D/PU/PUDynamicAttribute.cpp.o
[ 78%] Building CXX object engine/extensions/fairygui/CMakeFiles/fairygui.dir/src/fairygui/GImage.cpp.o
[ 78%] Building CXX object engine/extensions/DragonBones/CMakeFiles/DragonBones.dir/src/DragonBones/armature/Bone.cpp.o
[ 78%] Building CXX object engine/extensions/Particle3D/CMakeFiles/particle3d.dir/src/Particle3D/PU/PUDynamicAttributeTranslator.cpp.o
[ 78%] Building CXX object engine/extensions/DragonBones/CMakeFiles/DragonBones.dir/src/DragonBones/armature/Constraint.cpp.o
In file included from /home/runner/work/Mobile-gatcha-/Mobile-gatcha-/axmol/core/platform/linux/Application-linux.h:30,
                 from /home/runner/work/Mobile-gatcha-/Mobile-gatcha-/axmol/core/axmol.h:220,
                 from /home/runner/work/Mobile-gatcha-/Mobile-gatcha-/axmol/extensions/spine/src/spine/spine-axmol.h:33,
                 from /home/runner/work/Mobile-gatcha-/Mobile-gatcha-/axmol/extensions/spine/src/spine/spine-axmol.cpp:31:
/home/runner/work/Mobile-gatcha-/Mobile-gatcha-/axmol/core/platform/ApplicationBase.h: In member function ‘virtual void ax::ApplicationBase::initGfxContextAttrs()’:
/home/runner/work/Mobile-gatcha-/Mobile-gatcha-/axmol/core/platform/ApplicationBase.h:122:27: warning: ‘virtual void ax::ApplicationBase::initGLContextAttrs()’ is deprecated [-Wdeprecated-declarations]
  122 |         initGLContextAttrs();
      |         ~~~~~~~~~~~~~~~~~~^~
/home/runner/work/Mobile-gatcha-/Mobile-gatcha-/axmol/core/platform/ApplicationBase.h:117:37: note: declared here
  117 |     AX_DEPRECATED(2.8) virtual void initGLContextAttrs() {}
      |                                     ^~~~~~~~~~~~~~~~~~
[ 78%] Building CXX object engine/extensions/Particle3D/CMakeFiles/particle3d.dir/src/Particle3D/PU/PUEmitter.cpp.o
[ 78%] Building CXX object engine/extensions/DragonBones/CMakeFiles/DragonBones.dir/src/DragonBones/armature/DeformVertices.cpp.o
In file included from /home/runner/work/Mobile-gatcha-/Mobile-gatcha-/axmol/core/platform/linux/Application-linux.h:30,
                 from /home/runner/work/Mobile-gatcha-/Mobile-gatcha-/axmol/core/axmol.h:220,
                 from /home/runner/work/Mobile-gatcha-/Mobile-gatcha-/axmol/core/cocos2d.h:36,
                 from /home/runner/work/Mobile-gatcha-/Mobile-gatcha-/axmol/extensions/fairygui/src/fairygui/FairyGUIMacros.h:4,
                 from /home/runner/work/Mobile-gatcha-/Mobile-gatcha-/axmol/extensions/fairygui/src/fairygui/GImage.h:4,
                 from /home/runner/work/Mobile-gatcha-/Mobile-gatcha-/axmol/extensions/fairygui/src/fairygui/GImage.cpp:25:
/home/runner/work/Mobile-gatcha-/Mobile-gatcha-/axmol/core/platform/ApplicationBase.h: In member function ‘virtual void ax::ApplicationBase::initGfxContextAttrs()’:
/home/runner/work/Mobile-gatcha-/Mobile-gatcha-/axmol/core/platform/ApplicationBase.h:122:27: warning: ‘virtual void ax::ApplicationBase::initGLContextAttrs()’ is deprecated [-Wdeprecated-declarations]
  122 |         initGLContextAttrs();
      |         ~~~~~~~~~~~~~~~~~~^~
/home/runner/work/Mobile-gatcha-/Mobile-gatcha-/axmol/core/platform/ApplicationBase.h:117:37: note: declared here
  117 |     AX_DEPRECATED(2.8) virtual void initGLContextAttrs() {}
      |                                     ^~~~~~~~~~~~~~~~~~
[ 78%] Linking CXX static library ../../../lib/libspine.a
[ 78%] Built target spine
[ 78%] Building CXX object engine/extensions/fairygui/CMakeFiles/fairygui.dir/src/fairygui/GLabel.cpp.o
[ 78%] Building CXX object engine/extensions/DragonBones/CMakeFiles/DragonBones.dir/src/DragonBones/armature/Slot.cpp.o
[ 78%] Building CXX object engine/extensions/Particle3D/CMakeFiles/particle3d.dir/src/Particle3D/PU/PUEmitterManager.cpp.o
[ 78%] Compiling shader /home/runner/work/Mobile-gatcha-/Mobile-gatcha-/axmol/extensions/ImGui/shaders/imgui_sprite.vert for GLSL330 ...
[ 78%] Building CXX object engine/extensions/ImGui/CMakeFiles/ImGui.dir/src/ImGui/ImGuiPresenter.cpp.o
[ 78%] Building CXX object engine/extensions/Particle3D/CMakeFiles/particle3d.dir/src/Particle3D/PU/PUEmitterTranslator.cpp.o
[ 78%] Building CXX object engine/extensions/DragonBones/CMakeFiles/DragonBones.dir/src/DragonBones/armature/TransformObject.cpp.o
In file included from /home/runner/work/Mobile-gatcha-/Mobile-gatcha-/axmol/core/platform/linux/Application-linux.h:30,
                 from /home/runner/work/Mobile-gatcha-/Mobile-gatcha-/axmol/core/axmol.h:220,
                 from /home/runner/work/Mobile-gatcha-/Mobile-gatcha-/axmol/core/cocos2d.h:36,
                 from /home/runner/work/Mobile-gatcha-/Mobile-gatcha-/axmol/extensions/fairygui/src/fairygui/GLabel.h:4,
                 from /home/runner/work/Mobile-gatcha-/Mobile-gatcha-/axmol/extensions/fairygui/src/fairygui/GLabel.cpp:1:
/home/runner/work/Mobile-gatcha-/Mobile-gatcha-/axmol/core/platform/ApplicationBase.h: In member function ‘virtual void ax::ApplicationBase::initGfxContextAttrs()’:
/home/runner/work/Mobile-gatcha-/Mobile-gatcha-/axmol/core/platform/ApplicationBase.h:122:27: warning: ‘virtual void ax::ApplicationBase::initGLContextAttrs()’ is deprecated [-Wdeprecated-declarations]
  122 |         initGLContextAttrs();
      |         ~~~~~~~~~~~~~~~~~~^~
/home/runner/work/Mobile-gatcha-/Mobile-gatcha-/axmol/core/platform/ApplicationBase.h:117:37: note: declared here
  117 |     AX_DEPRECATED(2.8) virtual void initGLContextAttrs() {}
      |                                     ^~~~~~~~~~~~~~~~~~
[ 78%] Building CXX object engine/extensions/DragonBones/CMakeFiles/DragonBones.dir/src/DragonBones/core/BaseObject.cpp.o
[ 78%] Building CXX object engine/extensions/Particle3D/CMakeFiles/particle3d.dir/src/Particle3D/PU/PUEventHandler.cpp.o
In file included from /home/runner/work/Mobile-gatcha-/Mobile-gatcha-/axmol/core/platform/linux/Application-linux.h:30,
                 from /home/runner/work/Mobile-gatcha-/Mobile-gatcha-/axmol/core/axmol.h:220,
                 from /home/runner/work/Mobile-gatcha-/Mobile-gatcha-/axmol/extensions/ImGui/src/ImGui/ImGuiPresenter.h:30,
                 from /home/runner/work/Mobile-gatcha-/Mobile-gatcha-/axmol/extensions/ImGui/src/ImGui/ImGuiPresenter.cpp:25:
/home/runner/work/Mobile-gatcha-/Mobile-gatcha-/axmol/core/platform/ApplicationBase.h: In member function ‘virtual void ax::ApplicationBase::initGfxContextAttrs()’:
/home/runner/work/Mobile-gatcha-/Mobile-gatcha-/axmol/core/platform/ApplicationBase.h:122:27: warning: ‘virtual void ax::ApplicationBase::initGLContextAttrs()’ is deprecated [-Wdeprecated-declarations]
  122 |         initGLContextAttrs();
      |         ~~~~~~~~~~~~~~~~~~^~
/home/runner/work/Mobile-gatcha-/Mobile-gatcha-/axmol/core/platform/ApplicationBase.h:117:37: note: declared here
  117 |     AX_DEPRECATED(2.8) virtual void initGLContextAttrs() {}
      |                                     ^~~~~~~~~~~~~~~~~~
[ 78%] Building CXX object engine/extensions/fairygui/CMakeFiles/fairygui.dir/src/fairygui/GList.cpp.o
[ 78%] Building CXX object engine/extensions/DragonBones/CMakeFiles/DragonBones.dir/src/DragonBones/core/DragonBones.cpp.o
[ 78%] Building CXX object engine/extensions/Particle3D/CMakeFiles/particle3d.dir/src/Particle3D/PU/PUEventHandlerManager.cpp.o
[ 78%] Building CXX object engine/extensions/DragonBones/CMakeFiles/DragonBones.dir/src/DragonBones/event/EventObject.cpp.o
[ 78%] Building CXX object engine/extensions/Particle3D/CMakeFiles/particle3d.dir/src/Particle3D/PU/PUEventHandlerTranslator.cpp.o
In file included from /home/runner/work/Mobile-gatcha-/Mobile-gatcha-/axmol/core/platform/linux/Application-linux.h:30,
                 from /home/runner/work/Mobile-gatcha-/Mobile-gatcha-/axmol/core/axmol.h:220,
                 from /home/runner/work/Mobile-gatcha-/Mobile-gatcha-/axmol/core/cocos2d.h:36,
                 from /home/runner/work/Mobile-gatcha-/Mobile-gatcha-/axmol/extensions/fairygui/src/fairygui/FairyGUIMacros.h:4,
                 from /home/runner/work/Mobile-gatcha-/Mobile-gatcha-/axmol/extensions/fairygui/src/fairygui/GList.h:4,
                 from /home/runner/work/Mobile-gatcha-/Mobile-gatcha-/axmol/extensions/fairygui/src/fairygui/GList.cpp:1:
/home/runner/work/Mobile-gatcha-/Mobile-gatcha-/axmol/core/platform/ApplicationBase.h: In member function ‘virtual void ax::ApplicationBase::initGfxContextAttrs()’:
/home/runner/work/Mobile-gatcha-/Mobile-gatcha-/axmol/core/platform/ApplicationBase.h:122:27: warning: ‘virtual void ax::ApplicationBase::initGLContextAttrs()’ is deprecated [-Wdeprecated-declarations]
  122 |         initGLContextAttrs();
      |         ~~~~~~~~~~~~~~~~~~^~
/home/runner/work/Mobile-gatcha-/Mobile-gatcha-/axmol/core/platform/ApplicationBase.h:117:37: note: declared here
  117 |     AX_DEPRECATED(2.8) virtual void initGLContextAttrs() {}
      |                                     ^~~~~~~~~~~~~~~~~~
[ 78%] Building CXX object engine/extensions/DragonBones/CMakeFiles/DragonBones.dir/src/DragonBones/factory/BaseFactory.cpp.o
[ 78%] Building CXX object engine/extensions/ImGui/CMakeFiles/ImGui.dir/src/ImGui/imgui.cpp.o
[ 78%] Building CXX object engine/extensions/Particle3D/CMakeFiles/particle3d.dir/src/Particle3D/PU/PUFlockCenteringAffector.cpp.o
[ 78%] Building CXX object engine/extensions/fairygui/CMakeFiles/fairygui.dir/src/fairygui/GLoader.cpp.o
[ 78%] Building CXX object engine/extensions/Particle3D/CMakeFiles/particle3d.dir/src/Particle3D/PU/PUFlockCenteringAffectorTranslator.cpp.o
[ 78%] Building CXX object engine/extensions/Particle3D/CMakeFiles/particle3d.dir/src/Particle3D/PU/PUForceField.cpp.o
[ 78%] Building CXX object engine/extensions/DragonBones/CMakeFiles/DragonBones.dir/src/DragonBones/geom/Point.cpp.o
[ 78%] Building CXX object engine/extensions/Particle3D/CMakeFiles/particle3d.dir/src/Particle3D/PU/PUForceFieldAffector.cpp.o
In file included from /home/runner/work/Mobile-gatcha-/Mobile-gatcha-/axmol/core/platform/linux/Application-linux.h:30,
                 from /home/runner/work/Mobile-gatcha-/Mobile-gatcha-/axmol/core/axmol.h:220,
                 from /home/runner/work/Mobile-gatcha-/Mobile-gatcha-/axmol/core/cocos2d.h:36,
                 from /home/runner/work/Mobile-gatcha-/Mobile-gatcha-/axmol/extensions/fairygui/src/fairygui/GLoader.h:4,
                 from /home/runner/work/Mobile-gatcha-/Mobile-gatcha-/axmol/extensions/fairygui/src/fairygui/GLoader.cpp:1:
/home/runner/work/Mobile-gatcha-/Mobile-gatcha-/axmol/core/platform/ApplicationBase.h: In member function ‘virtual void ax::ApplicationBase::initGfxContextAttrs()’:
/home/runner/work/Mobile-gatcha-/Mobile-gatcha-/axmol/core/platform/ApplicationBase.h:122:27: warning: ‘virtual void ax::ApplicationBase::initGLContextAttrs()’ is deprecated [-Wdeprecated-declarations]
  122 |         initGLContextAttrs();
      |         ~~~~~~~~~~~~~~~~~~^~
/home/runner/work/Mobile-gatcha-/Mobile-gatcha-/axmol/core/platform/ApplicationBase.h:117:37: note: declared here
  117 |     AX_DEPRECATED(2.8) virtual void initGLContextAttrs() {}
      |                                     ^~~~~~~~~~~~~~~~~~
[ 78%] Building CXX object engine/extensions/DragonBones/CMakeFiles/DragonBones.dir/src/DragonBones/geom/Transform.cpp.o
[ 78%] Building CXX object engine/extensions/DragonBones/CMakeFiles/DragonBones.dir/src/DragonBones/model/AnimationConfig.cpp.o
[ 78%] Building CXX object engine/extensions/Particle3D/CMakeFiles/particle3d.dir/src/Particle3D/PU/PUForceFieldAffectorTranslator.cpp.o
[ 78%] Building CXX object engine/extensions/fairygui/CMakeFiles/fairygui.dir/src/fairygui/GLoader3D.cpp.o
[ 80%] Building CXX object engine/extensions/Particle3D/CMakeFiles/particle3d.dir/src/Particle3D/PU/PUGeometryRotator.cpp.o
[ 81%] Building CXX object engine/extensions/DragonBones/CMakeFiles/DragonBones.dir/src/DragonBones/model/AnimationData.cpp.o
[ 81%] Building CXX object engine/extensions/Particle3D/CMakeFiles/particle3d.dir/src/Particle3D/PU/PUGeometryRotatorTranslator.cpp.o
In file included from /home/runner/work/Mobile-gatcha-/Mobile-gatcha-/axmol/core/platform/linux/Application-linux.h:30,
                 from /home/runner/work/Mobile-gatcha-/Mobile-gatcha-/axmol/core/axmol.h:220,
                 from /home/runner/work/Mobile-gatcha-/Mobile-gatcha-/axmol/core/cocos2d.h:36,
                 from /home/runner/work/Mobile-gatcha-/Mobile-gatcha-/axmol/extensions/fairygui/src/fairygui/GLoader3D.h:4,
                 from /home/runner/work/Mobile-gatcha-/Mobile-gatcha-/axmol/extensions/fairygui/src/fairygui/GLoader3D.cpp:1:
/home/runner/work/Mobile-gatcha-/Mobile-gatcha-/axmol/core/platform/ApplicationBase.h: In member function ‘virtual void ax::ApplicationBase::initGfxContextAttrs()’:
/home/runner/work/Mobile-gatcha-/Mobile-gatcha-/axmol/core/platform/ApplicationBase.h:122:27: warning: ‘virtual void ax::ApplicationBase::initGLContextAttrs()’ is deprecated [-Wdeprecated-declarations]
  122 |         initGLContextAttrs();
      |         ~~~~~~~~~~~~~~~~~~^~
/home/runner/work/Mobile-gatcha-/Mobile-gatcha-/axmol/core/platform/ApplicationBase.h:117:37: note: declared here
  117 |     AX_DEPRECATED(2.8) virtual void initGLContextAttrs() {}
      |                                     ^~~~~~~~~~~~~~~~~~
[ 81%] Building CXX object engine/extensions/DragonBones/CMakeFiles/DragonBones.dir/src/DragonBones/model/ArmatureData.cpp.o
[ 81%] Building CXX object engine/extensions/Particle3D/CMakeFiles/particle3d.dir/src/Particle3D/PU/PUGravityAffector.cpp.o
[ 81%] Building CXX object engine/extensions/fairygui/CMakeFiles/fairygui.dir/src/fairygui/GMovieClip.cpp.o
[ 81%] Building CXX object engine/extensions/Particle3D/CMakeFiles/particle3d.dir/src/Particle3D/PU/PUGravityAffectorTranslator.cpp.o
[ 81%] Building CXX object engine/extensions/DragonBones/CMakeFiles/DragonBones.dir/src/DragonBones/model/BoundingBoxData.cpp.o
[ 81%] Building CXX object engine/extensions/Particle3D/CMakeFiles/particle3d.dir/src/Particle3D/PU/PUInterParticleCollider.cpp.o
In file included from /home/runner/work/Mobile-gatcha-/Mobile-gatcha-/axmol/core/platform/linux/Application-linux.h:30,
                 from /home/runner/work/Mobile-gatcha-/Mobile-gatcha-/axmol/core/axmol.h:220,
                 from /home/runner/work/Mobile-gatcha-/Mobile-gatcha-/axmol/core/cocos2d.h:36,
                 from /home/runner/work/Mobile-gatcha-/Mobile-gatcha-/axmol/extensions/fairygui/src/fairygui/GMovieClip.h:4,
                 from /home/runner/work/Mobile-gatcha-/Mobile-gatcha-/axmol/extensions/fairygui/src/fairygui/GMovieClip.cpp:1:
/home/runner/work/Mobile-gatcha-/Mobile-gatcha-/axmol/core/platform/ApplicationBase.h: In member function ‘virtual void ax::ApplicationBase::initGfxContextAttrs()’:
/home/runner/work/Mobile-gatcha-/Mobile-gatcha-/axmol/core/platform/ApplicationBase.h:122:27: warning: ‘virtual void ax::ApplicationBase::initGLContextAttrs()’ is deprecated [-Wdeprecated-declarations]
  122 |         initGLContextAttrs();
      |         ~~~~~~~~~~~~~~~~~~^~
/home/runner/work/Mobile-gatcha-/Mobile-gatcha-/axmol/core/platform/ApplicationBase.h:117:37: note: declared here
  117 |     AX_DEPRECATED(2.8) virtual void initGLContextAttrs() {}
      |                                     ^~~~~~~~~~~~~~~~~~
[ 81%] Building CXX object engine/extensions/DragonBones/CMakeFiles/DragonBones.dir/src/DragonBones/model/CanvasData.cpp.o
[ 81%] Building CXX object engine/extensions/Particle3D/CMakeFiles/particle3d.dir/src/Particle3D/PU/PUInterParticleColliderTranslator.cpp.o
[ 82%] Building CXX object engine/extensions/ImGui/CMakeFiles/ImGui.dir/src/ImGui/imgui_demo.cpp.o
[ 82%] Building CXX object engine/extensions/DragonBones/CMakeFiles/DragonBones.dir/src/DragonBones/model/ConstraintData.cpp.o
[ 82%] Building CXX object engine/extensions/fairygui/CMakeFiles/fairygui.dir/src/fairygui/GObject.cpp.o
[ 82%] Building CXX object engine/extensions/Particle3D/CMakeFiles/particle3d.dir/src/Particle3D/PU/PUJetAffector.cpp.o
[ 82%] Building CXX object engine/extensions/DragonBones/CMakeFiles/DragonBones.dir/src/DragonBones/model/DisplayData.cpp.o
[ 82%] Building CXX object engine/extensions/DragonBones/CMakeFiles/DragonBones.dir/src/DragonBones/model/DragonBonesData.cpp.o
[ 82%] Building CXX object engine/extensions/Particle3D/CMakeFiles/particle3d.dir/src/Particle3D/PU/PUJetAffectorTranslator.cpp.o
In file included from /home/runner/work/Mobile-gatcha-/Mobile-gatcha-/axmol/core/platform/linux/Application-linux.h:30,
                 from /home/runner/work/Mobile-gatcha-/Mobile-gatcha-/axmol/core/axmol.h:220,
                 from /home/runner/work/Mobile-gatcha-/Mobile-gatcha-/axmol/core/cocos2d.h:36,
                 from /home/runner/work/Mobile-gatcha-/Mobile-gatcha-/axmol/extensions/fairygui/src/fairygui/FairyGUIMacros.h:4,
                 from /home/runner/work/Mobile-gatcha-/Mobile-gatcha-/axmol/extensions/fairygui/src/fairygui/Controller.h:4,
                 from /home/runner/work/Mobile-gatcha-/Mobile-gatcha-/axmol/extensions/fairygui/src/fairygui/GObject.h:4,
                 from /home/runner/work/Mobile-gatcha-/Mobile-gatcha-/axmol/extensions/fairygui/src/fairygui/GObject.cpp:1:
/home/runner/work/Mobile-gatcha-/Mobile-gatcha-/axmol/core/platform/ApplicationBase.h: In member function ‘virtual void ax::ApplicationBase::initGfxContextAttrs()’:
/home/runner/work/Mobile-gatcha-/Mobile-gatcha-/axmol/core/platform/ApplicationBase.h:122:27: warning: ‘virtual void ax::ApplicationBase::initGLContextAttrs()’ is deprecated [-Wdeprecated-declarations]
  122 |         initGLContextAttrs();
      |         ~~~~~~~~~~~~~~~~~~^~
/home/runner/work/Mobile-gatcha-/Mobile-gatcha-/axmol/core/platform/ApplicationBase.h:117:37: note: declared here
  117 |     AX_DEPRECATED(2.8) virtual void initGLContextAttrs() {}
      |                                     ^~~~~~~~~~~~~~~~~~
[ 82%] Building CXX object engine/extensions/DragonBones/CMakeFiles/DragonBones.dir/src/DragonBones/model/SkinData.cpp.o
[ 82%] Building CXX object engine/extensions/Particle3D/CMakeFiles/particle3d.dir/src/Particle3D/PU/PULineAffector.cpp.o
[ 82%] Building CXX object engine/extensions/ImGui/CMakeFiles/ImGui.dir/src/ImGui/imgui_draw.cpp.o
[ 82%] Building CXX object engine/extensions/Particle3D/CMakeFiles/particle3d.dir/src/Particle3D/PU/PULineAffectorTranslator.cpp.o
[ 82%] Building CXX object engine/extensions/DragonBones/CMakeFiles/DragonBones.dir/src/DragonBones/model/TextureAtlasData.cpp.o
[ 83%] Building CXX object engine/extensions/fairygui/CMakeFiles/fairygui.dir/src/fairygui/GObjectPool.cpp.o
[ 83%] Building CXX object engine/extensions/Particle3D/CMakeFiles/particle3d.dir/src/Particle3D/PU/PULineEmitter.cpp.o
[ 83%] Building CXX object engine/extensions/DragonBones/CMakeFiles/DragonBones.dir/src/DragonBones/model/UserData.cpp.o
[ 83%] Building CXX object engine/extensions/DragonBones/CMakeFiles/DragonBones.dir/src/DragonBones/parser/BinaryDataParser.cpp.o
[ 83%] Building CXX object engine/extensions/Particle3D/CMakeFiles/particle3d.dir/src/Particle3D/PU/PULineEmitterTranslator.cpp.o
In file included from /home/runner/work/Mobile-gatcha-/Mobile-gatcha-/axmol/core/platform/linux/Application-linux.h:30,
                 from /home/runner/work/Mobile-gatcha-/Mobile-gatcha-/axmol/core/axmol.h:220,
                 from /home/runner/work/Mobile-gatcha-/Mobile-gatcha-/axmol/core/cocos2d.h:36,
                 from /home/runner/work/Mobile-gatcha-/Mobile-gatcha-/axmol/extensions/fairygui/src/fairygui/FairyGUIMacros.h:4,
                 from /home/runner/work/Mobile-gatcha-/Mobile-gatcha-/axmol/extensions/fairygui/src/fairygui/GObjectPool.h:4,
                 from /home/runner/work/Mobile-gatcha-/Mobile-gatcha-/axmol/extensions/fairygui/src/fairygui/GObjectPool.cpp:1:
/home/runner/work/Mobile-gatcha-/Mobile-gatcha-/axmol/core/platform/ApplicationBase.h: In member function ‘virtual void ax::ApplicationBase::initGfxContextAttrs()’:
/home/runner/work/Mobile-gatcha-/Mobile-gatcha-/axmol/core/platform/ApplicationBase.h:122:27: warning: ‘virtual void ax::ApplicationBase::initGLContextAttrs()’ is deprecated [-Wdeprecated-declarations]
  122 |         initGLContextAttrs();
      |         ~~~~~~~~~~~~~~~~~~^~
/home/runner/work/Mobile-gatcha-/Mobile-gatcha-/axmol/core/platform/ApplicationBase.h:117:37: note: declared here
  117 |     AX_DEPRECATED(2.8) virtual void initGLContextAttrs() {}
      |                                     ^~~~~~~~~~~~~~~~~~
[ 83%] Building CXX object engine/extensions/ImGui/CMakeFiles/ImGui.dir/src/ImGui/imgui_widgets.cpp.o
[ 83%] Building CXX object engine/extensions/Particle3D/CMakeFiles/particle3d.dir/src/Particle3D/PU/PULinearForceAffector.cpp.o
[ 83%] Building CXX object engine/extensions/fairygui/CMakeFiles/fairygui.dir/src/fairygui/GProgressBar.cpp.o
[ 83%] Building CXX object engine/extensions/Particle3D/CMakeFiles/particle3d.dir/src/Particle3D/PU/PULinearForceAffectorTranslator.cpp.o
[ 83%] Building CXX object engine/extensions/DragonBones/CMakeFiles/DragonBones.dir/src/DragonBones/parser/DataParser.cpp.o
[ 83%] Building CXX object engine/extensions/Particle3D/CMakeFiles/particle3d.dir/src/Particle3D/PU/PUListener.cpp.o
[ 83%] Building CXX object engine/extensions/DragonBones/CMakeFiles/DragonBones.dir/src/DragonBones/parser/JSONDataParser.cpp.o
In file included from /home/runner/work/Mobile-gatcha-/Mobile-gatcha-/axmol/core/platform/linux/Application-linux.h:30,
                 from /home/runner/work/Mobile-gatcha-/Mobile-gatcha-/axmol/core/axmol.h:220,
                 from /home/runner/work/Mobile-gatcha-/Mobile-gatcha-/axmol/core/cocos2d.h:36,
                 from /home/runner/work/Mobile-gatcha-/Mobile-gatcha-/axmol/extensions/fairygui/src/fairygui/FairyGUIMacros.h:4,
                 from /home/runner/work/Mobile-gatcha-/Mobile-gatcha-/axmol/extensions/fairygui/src/fairygui/GProgressBar.h:4,
                 from /home/runner/work/Mobile-gatcha-/Mobile-gatcha-/axmol/extensions/fairygui/src/fairygui/GProgressBar.cpp:1:
/home/runner/work/Mobile-gatcha-/Mobile-gatcha-/axmol/core/platform/ApplicationBase.h: In member function ‘virtual void ax::ApplicationBase::initGfxContextAttrs()’:
/home/runner/work/Mobile-gatcha-/Mobile-gatcha-/axmol/core/platform/ApplicationBase.h:122:27: warning: ‘virtual void ax::ApplicationBase::initGLContextAttrs()’ is deprecated [-Wdeprecated-declarations]
  122 |         initGLContextAttrs();
      |         ~~~~~~~~~~~~~~~~~~^~
/home/runner/work/Mobile-gatcha-/Mobile-gatcha-/axmol/core/platform/ApplicationBase.h:117:37: note: declared here
  117 |     AX_DEPRECATED(2.8) virtual void initGLContextAttrs() {}
      |                                     ^~~~~~~~~~~~~~~~~~
[ 83%] Building CXX object engine/extensions/Particle3D/CMakeFiles/particle3d.dir/src/Particle3D/PU/PUMaterialManager.cpp.o
[ 83%] Building CXX object engine/extensions/fairygui/CMakeFiles/fairygui.dir/src/fairygui/GRichTextField.cpp.o
[ 84%] Building CXX object engine/extensions/Particle3D/CMakeFiles/particle3d.dir/src/Particle3D/PU/PUMaterialTranslator.cpp.o
[ 84%] Building CXX object engine/extensions/ImGui/CMakeFiles/ImGui.dir/src/ImGui/imgui_tables.cpp.o
In file included from /home/runner/work/Mobile-gatcha-/Mobile-gatcha-/axmol/core/platform/linux/Application-linux.h:30,
                 from /home/runner/work/Mobile-gatcha-/Mobile-gatcha-/axmol/core/axmol.h:220,
                 from /home/runner/work/Mobile-gatcha-/Mobile-gatcha-/axmol/core/cocos2d.h:36,
                 from /home/runner/work/Mobile-gatcha-/Mobile-gatcha-/axmol/extensions/fairygui/src/fairygui/GRichTextField.h:4,
                 from /home/runner/work/Mobile-gatcha-/Mobile-gatcha-/axmol/extensions/fairygui/src/fairygui/GRichTextField.cpp:1:
/home/runner/work/Mobile-gatcha-/Mobile-gatcha-/axmol/core/platform/ApplicationBase.h: In member function ‘virtual void ax::ApplicationBase::initGfxContextAttrs()’:
/home/runner/work/Mobile-gatcha-/Mobile-gatcha-/axmol/core/platform/ApplicationBase.h:122:27: warning: ‘virtual void ax::ApplicationBase::initGLContextAttrs()’ is deprecated [-Wdeprecated-declarations]
  122 |         initGLContextAttrs();
      |         ~~~~~~~~~~~~~~~~~~^~
/home/runner/work/Mobile-gatcha-/Mobile-gatcha-/axmol/core/platform/ApplicationBase.h:117:37: note: declared here
  117 |     AX_DEPRECATED(2.8) virtual void initGLContextAttrs() {}
      |                                     ^~~~~~~~~~~~~~~~~~
[ 84%] Building CXX object engine/extensions/Particle3D/CMakeFiles/particle3d.dir/src/Particle3D/PU/PUMeshSurfaceEmitter.cpp.o
[ 84%] Building CXX object engine/extensions/fairygui/CMakeFiles/fairygui.dir/src/fairygui/GRoot.cpp.o
[ 84%] Linking CXX static library ../../../lib/libDragonBones.a
[ 84%] Built target DragonBones
[ 84%] Building CXX object engine/extensions/fairygui/CMakeFiles/fairygui.dir/src/fairygui/GScrollBar.cpp.o
[ 84%] Building CXX object engine/extensions/Particle3D/CMakeFiles/particle3d.dir/src/Particle3D/PU/PUMeshSurfaceEmitterTranslator.cpp.o
[ 84%] Building CXX object engine/extensions/ImGui/CMakeFiles/ImGui.dir/src/ImGui/misc/cpp/imgui_stdlib.cpp.o
[ 84%] Building CXX object engine/extensions/ImGui/CMakeFiles/ImGui.dir/src/ImGui/misc/freetype/imgui_freetype.cpp.o
[ 84%] Building CXX object engine/extensions/Particle3D/CMakeFiles/particle3d.dir/src/Particle3D/PU/PUNoise.cpp.o
[ 84%] Building CXX object engine/extensions/ImGui/CMakeFiles/ImGui.dir/src/ImGui/backends/imgui_impl_axmol.cpp.o
In file included from /home/runner/work/Mobile-gatcha-/Mobile-gatcha-/axmol/core/platform/linux/Application-linux.h:30,
                 from /home/runner/work/Mobile-gatcha-/Mobile-gatcha-/axmol/core/axmol.h:220,
                 from /home/runner/work/Mobile-gatcha-/Mobile-gatcha-/axmol/core/cocos2d.h:36,
                 from /home/runner/work/Mobile-gatcha-/Mobile-gatcha-/axmol/extensions/fairygui/src/fairygui/FairyGUIMacros.h:4,
                 from /home/runner/work/Mobile-gatcha-/Mobile-gatcha-/axmol/extensions/fairygui/src/fairygui/GRoot.h:4,
                 from /home/runner/work/Mobile-gatcha-/Mobile-gatcha-/axmol/extensions/fairygui/src/fairygui/GRoot.cpp:26:
/home/runner/work/Mobile-gatcha-/Mobile-gatcha-/axmol/core/platform/ApplicationBase.h: In member function ‘virtual void ax::ApplicationBase::initGfxContextAttrs()’:
/home/runner/work/Mobile-gatcha-/Mobile-gatcha-/axmol/core/platform/ApplicationBase.h:122:27: warning: ‘virtual void ax::ApplicationBase::initGLContextAttrs()’ is deprecated [-Wdeprecated-declarations]
  122 |         initGLContextAttrs();
      |         ~~~~~~~~~~~~~~~~~~^~
/home/runner/work/Mobile-gatcha-/Mobile-gatcha-/axmol/core/platform/ApplicationBase.h:117:37: note: declared here
  117 |     AX_DEPRECATED(2.8) virtual void initGLContextAttrs() {}
      |                                     ^~~~~~~~~~~~~~~~~~
[ 84%] Building CXX object engine/extensions/Particle3D/CMakeFiles/particle3d.dir/src/Particle3D/PU/PUObserver.cpp.o
In file included from /home/runner/work/Mobile-gatcha-/Mobile-gatcha-/axmol/core/platform/linux/Application-linux.h:30,
                 from /home/runner/work/Mobile-gatcha-/Mobile-gatcha-/axmol/core/axmol.h:220,
                 from /home/runner/work/Mobile-gatcha-/Mobile-gatcha-/axmol/core/cocos2d.h:36,
                 from /home/runner/work/Mobile-gatcha-/Mobile-gatcha-/axmol/extensions/fairygui/src/fairygui/FairyGUIMacros.h:4,
                 from /home/runner/work/Mobile-gatcha-/Mobile-gatcha-/axmol/extensions/fairygui/src/fairygui/GScrollBar.h:4,
                 from /home/runner/work/Mobile-gatcha-/Mobile-gatcha-/axmol/extensions/fairygui/src/fairygui/GScrollBar.cpp:1:
/home/runner/work/Mobile-gatcha-/Mobile-gatcha-/axmol/core/platform/ApplicationBase.h: In member function ‘virtual void ax::ApplicationBase::initGfxContextAttrs()’:
/home/runner/work/Mobile-gatcha-/Mobile-gatcha-/axmol/core/platform/ApplicationBase.h:122:27: warning: ‘virtual void ax::ApplicationBase::initGLContextAttrs()’ is deprecated [-Wdeprecated-declarations]
  122 |         initGLContextAttrs();
      |         ~~~~~~~~~~~~~~~~~~^~
/home/runner/work/Mobile-gatcha-/Mobile-gatcha-/axmol/core/platform/ApplicationBase.h:117:37: note: declared here
  117 |     AX_DEPRECATED(2.8) virtual void initGLContextAttrs() {}
      |                                     ^~~~~~~~~~~~~~~~~~
[ 84%] Building CXX object engine/extensions/ImGui/CMakeFiles/ImGui.dir/src/ImGui/backends/imgui_impl_glfw.cpp.o
[ 84%] Building CXX object engine/extensions/fairygui/CMakeFiles/fairygui.dir/src/fairygui/GSlider.cpp.o
[ 84%] Building CXX object engine/extensions/Particle3D/CMakeFiles/particle3d.dir/src/Particle3D/PU/PUObserverManager.cpp.o
[ 84%] Building CXX object engine/extensions/fairygui/CMakeFiles/fairygui.dir/src/fairygui/GTextField.cpp.o
[ 84%] Linking CXX static library ../../../lib/libImGui.a
[ 84%] Built target ImGui
[ 84%] Building CXX object engine/extensions/Inspector/CMakeFiles/Inspector.dir/src/Inspector/Inspector.cpp.o
[ 84%] Building CXX object engine/extensions/Particle3D/CMakeFiles/particle3d.dir/src/Particle3D/PU/PUObserverTranslator.cpp.o
In file included from /home/runner/work/Mobile-gatcha-/Mobile-gatcha-/axmol/core/platform/linux/Application-linux.h:30,
                 from /home/runner/work/Mobile-gatcha-/Mobile-gatcha-/axmol/core/axmol.h:220,
                 from /home/runner/work/Mobile-gatcha-/Mobile-gatcha-/axmol/core/cocos2d.h:36,
                 from /home/runner/work/Mobile-gatcha-/Mobile-gatcha-/axmol/extensions/fairygui/src/fairygui/FairyGUIMacros.h:4,
                 from /home/runner/work/Mobile-gatcha-/Mobile-gatcha-/axmol/extensions/fairygui/src/fairygui/GSlider.h:4,
                 from /home/runner/work/Mobile-gatcha-/Mobile-gatcha-/axmol/extensions/fairygui/src/fairygui/GSlider.cpp:1:
/home/runner/work/Mobile-gatcha-/Mobile-gatcha-/axmol/core/platform/ApplicationBase.h: In member function ‘virtual void ax::ApplicationBase::initGfxContextAttrs()’:
/home/runner/work/Mobile-gatcha-/Mobile-gatcha-/axmol/core/platform/ApplicationBase.h:122:27: warning: ‘virtual void ax::ApplicationBase::initGLContextAttrs()’ is deprecated [-Wdeprecated-declarations]
  122 |         initGLContextAttrs();
      |         ~~~~~~~~~~~~~~~~~~^~
/home/runner/work/Mobile-gatcha-/Mobile-gatcha-/axmol/core/platform/ApplicationBase.h:117:37: note: declared here
  117 |     AX_DEPRECATED(2.8) virtual void initGLContextAttrs() {}
      |                                     ^~~~~~~~~~~~~~~~~~
[ 84%] Building CXX object engine/extensions/Particle3D/CMakeFiles/particle3d.dir/src/Particle3D/PU/PUOnClearObserver.cpp.o
In file included from /home/runner/work/Mobile-gatcha-/Mobile-gatcha-/axmol/core/platform/linux/Application-linux.h:30,
                 from /home/runner/work/Mobile-gatcha-/Mobile-gatcha-/axmol/core/axmol.h:220,
                 from /home/runner/work/Mobile-gatcha-/Mobile-gatcha-/axmol/core/cocos2d.h:36,
                 from /home/runner/work/Mobile-gatcha-/Mobile-gatcha-/axmol/extensions/fairygui/src/fairygui/GTextField.h:4,
                 from /home/runner/work/Mobile-gatcha-/Mobile-gatcha-/axmol/extensions/fairygui/src/fairygui/GTextField.cpp:1:
/home/runner/work/Mobile-gatcha-/Mobile-gatcha-/axmol/core/platform/ApplicationBase.h: In member function ‘virtual void ax::ApplicationBase::initGfxContextAttrs()’:
/home/runner/work/Mobile-gatcha-/Mobile-gatcha-/axmol/core/platform/ApplicationBase.h:122:27: warning: ‘virtual void ax::ApplicationBase::initGLContextAttrs()’ is deprecated [-Wdeprecated-declarations]
  122 |         initGLContextAttrs();
      |         ~~~~~~~~~~~~~~~~~~^~
/home/runner/work/Mobile-gatcha-/Mobile-gatcha-/axmol/core/platform/ApplicationBase.h:117:37: note: declared here
  117 |     AX_DEPRECATED(2.8) virtual void initGLContextAttrs() {}
      |                                     ^~~~~~~~~~~~~~~~~~
[ 84%] Building CXX object engine/extensions/Particle3D/CMakeFiles/particle3d.dir/src/Particle3D/PU/PUOnClearObserverTranslator.cpp.o
[ 84%] Building CXX object engine/extensions/SDFGen/CMakeFiles/SDFGen.dir/src/SDFGen/SDFGen.cpp.o
In file included from /home/runner/work/Mobile-gatcha-/Mobile-gatcha-/axmol/core/platform/linux/Application-linux.h:30,
                 from /home/runner/work/Mobile-gatcha-/Mobile-gatcha-/axmol/core/axmol.h:220,
                 from /home/runner/work/Mobile-gatcha-/Mobile-gatcha-/axmol/extensions/ImGui/src/ImGui/ImGuiPresenter.h:30,
                 from /home/runner/work/Mobile-gatcha-/Mobile-gatcha-/axmol/extensions/Inspector/src/Inspector/Inspector.cpp:2:
/home/runner/work/Mobile-gatcha-/Mobile-gatcha-/axmol/core/platform/ApplicationBase.h: In member function ‘virtual void ax::ApplicationBase::initGfxContextAttrs()’:
/home/runner/work/Mobile-gatcha-/Mobile-gatcha-/axmol/core/platform/ApplicationBase.h:122:27: warning: ‘virtual void ax::ApplicationBase::initGLContextAttrs()’ is deprecated [-Wdeprecated-declarations]
  122 |         initGLContextAttrs();
      |         ~~~~~~~~~~~~~~~~~~^~
/home/runner/work/Mobile-gatcha-/Mobile-gatcha-/axmol/core/platform/ApplicationBase.h:117:37: note: declared here
  117 |     AX_DEPRECATED(2.8) virtual void initGLContextAttrs() {}
      |                                     ^~~~~~~~~~~~~~~~~~
[ 84%] Building CXX object engine/extensions/Particle3D/CMakeFiles/particle3d.dir/src/Particle3D/PU/PUOnCollisionObserver.cpp.o
[ 84%] Building CXX object engine/extensions/fairygui/CMakeFiles/fairygui.dir/src/fairygui/GTextInput.cpp.o
[ 84%] Linking CXX static library ../../../lib/libInspector.a
[ 84%] Built target Inspector
[ 84%] Building CXX object engine/extensions/Particle3D/CMakeFiles/particle3d.dir/src/Particle3D/PU/PUOnCollisionObserverTranslator.cpp.o
[ 84%] Building CXX object engine/extensions/fairygui/CMakeFiles/fairygui.dir/src/fairygui/GTree.cpp.o
In file included from /home/runner/work/Mobile-gatcha-/Mobile-gatcha-/axmol/core/platform/linux/Application-linux.h:30,
                 from /home/runner/work/Mobile-gatcha-/Mobile-gatcha-/axmol/core/axmol.h:220,
                 from /home/runner/work/Mobile-gatcha-/Mobile-gatcha-/axmol/extensions/SDFGen/src/SDFGen/SDFGen.h:3,
                 from /home/runner/work/Mobile-gatcha-/Mobile-gatcha-/axmol/extensions/SDFGen/src/SDFGen/SDFGen.cpp:1:
/home/runner/work/Mobile-gatcha-/Mobile-gatcha-/axmol/core/platform/ApplicationBase.h: In member function ‘virtual void ax::ApplicationBase::initGfxContextAttrs()’:
/home/runner/work/Mobile-gatcha-/Mobile-gatcha-/axmol/core/platform/ApplicationBase.h:122:27: warning: ‘virtual void ax::ApplicationBase::initGLContextAttrs()’ is deprecated [-Wdeprecated-declarations]
  122 |         initGLContextAttrs();
      |         ~~~~~~~~~~~~~~~~~~^~
/home/runner/work/Mobile-gatcha-/Mobile-gatcha-/axmol/core/platform/ApplicationBase.h:117:37: note: declared here
  117 |     AX_DEPRECATED(2.8) virtual void initGLContextAttrs() {}
      |                                     ^~~~~~~~~~~~~~~~~~
[ 84%] Building CXX object engine/extensions/Particle3D/CMakeFiles/particle3d.dir/src/Particle3D/PU/PUOnCountObserver.cpp.o
In file included from /home/runner/work/Mobile-gatcha-/Mobile-gatcha-/axmol/core/platform/linux/Application-linux.h:30,
                 from /home/runner/work/Mobile-gatcha-/Mobile-gatcha-/axmol/core/axmol.h:220,
                 from /home/runner/work/Mobile-gatcha-/Mobile-gatcha-/axmol/core/cocos2d.h:36,
                 from /home/runner/work/Mobile-gatcha-/Mobile-gatcha-/axmol/extensions/fairygui/src/fairygui/GTextInput.h:4,
                 from /home/runner/work/Mobile-gatcha-/Mobile-gatcha-/axmol/extensions/fairygui/src/fairygui/GTextInput.cpp:1:
/home/runner/work/Mobile-gatcha-/Mobile-gatcha-/axmol/core/platform/ApplicationBase.h: In member function ‘virtual void ax::ApplicationBase::initGfxContextAttrs()’:
/home/runner/work/Mobile-gatcha-/Mobile-gatcha-/axmol/core/platform/ApplicationBase.h:122:27: warning: ‘virtual void ax::ApplicationBase::initGLContextAttrs()’ is deprecated [-Wdeprecated-declarations]
  122 |         initGLContextAttrs();
      |         ~~~~~~~~~~~~~~~~~~^~
/home/runner/work/Mobile-gatcha-/Mobile-gatcha-/axmol/core/platform/ApplicationBase.h:117:37: note: declared here
  117 |     AX_DEPRECATED(2.8) virtual void initGLContextAttrs() {}
      |                                     ^~~~~~~~~~~~~~~~~~
[ 84%] Building CXX object engine/extensions/Particle3D/CMakeFiles/particle3d.dir/src/Particle3D/PU/PUOnCountObserverTranslator.cpp.o
[ 84%] Linking CXX static library ../../../lib/libSDFGen.a
In file included from /home/runner/work/Mobile-gatcha-/Mobile-gatcha-/axmol/core/platform/linux/Application-linux.h:30,
                 from /home/runner/work/Mobile-gatcha-/Mobile-gatcha-/axmol/core/axmol.h:220,
                 from /home/runner/work/Mobile-gatcha-/Mobile-gatcha-/axmol/core/cocos2d.h:36,
                 from /home/runner/work/Mobile-gatcha-/Mobile-gatcha-/axmol/extensions/fairygui/src/fairygui/FairyGUIMacros.h:4,
                 from /home/runner/work/Mobile-gatcha-/Mobile-gatcha-/axmol/extensions/fairygui/src/fairygui/GTree.h:4,
                 from /home/runner/work/Mobile-gatcha-/Mobile-gatcha-/axmol/extensions/fairygui/src/fairygui/GTree.cpp:1:
/home/runner/work/Mobile-gatcha-/Mobile-gatcha-/axmol/core/platform/ApplicationBase.h: In member function ‘virtual void ax::ApplicationBase::initGfxContextAttrs()’:
/home/runner/work/Mobile-gatcha-/Mobile-gatcha-/axmol/core/platform/ApplicationBase.h:122:27: warning: ‘virtual void ax::ApplicationBase::initGLContextAttrs()’ is deprecated [-Wdeprecated-declarations]
  122 |         initGLContextAttrs();
      |         ~~~~~~~~~~~~~~~~~~^~
/home/runner/work/Mobile-gatcha-/Mobile-gatcha-/axmol/core/platform/ApplicationBase.h:117:37: note: declared here
  117 |     AX_DEPRECATED(2.8) virtual void initGLContextAttrs() {}
      |                                     ^~~~~~~~~~~~~~~~~~
[ 84%] Built target SDFGen
[ 84%] Building CXX object engine/extensions/cocostudio/CMakeFiles/cocostudio.dir/src/cocostudio/ActionFrame.cpp.o
[ 84%] Building CXX object engine/extensions/Particle3D/CMakeFiles/particle3d.dir/src/Particle3D/PU/PUOnEmissionObserver.cpp.o
[ 84%] Building CXX object engine/extensions/cocostudio/CMakeFiles/cocostudio.dir/src/cocostudio/ActionFrameEasing.cpp.o
[ 84%] Building CXX object engine/extensions/fairygui/CMakeFiles/fairygui.dir/src/fairygui/GTreeNode.cpp.o
[ 84%] Building CXX object engine/extensions/Particle3D/CMakeFiles/particle3d.dir/src/Particle3D/PU/PUOnEmissionObserverTranslator.cpp.o
[ 84%] Building CXX object engine/extensions/fairygui/CMakeFiles/fairygui.dir/src/fairygui/Margin.cpp.o
[ 84%] Building CXX object engine/extensions/cocostudio/CMakeFiles/cocostudio.dir/src/cocostudio/ActionManagerEx.cpp.o
[ 84%] Building CXX object engine/extensions/Particle3D/CMakeFiles/particle3d.dir/src/Particle3D/PU/PUOnEventFlagObserver.cpp.o
[ 84%] Building CXX object engine/extensions/cocostudio/CMakeFiles/cocostudio.dir/src/cocostudio/ActionNode.cpp.o
[ 84%] Building CXX object engine/extensions/Particle3D/CMakeFiles/particle3d.dir/src/Particle3D/PU/PUOnEventFlagObserverTranslator.cpp.o
In file included from /home/runner/work/Mobile-gatcha-/Mobile-gatcha-/axmol/core/platform/linux/Application-linux.h:30,
                 from /home/runner/work/Mobile-gatcha-/Mobile-gatcha-/axmol/core/axmol.h:220,
                 from /home/runner/work/Mobile-gatcha-/Mobile-gatcha-/axmol/core/cocos2d.h:36,
                 from /home/runner/work/Mobile-gatcha-/Mobile-gatcha-/axmol/extensions/fairygui/src/fairygui/FairyGUIMacros.h:4,
                 from /home/runner/work/Mobile-gatcha-/Mobile-gatcha-/axmol/extensions/fairygui/src/fairygui/GTreeNode.h:4,
                 from /home/runner/work/Mobile-gatcha-/Mobile-gatcha-/axmol/extensions/fairygui/src/fairygui/GTreeNode.cpp:1:
/home/runner/work/Mobile-gatcha-/Mobile-gatcha-/axmol/core/platform/ApplicationBase.h: In member function ‘virtual void ax::ApplicationBase::initGfxContextAttrs()’:
/home/runner/work/Mobile-gatcha-/Mobile-gatcha-/axmol/core/platform/ApplicationBase.h:122:27: warning: ‘virtual void ax::ApplicationBase::initGLContextAttrs()’ is deprecated [-Wdeprecated-declarations]
  122 |         initGLContextAttrs();
      |         ~~~~~~~~~~~~~~~~~~^~
/home/runner/work/Mobile-gatcha-/Mobile-gatcha-/axmol/core/platform/ApplicationBase.h:117:37: note: declared here
  117 |     AX_DEPRECATED(2.8) virtual void initGLContextAttrs() {}
      |                                     ^~~~~~~~~~~~~~~~~~
In file included from /home/runner/work/Mobile-gatcha-/Mobile-gatcha-/axmol/core/platform/linux/Application-linux.h:30,
                 from /home/runner/work/Mobile-gatcha-/Mobile-gatcha-/axmol/core/axmol.h:220,
                 from /home/runner/work/Mobile-gatcha-/Mobile-gatcha-/axmol/core/cocos2d.h:36,
                 from /home/runner/work/Mobile-gatcha-/Mobile-gatcha-/axmol/extensions/fairygui/src/fairygui/FairyGUIMacros.h:4,
                 from /home/runner/work/Mobile-gatcha-/Mobile-gatcha-/axmol/extensions/fairygui/src/fairygui/Margin.h:4,
                 from /home/runner/work/Mobile-gatcha-/Mobile-gatcha-/axmol/extensions/fairygui/src/fairygui/Margin.cpp:1:
/home/runner/work/Mobile-gatcha-/Mobile-gatcha-/axmol/core/platform/ApplicationBase.h: In member function ‘virtual void ax::ApplicationBase::initGfxContextAttrs()’:
/home/runner/work/Mobile-gatcha-/Mobile-gatcha-/axmol/core/platform/ApplicationBase.h:122:27: warning: ‘virtual void ax::ApplicationBase::initGLContextAttrs()’ is deprecated [-Wdeprecated-declarations]
  122 |         initGLContextAttrs();
      |         ~~~~~~~~~~~~~~~~~~^~
/home/runner/work/Mobile-gatcha-/Mobile-gatcha-/axmol/core/platform/ApplicationBase.h:117:37: note: declared here
  117 |     AX_DEPRECATED(2.8) virtual void initGLContextAttrs() {}
      |                                     ^~~~~~~~~~~~~~~~~~
[ 85%] Building CXX object engine/extensions/Particle3D/CMakeFiles/particle3d.dir/src/Particle3D/PU/PUOnExpireObserver.cpp.o
[ 85%] Building CXX object engine/extensions/cocostudio/CMakeFiles/cocostudio.dir/src/cocostudio/ActionObject.cpp.o
[ 85%] Building CXX object engine/extensions/fairygui/CMakeFiles/fairygui.dir/src/fairygui/PackageItem.cpp.o
[ 85%] Building CXX object engine/extensions/Particle3D/CMakeFiles/particle3d.dir/src/Particle3D/PU/PUOnExpireObserverTranslator.cpp.o
[ 85%] Building CXX object engine/extensions/fairygui/CMakeFiles/fairygui.dir/src/fairygui/PopupMenu.cpp.o
[ 85%] Building CXX object engine/extensions/Particle3D/CMakeFiles/particle3d.dir/src/Particle3D/PU/PUOnPositionObserver.cpp.o
[ 85%] Building CXX object engine/extensions/cocostudio/CMakeFiles/cocostudio.dir/src/cocostudio/ActionTimeline/ActionTimeline.cpp.o
In file included from /home/runner/work/Mobile-gatcha-/Mobile-gatcha-/axmol/core/platform/linux/Application-linux.h:30,
                 from /home/runner/work/Mobile-gatcha-/Mobile-gatcha-/axmol/core/axmol.h:220,
                 from /home/runner/work/Mobile-gatcha-/Mobile-gatcha-/axmol/core/cocos2d.h:36,
                 from /home/runner/work/Mobile-gatcha-/Mobile-gatcha-/axmol/extensions/fairygui/src/fairygui/FairyGUIMacros.h:4,
                 from /home/runner/work/Mobile-gatcha-/Mobile-gatcha-/axmol/extensions/fairygui/src/fairygui/PackageItem.h:4,
                 from /home/runner/work/Mobile-gatcha-/Mobile-gatcha-/axmol/extensions/fairygui/src/fairygui/PackageItem.cpp:1:
/home/runner/work/Mobile-gatcha-/Mobile-gatcha-/axmol/core/platform/ApplicationBase.h: In member function ‘virtual void ax::ApplicationBase::initGfxContextAttrs()’:
/home/runner/work/Mobile-gatcha-/Mobile-gatcha-/axmol/core/platform/ApplicationBase.h:122:27: warning: ‘virtual void ax::ApplicationBase::initGLContextAttrs()’ is deprecated [-Wdeprecated-declarations]
  122 |         initGLContextAttrs();
      |         ~~~~~~~~~~~~~~~~~~^~
/home/runner/work/Mobile-gatcha-/Mobile-gatcha-/axmol/core/platform/ApplicationBase.h:117:37: note: declared here
  117 |     AX_DEPRECATED(2.8) virtual void initGLContextAttrs() {}
      |                                     ^~~~~~~~~~~~~~~~~~
[ 85%] Building CXX object engine/extensions/Particle3D/CMakeFiles/particle3d.dir/src/Particle3D/PU/PUOnPositionObserverTranslator.cpp.o
[ 85%] Building CXX object engine/extensions/Particle3D/CMakeFiles/particle3d.dir/src/Particle3D/PU/PUOnQuotaObserver.cpp.o
In file included from /home/runner/work/Mobile-gatcha-/Mobile-gatcha-/axmol/core/platform/linux/Application-linux.h:30,
                 from /home/runner/work/Mobile-gatcha-/Mobile-gatcha-/axmol/core/axmol.h:220,
                 from /home/runner/work/Mobile-gatcha-/Mobile-gatcha-/axmol/core/cocos2d.h:36,
                 from /home/runner/work/Mobile-gatcha-/Mobile-gatcha-/axmol/extensions/fairygui/src/fairygui/FairyGUIMacros.h:4,
                 from /home/runner/work/Mobile-gatcha-/Mobile-gatcha-/axmol/extensions/fairygui/src/fairygui/PopupMenu.h:4,
                 from /home/runner/work/Mobile-gatcha-/Mobile-gatcha-/axmol/extensions/fairygui/src/fairygui/PopupMenu.cpp:26:
/home/runner/work/Mobile-gatcha-/Mobile-gatcha-/axmol/core/platform/ApplicationBase.h: In member function ‘virtual void ax::ApplicationBase::initGfxContextAttrs()’:
/home/runner/work/Mobile-gatcha-/Mobile-gatcha-/axmol/core/platform/ApplicationBase.h:122:27: warning: ‘virtual void ax::ApplicationBase::initGLContextAttrs()’ is deprecated [-Wdeprecated-declarations]
  122 |         initGLContextAttrs();
      |         ~~~~~~~~~~~~~~~~~~^~
/home/runner/work/Mobile-gatcha-/Mobile-gatcha-/axmol/core/platform/ApplicationBase.h:117:37: note: declared here
  117 |     AX_DEPRECATED(2.8) virtual void initGLContextAttrs() {}
      |                                     ^~~~~~~~~~~~~~~~~~
[ 85%] Building CXX object engine/extensions/cocostudio/CMakeFiles/cocostudio.dir/src/cocostudio/ActionTimeline/ActionTimelineCache.cpp.o
[ 85%] Building CXX object engine/extensions/Particle3D/CMakeFiles/particle3d.dir/src/Particle3D/PU/PUOnQuotaObserverTranslator.cpp.o
[ 85%] Building CXX object engine/extensions/fairygui/CMakeFiles/fairygui.dir/src/fairygui/RelationItem.cpp.o
[ 85%] Building CXX object engine/extensions/Particle3D/CMakeFiles/particle3d.dir/src/Particle3D/PU/PUOnRandomObserver.cpp.o
[ 85%] Building CXX object engine/extensions/fairygui/CMakeFiles/fairygui.dir/src/fairygui/Relations.cpp.o
[ 85%] Building CXX object engine/extensions/Particle3D/CMakeFiles/particle3d.dir/src/Particle3D/PU/PUOnRandomObserverTranslator.cpp.o
[ 85%] Building CXX object engine/extensions/Particle3D/CMakeFiles/particle3d.dir/src/Particle3D/PU/PUOnTimeObserver.cpp.o
In file included from /home/runner/work/Mobile-gatcha-/Mobile-gatcha-/axmol/core/platform/linux/Application-linux.h:30,
                 from /home/runner/work/Mobile-gatcha-/Mobile-gatcha-/axmol/core/axmol.h:220,
                 from /home/runner/work/Mobile-gatcha-/Mobile-gatcha-/axmol/core/cocos2d.h:36,
                 from /home/runner/work/Mobile-gatcha-/Mobile-gatcha-/axmol/extensions/fairygui/src/fairygui/RelationItem.h:4,
                 from /home/runner/work/Mobile-gatcha-/Mobile-gatcha-/axmol/extensions/fairygui/src/fairygui/RelationItem.cpp:1:
/home/runner/work/Mobile-gatcha-/Mobile-gatcha-/axmol/core/platform/ApplicationBase.h: In member function ‘virtual void ax::ApplicationBase::initGfxContextAttrs()’:
/home/runner/work/Mobile-gatcha-/Mobile-gatcha-/axmol/core/platform/ApplicationBase.h:122:27: warning: ‘virtual void ax::ApplicationBase::initGLContextAttrs()’ is deprecated [-Wdeprecated-declarations]
  122 |         initGLContextAttrs();
      |         ~~~~~~~~~~~~~~~~~~^~
/home/runner/work/Mobile-gatcha-/Mobile-gatcha-/axmol/core/platform/ApplicationBase.h:117:37: note: declared here
  117 |     AX_DEPRECATED(2.8) virtual void initGLContextAttrs() {}
      |                                     ^~~~~~~~~~~~~~~~~~
[ 85%] Building CXX object engine/extensions/cocostudio/CMakeFiles/cocostudio.dir/src/cocostudio/ActionTimeline/ActionTimelineData.cpp.o
In file included from /home/runner/work/Mobile-gatcha-/Mobile-gatcha-/axmol/core/platform/linux/Application-linux.h:30,
                 from /home/runner/work/Mobile-gatcha-/Mobile-gatcha-/axmol/core/axmol.h:220,
                 from /home/runner/work/Mobile-gatcha-/Mobile-gatcha-/axmol/core/cocos2d.h:36,
                 from /home/runner/work/Mobile-gatcha-/Mobile-gatcha-/axmol/extensions/fairygui/src/fairygui/Relations.h:4,
                 from /home/runner/work/Mobile-gatcha-/Mobile-gatcha-/axmol/extensions/fairygui/src/fairygui/Relations.cpp:1:
/home/runner/work/Mobile-gatcha-/Mobile-gatcha-/axmol/core/platform/ApplicationBase.h: In member function ‘virtual void ax::ApplicationBase::initGfxContextAttrs()’:
/home/runner/work/Mobile-gatcha-/Mobile-gatcha-/axmol/core/platform/ApplicationBase.h:122:27: warning: ‘virtual void ax::ApplicationBase::initGLContextAttrs()’ is deprecated [-Wdeprecated-declarations]
  122 |         initGLContextAttrs();
      |         ~~~~~~~~~~~~~~~~~~^~
/home/runner/work/Mobile-gatcha-/Mobile-gatcha-/axmol/core/platform/ApplicationBase.h:117:37: note: declared here
  117 |     AX_DEPRECATED(2.8) virtual void initGLContextAttrs() {}
      |                                     ^~~~~~~~~~~~~~~~~~
[ 85%] Building CXX object engine/extensions/Particle3D/CMakeFiles/particle3d.dir/src/Particle3D/PU/PUOnTimeObserverTranslator.cpp.o
[ 85%] Building CXX object engine/extensions/cocostudio/CMakeFiles/cocostudio.dir/src/cocostudio/ActionTimeline/ActionTimelineNode.cpp.o
[ 85%] Building CXX object engine/extensions/Particle3D/CMakeFiles/particle3d.dir/src/Particle3D/PU/PUOnVelocityObserver.cpp.o
[ 85%] Building CXX object engine/extensions/fairygui/CMakeFiles/fairygui.dir/src/fairygui/ScrollPane.cpp.o
[ 85%] Building CXX object engine/extensions/fairygui/CMakeFiles/fairygui.dir/src/fairygui/Transition.cpp.o
[ 85%] Building CXX object engine/extensions/cocostudio/CMakeFiles/cocostudio.dir/src/cocostudio/ActionTimeline/BoneNode.cpp.o
[ 85%] Building CXX object engine/extensions/Particle3D/CMakeFiles/particle3d.dir/src/Particle3D/PU/PUOnVelocityObserverTranslator.cpp.o
[ 85%] Building CXX object engine/extensions/Particle3D/CMakeFiles/particle3d.dir/src/Particle3D/PU/PUParticleFollower.cpp.o
In file included from /home/runner/work/Mobile-gatcha-/Mobile-gatcha-/axmol/core/platform/linux/Application-linux.h:30,
                 from /home/runner/work/Mobile-gatcha-/Mobile-gatcha-/axmol/core/axmol.h:220,
                 from /home/runner/work/Mobile-gatcha-/Mobile-gatcha-/axmol/core/cocos2d.h:36,
                 from /home/runner/work/Mobile-gatcha-/Mobile-gatcha-/axmol/extensions/fairygui/src/fairygui/FairyGUIMacros.h:4,
                 from /home/runner/work/Mobile-gatcha-/Mobile-gatcha-/axmol/extensions/fairygui/src/fairygui/ScrollPane.h:4,
                 from /home/runner/work/Mobile-gatcha-/Mobile-gatcha-/axmol/extensions/fairygui/src/fairygui/ScrollPane.cpp:1:
/home/runner/work/Mobile-gatcha-/Mobile-gatcha-/axmol/core/platform/ApplicationBase.h: In member function ‘virtual void ax::ApplicationBase::initGfxContextAttrs()’:
/home/runner/work/Mobile-gatcha-/Mobile-gatcha-/axmol/core/platform/ApplicationBase.h:122:27: warning: ‘virtual void ax::ApplicationBase::initGLContextAttrs()’ is deprecated [-Wdeprecated-declarations]
  122 |         initGLContextAttrs();
      |         ~~~~~~~~~~~~~~~~~~^~
/home/runner/work/Mobile-gatcha-/Mobile-gatcha-/axmol/core/platform/ApplicationBase.h:117:37: note: declared here
  117 |     AX_DEPRECATED(2.8) virtual void initGLContextAttrs() {}
      |                                     ^~~~~~~~~~~~~~~~~~
In file included from /home/runner/work/Mobile-gatcha-/Mobile-gatcha-/axmol/core/platform/linux/Application-linux.h:30,
                 from /home/runner/work/Mobile-gatcha-/Mobile-gatcha-/axmol/core/axmol.h:220,
                 from /home/runner/work/Mobile-gatcha-/Mobile-gatcha-/axmol/core/cocos2d.h:36,
                 from /home/runner/work/Mobile-gatcha-/Mobile-gatcha-/axmol/extensions/fairygui/src/fairygui/FairyGUIMacros.h:4,
                 from /home/runner/work/Mobile-gatcha-/Mobile-gatcha-/axmol/extensions/fairygui/src/fairygui/Transition.h:4,
                 from /home/runner/work/Mobile-gatcha-/Mobile-gatcha-/axmol/extensions/fairygui/src/fairygui/Transition.cpp:1:
/home/runner/work/Mobile-gatcha-/Mobile-gatcha-/axmol/core/platform/ApplicationBase.h: In member function ‘virtual void ax::ApplicationBase::initGfxContextAttrs()’:
/home/runner/work/Mobile-gatcha-/Mobile-gatcha-/axmol/core/platform/ApplicationBase.h:122:27: warning: ‘virtual void ax::ApplicationBase::initGLContextAttrs()’ is deprecated [-Wdeprecated-declarations]
  122 |         initGLContextAttrs();
      |         ~~~~~~~~~~~~~~~~~~^~
/home/runner/work/Mobile-gatcha-/Mobile-gatcha-/axmol/core/platform/ApplicationBase.h:117:37: note: declared here
  117 |     AX_DEPRECATED(2.8) virtual void initGLContextAttrs() {}
      |                                     ^~~~~~~~~~~~~~~~~~
[ 85%] Building CXX object engine/extensions/Particle3D/CMakeFiles/particle3d.dir/src/Particle3D/PU/PUParticleFollowerTranslator.cpp.o
[ 86%] Building CXX object engine/extensions/cocostudio/CMakeFiles/cocostudio.dir/src/cocostudio/ActionTimeline/CSLoader.cpp.o
[ 86%] Building CXX object engine/extensions/Particle3D/CMakeFiles/particle3d.dir/src/Particle3D/PU/PUParticleSystem3D.cpp.o
[ 87%] Building CXX object engine/extensions/fairygui/CMakeFiles/fairygui.dir/src/fairygui/TranslationHelper.cpp.o
[ 87%] Building CXX object engine/extensions/cocostudio/CMakeFiles/cocostudio.dir/src/cocostudio/ActionTimeline/Frame.cpp.o
[ 87%] Building CXX object engine/extensions/fairygui/CMakeFiles/fairygui.dir/src/fairygui/UIConfig.cpp.o
In file included from /home/runner/work/Mobile-gatcha-/Mobile-gatcha-/axmol/core/platform/linux/Application-linux.h:30,
                 from /home/runner/work/Mobile-gatcha-/Mobile-gatcha-/axmol/core/axmol.h:220,
                 from /home/runner/work/Mobile-gatcha-/Mobile-gatcha-/axmol/core/cocos2d.h:36,
                 from /home/runner/work/Mobile-gatcha-/Mobile-gatcha-/axmol/extensions/fairygui/src/fairygui/FairyGUIMacros.h:4,
                 from /home/runner/work/Mobile-gatcha-/Mobile-gatcha-/axmol/extensions/fairygui/src/fairygui/TranslationHelper.h:4,
                 from /home/runner/work/Mobile-gatcha-/Mobile-gatcha-/axmol/extensions/fairygui/src/fairygui/TranslationHelper.cpp:1:
/home/runner/work/Mobile-gatcha-/Mobile-gatcha-/axmol/core/platform/ApplicationBase.h: In member function ‘virtual void ax::ApplicationBase::initGfxContextAttrs()’:
/home/runner/work/Mobile-gatcha-/Mobile-gatcha-/axmol/core/platform/ApplicationBase.h:122:27: warning: ‘virtual void ax::ApplicationBase::initGLContextAttrs()’ is deprecated [-Wdeprecated-declarations]
  122 |         initGLContextAttrs();
      |         ~~~~~~~~~~~~~~~~~~^~
/home/runner/work/Mobile-gatcha-/Mobile-gatcha-/axmol/core/platform/ApplicationBase.h:117:37: note: declared here
  117 |     AX_DEPRECATED(2.8) virtual void initGLContextAttrs() {}
      |                                     ^~~~~~~~~~~~~~~~~~
[ 87%] Building CXX object engine/extensions/Particle3D/CMakeFiles/particle3d.dir/src/Particle3D/PU/PUParticleSystem3DTranslator.cpp.o
[ 87%] Building CXX object engine/extensions/cocostudio/CMakeFiles/cocostudio.dir/src/cocostudio/ActionTimeline/SkeletonNode.cpp.o
In file included from /home/runner/work/Mobile-gatcha-/Mobile-gatcha-/axmol/core/platform/linux/Application-linux.h:30,
                 from /home/runner/work/Mobile-gatcha-/Mobile-gatcha-/axmol/core/axmol.h:220,
                 from /home/runner/work/Mobile-gatcha-/Mobile-gatcha-/axmol/core/cocos2d.h:36,
                 from /home/runner/work/Mobile-gatcha-/Mobile-gatcha-/axmol/extensions/fairygui/src/fairygui/UIConfig.h:4,
                 from /home/runner/work/Mobile-gatcha-/Mobile-gatcha-/axmol/extensions/fairygui/src/fairygui/UIConfig.cpp:1:
/home/runner/work/Mobile-gatcha-/Mobile-gatcha-/axmol/core/platform/ApplicationBase.h: In member function ‘virtual void ax::ApplicationBase::initGfxContextAttrs()’:
/home/runner/work/Mobile-gatcha-/Mobile-gatcha-/axmol/core/platform/ApplicationBase.h:122:27: warning: ‘virtual void ax::ApplicationBase::initGLContextAttrs()’ is deprecated [-Wdeprecated-declarations]
  122 |         initGLContextAttrs();
      |         ~~~~~~~~~~~~~~~~~~^~
/home/runner/work/Mobile-gatcha-/Mobile-gatcha-/axmol/core/platform/ApplicationBase.h:117:37: note: declared here
  117 |     AX_DEPRECATED(2.8) virtual void initGLContextAttrs() {}
      |                                     ^~~~~~~~~~~~~~~~~~
[ 88%] Building CXX object engine/extensions/Particle3D/CMakeFiles/particle3d.dir/src/Particle3D/PU/PUPathFollower.cpp.o
[ 88%] Building CXX object engine/extensions/cocostudio/CMakeFiles/cocostudio.dir/src/cocostudio/ActionTimeline/SkinNode.cpp.o
[ 88%] Building CXX object engine/extensions/fairygui/CMakeFiles/fairygui.dir/src/fairygui/UIObjectFactory.cpp.o
[ 88%] Building CXX object engine/extensions/Particle3D/CMakeFiles/particle3d.dir/src/Particle3D/PU/PUPathFollowerTranslator.cpp.o
[ 88%] Building CXX object engine/extensions/Particle3D/CMakeFiles/particle3d.dir/src/Particle3D/PU/PUPlane.cpp.o
[ 88%] Building CXX object engine/extensions/cocostudio/CMakeFiles/cocostudio.dir/src/cocostudio/ActionTimeline/TimeLine.cpp.o
[ 88%] Building CXX object engine/extensions/fairygui/CMakeFiles/fairygui.dir/src/fairygui/UIPackage.cpp.o
[ 88%] Building CXX object engine/extensions/Particle3D/CMakeFiles/particle3d.dir/src/Particle3D/PU/PUPlaneCollider.cpp.o
In file included from /home/runner/work/Mobile-gatcha-/Mobile-gatcha-/axmol/core/platform/linux/Application-linux.h:30,
                 from /home/runner/work/Mobile-gatcha-/Mobile-gatcha-/axmol/core/axmol.h:220,
                 from /home/runner/work/Mobile-gatcha-/Mobile-gatcha-/axmol/core/cocos2d.h:36,
                 from /home/runner/work/Mobile-gatcha-/Mobile-gatcha-/axmol/extensions/fairygui/src/fairygui/UIObjectFactory.h:4,
                 from /home/runner/work/Mobile-gatcha-/Mobile-gatcha-/axmol/extensions/fairygui/src/fairygui/UIObjectFactory.cpp:1:
/home/runner/work/Mobile-gatcha-/Mobile-gatcha-/axmol/core/platform/ApplicationBase.h: In member function ‘virtual void ax::ApplicationBase::initGfxContextAttrs()’:
/home/runner/work/Mobile-gatcha-/Mobile-gatcha-/axmol/core/platform/ApplicationBase.h:122:27: warning: ‘virtual void ax::ApplicationBase::initGLContextAttrs()’ is deprecated [-Wdeprecated-declarations]
  122 |         initGLContextAttrs();
      |         ~~~~~~~~~~~~~~~~~~^~
/home/runner/work/Mobile-gatcha-/Mobile-gatcha-/axmol/core/platform/ApplicationBase.h:117:37: note: declared here
  117 |     AX_DEPRECATED(2.8) virtual void initGLContextAttrs() {}
      |                                     ^~~~~~~~~~~~~~~~~~
[ 88%] Building CXX object engine/extensions/cocostudio/CMakeFiles/cocostudio.dir/src/cocostudio/Armature.cpp.o
[ 88%] Building CXX object engine/extensions/Particle3D/CMakeFiles/particle3d.dir/src/Particle3D/PU/PUPlaneColliderTranslator.cpp.o
[ 88%] Building CXX object engine/extensions/Particle3D/CMakeFiles/particle3d.dir/src/Particle3D/PU/PUPointEmitter.cpp.o
[ 88%] Building CXX object engine/extensions/Particle3D/CMakeFiles/particle3d.dir/src/Particle3D/PU/PUPointEmitterTranslator.cpp.o
In file included from /home/runner/work/Mobile-gatcha-/Mobile-gatcha-/axmol/core/platform/linux/Application-linux.h:30,
                 from /home/runner/work/Mobile-gatcha-/Mobile-gatcha-/axmol/core/axmol.h:220,
                 from /home/runner/work/Mobile-gatcha-/Mobile-gatcha-/axmol/core/cocos2d.h:36,
                 from /home/runner/work/Mobile-gatcha-/Mobile-gatcha-/axmol/extensions/fairygui/src/fairygui/FairyGUIMacros.h:4,
                 from /home/runner/work/Mobile-gatcha-/Mobile-gatcha-/axmol/extensions/fairygui/src/fairygui/UIPackage.h:4,
                 from /home/runner/work/Mobile-gatcha-/Mobile-gatcha-/axmol/extensions/fairygui/src/fairygui/UIPackage.cpp:1:
/home/runner/work/Mobile-gatcha-/Mobile-gatcha-/axmol/core/platform/ApplicationBase.h: In member function ‘virtual void ax::ApplicationBase::initGfxContextAttrs()’:
/home/runner/work/Mobile-gatcha-/Mobile-gatcha-/axmol/core/platform/ApplicationBase.h:122:27: warning: ‘virtual void ax::ApplicationBase::initGLContextAttrs()’ is deprecated [-Wdeprecated-declarations]
  122 |         initGLContextAttrs();
      |         ~~~~~~~~~~~~~~~~~~^~
/home/runner/work/Mobile-gatcha-/Mobile-gatcha-/axmol/core/platform/ApplicationBase.h:117:37: note: declared here
  117 |     AX_DEPRECATED(2.8) virtual void initGLContextAttrs() {}
      |                                     ^~~~~~~~~~~~~~~~~~
[ 88%] Building CXX object engine/extensions/cocostudio/CMakeFiles/cocostudio.dir/src/cocostudio/ArmatureAnimation.cpp.o
[ 88%] Building CXX object engine/extensions/Particle3D/CMakeFiles/particle3d.dir/src/Particle3D/PU/PUPositionEmitter.cpp.o
[ 88%] Building CXX object engine/extensions/cocostudio/CMakeFiles/cocostudio.dir/src/cocostudio/ArmatureDataManager.cpp.o
[ 88%] Building CXX object engine/extensions/Particle3D/CMakeFiles/particle3d.dir/src/Particle3D/PU/PUPositionEmitterTranslator.cpp.o
[ 88%] Building CXX object engine/extensions/cocostudio/CMakeFiles/cocostudio.dir/src/cocostudio/ArmatureDefine.cpp.o
[ 88%] Building CXX object engine/extensions/Particle3D/CMakeFiles/particle3d.dir/src/Particle3D/PU/PURandomiser.cpp.o
[ 88%] Building CXX object engine/extensions/fairygui/CMakeFiles/fairygui.dir/src/fairygui/Window.cpp.o
[ 88%] Building CXX object engine/extensions/fairygui/CMakeFiles/fairygui.dir/src/fairygui/controller_action/ChangePageAction.cpp.o
[ 88%] Building CXX object engine/extensions/Particle3D/CMakeFiles/particle3d.dir/src/Particle3D/PU/PURandomiserTranslator.cpp.o
[ 88%] Building CXX object engine/extensions/Particle3D/CMakeFiles/particle3d.dir/src/Particle3D/PU/PURender.cpp.o
[ 88%] Building CXX object engine/extensions/cocostudio/CMakeFiles/cocostudio.dir/src/cocostudio/BatchNode.cpp.o
In file included from /home/runner/work/Mobile-gatcha-/Mobile-gatcha-/axmol/core/platform/linux/Application-linux.h:30,
                 from /home/runner/work/Mobile-gatcha-/Mobile-gatcha-/axmol/core/axmol.h:220,
                 from /home/runner/work/Mobile-gatcha-/Mobile-gatcha-/axmol/core/cocos2d.h:36,
                 from /home/runner/work/Mobile-gatcha-/Mobile-gatcha-/axmol/extensions/fairygui/src/fairygui/FairyGUIMacros.h:4,
                 from /home/runner/work/Mobile-gatcha-/Mobile-gatcha-/axmol/extensions/fairygui/src/fairygui/Window.h:4,
                 from /home/runner/work/Mobile-gatcha-/Mobile-gatcha-/axmol/extensions/fairygui/src/fairygui/Window.cpp:1:
/home/runner/work/Mobile-gatcha-/Mobile-gatcha-/axmol/core/platform/ApplicationBase.h: In member function ‘virtual void ax::ApplicationBase::initGfxContextAttrs()’:
/home/runner/work/Mobile-gatcha-/Mobile-gatcha-/axmol/core/platform/ApplicationBase.h:122:27: warning: ‘virtual void ax::ApplicationBase::initGLContextAttrs()’ is deprecated [-Wdeprecated-declarations]
  122 |         initGLContextAttrs();
      |         ~~~~~~~~~~~~~~~~~~^~
/home/runner/work/Mobile-gatcha-/Mobile-gatcha-/axmol/core/platform/ApplicationBase.h:117:37: note: declared here
  117 |     AX_DEPRECATED(2.8) virtual void initGLContextAttrs() {}
      |                                     ^~~~~~~~~~~~~~~~~~
In file included from /home/runner/work/Mobile-gatcha-/Mobile-gatcha-/axmol/core/platform/linux/Application-linux.h:30,
                 from /home/runner/work/Mobile-gatcha-/Mobile-gatcha-/axmol/core/axmol.h:220,
                 from /home/runner/work/Mobile-gatcha-/Mobile-gatcha-/axmol/core/cocos2d.h:36,
                 from /home/runner/work/Mobile-gatcha-/Mobile-gatcha-/axmol/extensions/fairygui/src/fairygui/FairyGUIMacros.h:4,
                 from /home/runner/work/Mobile-gatcha-/Mobile-gatcha-/axmol/extensions/fairygui/src/fairygui/controller_action/ControllerAction.h:4,
                 from /home/runner/work/Mobile-gatcha-/Mobile-gatcha-/axmol/extensions/fairygui/src/fairygui/controller_action/ChangePageAction.h:4,
                 from /home/runner/work/Mobile-gatcha-/Mobile-gatcha-/axmol/extensions/fairygui/src/fairygui/controller_action/ChangePageAction.cpp:1:
/home/runner/work/Mobile-gatcha-/Mobile-gatcha-/axmol/core/platform/ApplicationBase.h: In member function ‘virtual void ax::ApplicationBase::initGfxContextAttrs()’:
/home/runner/work/Mobile-gatcha-/Mobile-gatcha-/axmol/core/platform/ApplicationBase.h:122:27: warning: ‘virtual void ax::ApplicationBase::initGLContextAttrs()’ is deprecated [-Wdeprecated-declarations]
  122 |         initGLContextAttrs();
      |         ~~~~~~~~~~~~~~~~~~^~
/home/runner/work/Mobile-gatcha-/Mobile-gatcha-/axmol/core/platform/ApplicationBase.h:117:37: note: declared here
  117 |     AX_DEPRECATED(2.8) virtual void initGLContextAttrs() {}
      |                                     ^~~~~~~~~~~~~~~~~~
[ 88%] Building CXX object engine/extensions/cocostudio/CMakeFiles/cocostudio.dir/src/cocostudio/Bone.cpp.o
[ 88%] Building CXX object engine/extensions/fairygui/CMakeFiles/fairygui.dir/src/fairygui/controller_action/ControllerAction.cpp.o
[ 88%] Building CXX object engine/extensions/cocostudio/CMakeFiles/cocostudio.dir/src/cocostudio/CocoLoader.cpp.o
[ 88%] Building CXX object engine/extensions/fairygui/CMakeFiles/fairygui.dir/src/fairygui/controller_action/PlayTransitionAction.cpp.o
[ 88%] Building CXX object engine/extensions/cocostudio/CMakeFiles/cocostudio.dir/src/cocostudio/CocoStudio.cpp.o
[ 88%] Building CXX object engine/extensions/Particle3D/CMakeFiles/particle3d.dir/src/Particle3D/PU/PURendererTranslator.cpp.o
In file included from /home/runner/work/Mobile-gatcha-/Mobile-gatcha-/axmol/core/platform/linux/Application-linux.h:30,
                 from /home/runner/work/Mobile-gatcha-/Mobile-gatcha-/axmol/core/axmol.h:220,
                 from /home/runner/work/Mobile-gatcha-/Mobile-gatcha-/axmol/core/cocos2d.h:36,
                 from /home/runner/work/Mobile-gatcha-/Mobile-gatcha-/axmol/extensions/fairygui/src/fairygui/FairyGUIMacros.h:4,
                 from /home/runner/work/Mobile-gatcha-/Mobile-gatcha-/axmol/extensions/fairygui/src/fairygui/controller_action/ControllerAction.h:4,
                 from /home/runner/work/Mobile-gatcha-/Mobile-gatcha-/axmol/extensions/fairygui/src/fairygui/controller_action/ControllerAction.cpp:1:
/home/runner/work/Mobile-gatcha-/Mobile-gatcha-/axmol/core/platform/ApplicationBase.h: In member function ‘virtual void ax::ApplicationBase::initGfxContextAttrs()’:
/home/runner/work/Mobile-gatcha-/Mobile-gatcha-/axmol/core/platform/ApplicationBase.h:122:27: warning: ‘virtual void ax::ApplicationBase::initGLContextAttrs()’ is deprecated [-Wdeprecated-declarations]
  122 |         initGLContextAttrs();
      |         ~~~~~~~~~~~~~~~~~~^~
/home/runner/work/Mobile-gatcha-/Mobile-gatcha-/axmol/core/platform/ApplicationBase.h:117:37: note: declared here
  117 |     AX_DEPRECATED(2.8) virtual void initGLContextAttrs() {}
      |                                     ^~~~~~~~~~~~~~~~~~
[ 88%] Building CXX object engine/extensions/cocostudio/CMakeFiles/cocostudio.dir/src/cocostudio/CocosStudioExtension.cpp.o
[ 88%] Building CXX object engine/extensions/Particle3D/CMakeFiles/particle3d.dir/src/Particle3D/PU/PURibbonTrail.cpp.o
[ 88%] Building CXX object engine/extensions/cocostudio/CMakeFiles/cocostudio.dir/src/cocostudio/ColliderDetector.cpp.o
In file included from /home/runner/work/Mobile-gatcha-/Mobile-gatcha-/axmol/core/platform/linux/Application-linux.h:30,
                 from /home/runner/work/Mobile-gatcha-/Mobile-gatcha-/axmol/core/axmol.h:220,
                 from /home/runner/work/Mobile-gatcha-/Mobile-gatcha-/axmol/core/cocos2d.h:36,
                 from /home/runner/work/Mobile-gatcha-/Mobile-gatcha-/axmol/extensions/fairygui/src/fairygui/FairyGUIMacros.h:4,
                 from /home/runner/work/Mobile-gatcha-/Mobile-gatcha-/axmol/extensions/fairygui/src/fairygui/controller_action/ControllerAction.h:4,
                 from /home/runner/work/Mobile-gatcha-/Mobile-gatcha-/axmol/extensions/fairygui/src/fairygui/controller_action/PlayTransitionAction.h:4,
                 from /home/runner/work/Mobile-gatcha-/Mobile-gatcha-/axmol/extensions/fairygui/src/fairygui/controller_action/PlayTransitionAction.cpp:1:
/home/runner/work/Mobile-gatcha-/Mobile-gatcha-/axmol/core/platform/ApplicationBase.h: In member function ‘virtual void ax::ApplicationBase::initGfxContextAttrs()’:
/home/runner/work/Mobile-gatcha-/Mobile-gatcha-/axmol/core/platform/ApplicationBase.h:122:27: warning: ‘virtual void ax::ApplicationBase::initGLContextAttrs()’ is deprecated [-Wdeprecated-declarations]
  122 |         initGLContextAttrs();
      |         ~~~~~~~~~~~~~~~~~~^~
/home/runner/work/Mobile-gatcha-/Mobile-gatcha-/axmol/core/platform/ApplicationBase.h:117:37: note: declared here
  117 |     AX_DEPRECATED(2.8) virtual void initGLContextAttrs() {}
      |                                     ^~~~~~~~~~~~~~~~~~
[ 88%] Building CXX object engine/extensions/cocostudio/CMakeFiles/cocostudio.dir/src/cocostudio/ComAttribute.cpp.o
[ 88%] Building CXX object engine/extensions/fairygui/CMakeFiles/fairygui.dir/src/fairygui/display/BitmapFont.cpp.o
[ 88%] Building CXX object engine/extensions/fairygui/CMakeFiles/fairygui.dir/src/fairygui/display/BlendMode.cpp.o
[ 88%] Building CXX object engine/extensions/Particle3D/CMakeFiles/particle3d.dir/src/Particle3D/PU/PURibbonTrailRender.cpp.o
[ 89%] Building CXX object engine/extensions/cocostudio/CMakeFiles/cocostudio.dir/src/cocostudio/ComAudio.cpp.o
In file included from /home/runner/work/Mobile-gatcha-/Mobile-gatcha-/axmol/core/platform/linux/Application-linux.h:30,
                 from /home/runner/work/Mobile-gatcha-/Mobile-gatcha-/axmol/core/axmol.h:220,
                 from /home/runner/work/Mobile-gatcha-/Mobile-gatcha-/axmol/core/cocos2d.h:36,
                 from /home/runner/work/Mobile-gatcha-/Mobile-gatcha-/axmol/extensions/fairygui/src/fairygui/FairyGUIMacros.h:4,
                 from /home/runner/work/Mobile-gatcha-/Mobile-gatcha-/axmol/extensions/fairygui/src/fairygui/display/BitmapFont.h:4,
                 from /home/runner/work/Mobile-gatcha-/Mobile-gatcha-/axmol/extensions/fairygui/src/fairygui/display/BitmapFont.cpp:1:
/home/runner/work/Mobile-gatcha-/Mobile-gatcha-/axmol/core/platform/ApplicationBase.h: In member function ‘virtual void ax::ApplicationBase::initGfxContextAttrs()’:
/home/runner/work/Mobile-gatcha-/Mobile-gatcha-/axmol/core/platform/ApplicationBase.h:122:27: warning: ‘virtual void ax::ApplicationBase::initGLContextAttrs()’ is deprecated [-Wdeprecated-declarations]
  122 |         initGLContextAttrs();
      |         ~~~~~~~~~~~~~~~~~~^~
/home/runner/work/Mobile-gatcha-/Mobile-gatcha-/axmol/core/platform/ApplicationBase.h:117:37: note: declared here
  117 |     AX_DEPRECATED(2.8) virtual void initGLContextAttrs() {}
      |                                     ^~~~~~~~~~~~~~~~~~
In file included from /home/runner/work/Mobile-gatcha-/Mobile-gatcha-/axmol/core/platform/linux/Application-linux.h:30,
                 from /home/runner/work/Mobile-gatcha-/Mobile-gatcha-/axmol/core/axmol.h:220,
                 from /home/runner/work/Mobile-gatcha-/Mobile-gatcha-/axmol/core/cocos2d.h:36,
                 from /home/runner/work/Mobile-gatcha-/Mobile-gatcha-/axmol/extensions/fairygui/src/fairygui/display/BlendMode.h:2,
                 from /home/runner/work/Mobile-gatcha-/Mobile-gatcha-/axmol/extensions/fairygui/src/fairygui/display/BlendMode.cpp:1:
/home/runner/work/Mobile-gatcha-/Mobile-gatcha-/axmol/core/platform/ApplicationBase.h: In member function ‘virtual void ax::ApplicationBase::initGfxContextAttrs()’:
/home/runner/work/Mobile-gatcha-/Mobile-gatcha-/axmol/core/platform/ApplicationBase.h:122:27: warning: ‘virtual void ax::ApplicationBase::initGLContextAttrs()’ is deprecated [-Wdeprecated-declarations]
  122 |         initGLContextAttrs();
      |         ~~~~~~~~~~~~~~~~~~^~
/home/runner/work/Mobile-gatcha-/Mobile-gatcha-/axmol/core/platform/ApplicationBase.h:117:37: note: declared here
  117 |     AX_DEPRECATED(2.8) virtual void initGLContextAttrs() {}
      |                                     ^~~~~~~~~~~~~~~~~~
[ 89%] Building CXX object engine/extensions/Particle3D/CMakeFiles/particle3d.dir/src/Particle3D/PU/PUScaleAffector.cpp.o
[ 89%] Building CXX object engine/extensions/cocostudio/CMakeFiles/cocostudio.dir/src/cocostudio/ComController.cpp.o
[ 89%] Building CXX object engine/extensions/fairygui/CMakeFiles/fairygui.dir/src/fairygui/display/FUIContainer.cpp.o
[ 90%] Building CXX object engine/extensions/Particle3D/CMakeFiles/particle3d.dir/src/Particle3D/PU/PUScaleAffectorTranslator.cpp.o
[ 90%] Building CXX object engine/extensions/fairygui/CMakeFiles/fairygui.dir/src/fairygui/display/FUIInput.cpp.o
[ 90%] Building CXX object engine/extensions/cocostudio/CMakeFiles/cocostudio.dir/src/cocostudio/ComExtensionData.cpp.o
[ 90%] Building CXX object engine/extensions/Particle3D/CMakeFiles/particle3d.dir/src/Particle3D/PU/PUScaleVelocityAffector.cpp.o
[ 90%] Building CXX object engine/extensions/cocostudio/CMakeFiles/cocostudio.dir/src/cocostudio/ComRender.cpp.o
In file included from /home/runner/work/Mobile-gatcha-/Mobile-gatcha-/axmol/core/platform/linux/Application-linux.h:30,
                 from /home/runner/work/Mobile-gatcha-/Mobile-gatcha-/axmol/core/axmol.h:220,
                 from /home/runner/work/Mobile-gatcha-/Mobile-gatcha-/axmol/core/cocos2d.h:36,
                 from /home/runner/work/Mobile-gatcha-/Mobile-gatcha-/axmol/extensions/fairygui/src/fairygui/display/FUIContainer.h:4,
                 from /home/runner/work/Mobile-gatcha-/Mobile-gatcha-/axmol/extensions/fairygui/src/fairygui/display/FUIContainer.cpp:1:
/home/runner/work/Mobile-gatcha-/Mobile-gatcha-/axmol/core/platform/ApplicationBase.h: In member function ‘virtual void ax::ApplicationBase::initGfxContextAttrs()’:
/home/runner/work/Mobile-gatcha-/Mobile-gatcha-/axmol/core/platform/ApplicationBase.h:122:27: warning: ‘virtual void ax::ApplicationBase::initGLContextAttrs()’ is deprecated [-Wdeprecated-declarations]
  122 |         initGLContextAttrs();
      |         ~~~~~~~~~~~~~~~~~~^~
/home/runner/work/Mobile-gatcha-/Mobile-gatcha-/axmol/core/platform/ApplicationBase.h:117:37: note: declared here
  117 |     AX_DEPRECATED(2.8) virtual void initGLContextAttrs() {}
      |                                     ^~~~~~~~~~~~~~~~~~
[ 90%] Building CXX object engine/extensions/Particle3D/CMakeFiles/particle3d.dir/src/Particle3D/PU/PUScaleVelocityAffectorTranslator.cpp.o
In file included from /home/runner/work/Mobile-gatcha-/Mobile-gatcha-/axmol/core/platform/linux/Application-linux.h:30,
                 from /home/runner/work/Mobile-gatcha-/Mobile-gatcha-/axmol/core/axmol.h:220,
                 from /home/runner/work/Mobile-gatcha-/Mobile-gatcha-/axmol/core/cocos2d.h:36,
                 from /home/runner/work/Mobile-gatcha-/Mobile-gatcha-/axmol/extensions/fairygui/src/fairygui/display/FUIInput.h:4,
                 from /home/runner/work/Mobile-gatcha-/Mobile-gatcha-/axmol/extensions/fairygui/src/fairygui/display/FUIInput.cpp:1:
/home/runner/work/Mobile-gatcha-/Mobile-gatcha-/axmol/core/platform/ApplicationBase.h: In member function ‘virtual void ax::ApplicationBase::initGfxContextAttrs()’:
/home/runner/work/Mobile-gatcha-/Mobile-gatcha-/axmol/core/platform/ApplicationBase.h:122:27: warning: ‘virtual void ax::ApplicationBase::initGLContextAttrs()’ is deprecated [-Wdeprecated-declarations]
  122 |         initGLContextAttrs();
      |         ~~~~~~~~~~~~~~~~~~^~
/home/runner/work/Mobile-gatcha-/Mobile-gatcha-/axmol/core/platform/ApplicationBase.h:117:37: note: declared here
  117 |     AX_DEPRECATED(2.8) virtual void initGLContextAttrs() {}
      |                                     ^~~~~~~~~~~~~~~~~~
[ 90%] Building CXX object engine/extensions/Particle3D/CMakeFiles/particle3d.dir/src/Particle3D/PU/PUScriptCompiler.cpp.o
[ 90%] Building CXX object engine/extensions/cocostudio/CMakeFiles/cocostudio.dir/src/cocostudio/DataReaderHelper.cpp.o
[ 90%] Building CXX object engine/extensions/fairygui/CMakeFiles/fairygui.dir/src/fairygui/display/FUILabel.cpp.o
[ 90%] Building CXX object engine/extensions/Particle3D/CMakeFiles/particle3d.dir/src/Particle3D/PU/PUScriptLexer.cpp.o
In file included from /home/runner/work/Mobile-gatcha-/Mobile-gatcha-/axmol/core/platform/linux/Application-linux.h:30,
                 from /home/runner/work/Mobile-gatcha-/Mobile-gatcha-/axmol/core/axmol.h:220,
                 from /home/runner/work/Mobile-gatcha-/Mobile-gatcha-/axmol/core/cocos2d.h:36,
                 from /home/runner/work/Mobile-gatcha-/Mobile-gatcha-/axmol/extensions/fairygui/src/fairygui/display/FUILabel.h:4,
                 from /home/runner/work/Mobile-gatcha-/Mobile-gatcha-/axmol/extensions/fairygui/src/fairygui/display/FUILabel.cpp:1:
/home/runner/work/Mobile-gatcha-/Mobile-gatcha-/axmol/core/platform/ApplicationBase.h: In member function ‘virtual void ax::ApplicationBase::initGfxContextAttrs()’:
/home/runner/work/Mobile-gatcha-/Mobile-gatcha-/axmol/core/platform/ApplicationBase.h:122:27: warning: ‘virtual void ax::ApplicationBase::initGLContextAttrs()’ is deprecated [-Wdeprecated-declarations]
  122 |         initGLContextAttrs();
      |         ~~~~~~~~~~~~~~~~~~^~
/home/runner/work/Mobile-gatcha-/Mobile-gatcha-/axmol/core/platform/ApplicationBase.h:117:37: note: declared here
  117 |     AX_DEPRECATED(2.8) virtual void initGLContextAttrs() {}
      |                                     ^~~~~~~~~~~~~~~~~~
[ 90%] Building CXX object engine/extensions/fairygui/CMakeFiles/fairygui.dir/src/fairygui/display/FUIRichText.cpp.o
[ 90%] Building CXX object engine/extensions/Particle3D/CMakeFiles/particle3d.dir/src/Particle3D/PU/PUScriptParser.cpp.o
[ 90%] Building CXX object engine/extensions/fairygui/CMakeFiles/fairygui.dir/src/fairygui/display/FUISprite.cpp.o
[ 90%] Building CXX object engine/extensions/cocostudio/CMakeFiles/cocostudio.dir/src/cocostudio/Datas.cpp.o
[ 90%] Building CXX object engine/extensions/Particle3D/CMakeFiles/particle3d.dir/src/Particle3D/PU/PUScriptTranslator.cpp.o
In file included from /home/runner/work/Mobile-gatcha-/Mobile-gatcha-/axmol/core/platform/linux/Application-linux.h:30,
                 from /home/runner/work/Mobile-gatcha-/Mobile-gatcha-/axmol/core/axmol.h:220,
                 from /home/runner/work/Mobile-gatcha-/Mobile-gatcha-/axmol/core/cocos2d.h:36,
                 from /home/runner/work/Mobile-gatcha-/Mobile-gatcha-/axmol/extensions/fairygui/src/fairygui/display/FUIRichText.h:4,
                 from /home/runner/work/Mobile-gatcha-/Mobile-gatcha-/axmol/extensions/fairygui/src/fairygui/display/FUIRichText.cpp:1:
/home/runner/work/Mobile-gatcha-/Mobile-gatcha-/axmol/core/platform/ApplicationBase.h: In member function ‘virtual void ax::ApplicationBase::initGfxContextAttrs()’:
/home/runner/work/Mobile-gatcha-/Mobile-gatcha-/axmol/core/platform/ApplicationBase.h:122:27: warning: ‘virtual void ax::ApplicationBase::initGLContextAttrs()’ is deprecated [-Wdeprecated-declarations]
  122 |         initGLContextAttrs();
      |         ~~~~~~~~~~~~~~~~~~^~
/home/runner/work/Mobile-gatcha-/Mobile-gatcha-/axmol/core/platform/ApplicationBase.h:117:37: note: declared here
  117 |     AX_DEPRECATED(2.8) virtual void initGLContextAttrs() {}
      |                                     ^~~~~~~~~~~~~~~~~~
[ 90%] Building CXX object engine/extensions/Particle3D/CMakeFiles/particle3d.dir/src/Particle3D/PU/PUSimpleSpline.cpp.o
In file included from /home/runner/work/Mobile-gatcha-/Mobile-gatcha-/axmol/core/platform/linux/Application-linux.h:30,
                 from /home/runner/work/Mobile-gatcha-/Mobile-gatcha-/axmol/core/axmol.h:220,
                 from /home/runner/work/Mobile-gatcha-/Mobile-gatcha-/axmol/core/cocos2d.h:36,
                 from /home/runner/work/Mobile-gatcha-/Mobile-gatcha-/axmol/extensions/fairygui/src/fairygui/display/FUISprite.h:4,
                 from /home/runner/work/Mobile-gatcha-/Mobile-gatcha-/axmol/extensions/fairygui/src/fairygui/display/FUISprite.cpp:1:
/home/runner/work/Mobile-gatcha-/Mobile-gatcha-/axmol/core/platform/ApplicationBase.h: In member function ‘virtual void ax::ApplicationBase::initGfxContextAttrs()’:
/home/runner/work/Mobile-gatcha-/Mobile-gatcha-/axmol/core/platform/ApplicationBase.h:122:27: warning: ‘virtual void ax::ApplicationBase::initGLContextAttrs()’ is deprecated [-Wdeprecated-declarations]
  122 |         initGLContextAttrs();
      |         ~~~~~~~~~~~~~~~~~~^~
/home/runner/work/Mobile-gatcha-/Mobile-gatcha-/axmol/core/platform/ApplicationBase.h:117:37: note: declared here
  117 |     AX_DEPRECATED(2.8) virtual void initGLContextAttrs() {}
      |                                     ^~~~~~~~~~~~~~~~~~
[ 90%] Building CXX object engine/extensions/cocostudio/CMakeFiles/cocostudio.dir/src/cocostudio/DecorativeDisplay.cpp.o
[ 90%] Building CXX object engine/extensions/Particle3D/CMakeFiles/particle3d.dir/src/Particle3D/PU/PUSineForceAffector.cpp.o
[ 90%] Building CXX object engine/extensions/fairygui/CMakeFiles/fairygui.dir/src/fairygui/display/TextFormat.cpp.o
[ 90%] Building CXX object engine/extensions/cocostudio/CMakeFiles/cocostudio.dir/src/cocostudio/DictionaryHelper.cpp.o
[ 90%] Building CXX object engine/extensions/Particle3D/CMakeFiles/particle3d.dir/src/Particle3D/PU/PUSineForceAffectorTranslator.cpp.o
[ 91%] Building CXX object engine/extensions/fairygui/CMakeFiles/fairygui.dir/src/fairygui/event/EventContext.cpp.o
[ 91%] Building CXX object engine/extensions/cocostudio/CMakeFiles/cocostudio.dir/src/cocostudio/DisplayFactory.cpp.o
[ 91%] Building CXX object engine/extensions/Particle3D/CMakeFiles/particle3d.dir/src/Particle3D/PU/PUSlaveBehaviour.cpp.o
In file included from /home/runner/work/Mobile-gatcha-/Mobile-gatcha-/axmol/core/platform/linux/Application-linux.h:30,
                 from /home/runner/work/Mobile-gatcha-/Mobile-gatcha-/axmol/core/axmol.h:220,
                 from /home/runner/work/Mobile-gatcha-/Mobile-gatcha-/axmol/core/cocos2d.h:36,
                 from /home/runner/work/Mobile-gatcha-/Mobile-gatcha-/axmol/extensions/fairygui/src/fairygui/display/TextFormat.h:4,
                 from /home/runner/work/Mobile-gatcha-/Mobile-gatcha-/axmol/extensions/fairygui/src/fairygui/display/TextFormat.cpp:1:
/home/runner/work/Mobile-gatcha-/Mobile-gatcha-/axmol/core/platform/ApplicationBase.h: In member function ‘virtual void ax::ApplicationBase::initGfxContextAttrs()’:
/home/runner/work/Mobile-gatcha-/Mobile-gatcha-/axmol/core/platform/ApplicationBase.h:122:27: warning: ‘virtual void ax::ApplicationBase::initGLContextAttrs()’ is deprecated [-Wdeprecated-declarations]
  122 |         initGLContextAttrs();
      |         ~~~~~~~~~~~~~~~~~~^~
/home/runner/work/Mobile-gatcha-/Mobile-gatcha-/axmol/core/platform/ApplicationBase.h:117:37: note: declared here
  117 |     AX_DEPRECATED(2.8) virtual void initGLContextAttrs() {}
      |                                     ^~~~~~~~~~~~~~~~~~
[ 91%] Building CXX object engine/extensions/cocostudio/CMakeFiles/cocostudio.dir/src/cocostudio/DisplayManager.cpp.o
[ 91%] Building CXX object engine/extensions/cocostudio/CMakeFiles/cocostudio.dir/src/cocostudio/FlatBuffersSerialize.cpp.o
[ 91%] Building CXX object engine/extensions/Particle3D/CMakeFiles/particle3d.dir/src/Particle3D/PU/PUSlaveBehaviourTranslator.cpp.o
In file included from /home/runner/work/Mobile-gatcha-/Mobile-gatcha-/axmol/core/platform/linux/Application-linux.h:30,
                 from /home/runner/work/Mobile-gatcha-/Mobile-gatcha-/axmol/core/axmol.h:220,
                 from /home/runner/work/Mobile-gatcha-/Mobile-gatcha-/axmol/core/cocos2d.h:36,
                 from /home/runner/work/Mobile-gatcha-/Mobile-gatcha-/axmol/extensions/fairygui/src/fairygui/FairyGUIMacros.h:4,
                 from /home/runner/work/Mobile-gatcha-/Mobile-gatcha-/axmol/extensions/fairygui/src/fairygui/event/EventContext.h:4,
                 from /home/runner/work/Mobile-gatcha-/Mobile-gatcha-/axmol/extensions/fairygui/src/fairygui/event/EventContext.cpp:1:
/home/runner/work/Mobile-gatcha-/Mobile-gatcha-/axmol/core/platform/ApplicationBase.h: In member function ‘virtual void ax::ApplicationBase::initGfxContextAttrs()’:
/home/runner/work/Mobile-gatcha-/Mobile-gatcha-/axmol/core/platform/ApplicationBase.h:122:27: warning: ‘virtual void ax::ApplicationBase::initGLContextAttrs()’ is deprecated [-Wdeprecated-declarations]
  122 |         initGLContextAttrs();
      |         ~~~~~~~~~~~~~~~~~~^~
/home/runner/work/Mobile-gatcha-/Mobile-gatcha-/axmol/core/platform/ApplicationBase.h:117:37: note: declared here
  117 |     AX_DEPRECATED(2.8) virtual void initGLContextAttrs() {}
      |                                     ^~~~~~~~~~~~~~~~~~
[ 91%] Building CXX object engine/extensions/fairygui/CMakeFiles/fairygui.dir/src/fairygui/event/HitTest.cpp.o
[ 91%] Building CXX object engine/extensions/Particle3D/CMakeFiles/particle3d.dir/src/Particle3D/PU/PUSlaveEmitter.cpp.o
[ 91%] Building CXX object engine/extensions/Particle3D/CMakeFiles/particle3d.dir/src/Particle3D/PU/PUSlaveEmitterTranslator.cpp.o
[ 91%] Building CXX object engine/extensions/fairygui/CMakeFiles/fairygui.dir/src/fairygui/event/InputEvent.cpp.o
[ 91%] Building CXX object engine/extensions/Particle3D/CMakeFiles/particle3d.dir/src/Particle3D/PU/PUSphere.cpp.o
[ 91%] Building CXX object engine/extensions/Particle3D/CMakeFiles/particle3d.dir/src/Particle3D/PU/PUSphereCollider.cpp.o
In file included from /home/runner/work/Mobile-gatcha-/Mobile-gatcha-/axmol/core/platform/linux/Application-linux.h:30,
                 from /home/runner/work/Mobile-gatcha-/Mobile-gatcha-/axmol/core/axmol.h:220,
                 from /home/runner/work/Mobile-gatcha-/Mobile-gatcha-/axmol/core/cocos2d.h:36,
                 from /home/runner/work/Mobile-gatcha-/Mobile-gatcha-/axmol/extensions/fairygui/src/fairygui/FairyGUIMacros.h:4,
                 from /home/runner/work/Mobile-gatcha-/Mobile-gatcha-/axmol/extensions/fairygui/src/fairygui/event/HitTest.h:4,
                 from /home/runner/work/Mobile-gatcha-/Mobile-gatcha-/axmol/extensions/fairygui/src/fairygui/event/HitTest.cpp:1:
/home/runner/work/Mobile-gatcha-/Mobile-gatcha-/axmol/core/platform/ApplicationBase.h: In member function ‘virtual void ax::ApplicationBase::initGfxContextAttrs()’:
/home/runner/work/Mobile-gatcha-/Mobile-gatcha-/axmol/core/platform/ApplicationBase.h:122:27: warning: ‘virtual void ax::ApplicationBase::initGLContextAttrs()’ is deprecated [-Wdeprecated-declarations]
  122 |         initGLContextAttrs();
      |         ~~~~~~~~~~~~~~~~~~^~
/home/runner/work/Mobile-gatcha-/Mobile-gatcha-/axmol/core/platform/ApplicationBase.h:117:37: note: declared here
  117 |     AX_DEPRECATED(2.8) virtual void initGLContextAttrs() {}
      |                                     ^~~~~~~~~~~~~~~~~~
[ 91%] Building CXX object engine/extensions/cocostudio/CMakeFiles/cocostudio.dir/src/cocostudio/InputDelegate.cpp.o
[ 92%] Building CXX object engine/extensions/Particle3D/CMakeFiles/particle3d.dir/src/Particle3D/PU/PUSphereColliderTranslator.cpp.o
[ 92%] Building CXX object engine/extensions/cocostudio/CMakeFiles/cocostudio.dir/src/cocostudio/LocalizationManager.cpp.o
In file included from /home/runner/work/Mobile-gatcha-/Mobile-gatcha-/axmol/core/platform/linux/Application-linux.h:30,
                 from /home/runner/work/Mobile-gatcha-/Mobile-gatcha-/axmol/core/axmol.h:220,
                 from /home/runner/work/Mobile-gatcha-/Mobile-gatcha-/axmol/core/cocos2d.h:36,
                 from /home/runner/work/Mobile-gatcha-/Mobile-gatcha-/axmol/extensions/fairygui/src/fairygui/FairyGUIMacros.h:4,
                 from /home/runner/work/Mobile-gatcha-/Mobile-gatcha-/axmol/extensions/fairygui/src/fairygui/event/InputEvent.h:4,
                 from /home/runner/work/Mobile-gatcha-/Mobile-gatcha-/axmol/extensions/fairygui/src/fairygui/event/InputEvent.cpp:1:
/home/runner/work/Mobile-gatcha-/Mobile-gatcha-/axmol/core/platform/ApplicationBase.h: In member function ‘virtual void ax::ApplicationBase::initGfxContextAttrs()’:
/home/runner/work/Mobile-gatcha-/Mobile-gatcha-/axmol/core/platform/ApplicationBase.h:122:27: warning: ‘virtual void ax::ApplicationBase::initGLContextAttrs()’ is deprecated [-Wdeprecated-declarations]
  122 |         initGLContextAttrs();
      |         ~~~~~~~~~~~~~~~~~~^~
/home/runner/work/Mobile-gatcha-/Mobile-gatcha-/axmol/core/platform/ApplicationBase.h:117:37: note: declared here
  117 |     AX_DEPRECATED(2.8) virtual void initGLContextAttrs() {}
      |                                     ^~~~~~~~~~~~~~~~~~
[ 92%] Building CXX object engine/extensions/fairygui/CMakeFiles/fairygui.dir/src/fairygui/event/InputProcessor.cpp.o
[ 92%] Building CXX object engine/extensions/Particle3D/CMakeFiles/particle3d.dir/src/Particle3D/PU/PUSphereSurfaceEmitter.cpp.o
[ 92%] Building CXX object engine/extensions/Particle3D/CMakeFiles/particle3d.dir/src/Particle3D/PU/PUSphereSurfaceEmitterTranslator.cpp.o
[ 92%] Building CXX object engine/extensions/fairygui/CMakeFiles/fairygui.dir/src/fairygui/event/UIEventDispatcher.cpp.o
[ 92%] Building CXX object engine/extensions/cocostudio/CMakeFiles/cocostudio.dir/src/cocostudio/ProcessBase.cpp.o
[ 92%] Building CXX object engine/extensions/Particle3D/CMakeFiles/particle3d.dir/src/Particle3D/PU/PUTechniqueTranslator.cpp.o
In file included from /home/runner/work/Mobile-gatcha-/Mobile-gatcha-/axmol/core/platform/linux/Application-linux.h:30,
                 from /home/runner/work/Mobile-gatcha-/Mobile-gatcha-/axmol/core/axmol.h:220,
                 from /home/runner/work/Mobile-gatcha-/Mobile-gatcha-/axmol/core/cocos2d.h:36,
                 from /home/runner/work/Mobile-gatcha-/Mobile-gatcha-/axmol/extensions/fairygui/src/fairygui/FairyGUIMacros.h:4,
                 from /home/runner/work/Mobile-gatcha-/Mobile-gatcha-/axmol/extensions/fairygui/src/fairygui/event/InputProcessor.h:4,
                 from /home/runner/work/Mobile-gatcha-/Mobile-gatcha-/axmol/extensions/fairygui/src/fairygui/event/InputProcessor.cpp:1:
/home/runner/work/Mobile-gatcha-/Mobile-gatcha-/axmol/core/platform/ApplicationBase.h: In member function ‘virtual void ax::ApplicationBase::initGfxContextAttrs()’:
/home/runner/work/Mobile-gatcha-/Mobile-gatcha-/axmol/core/platform/ApplicationBase.h:122:27: warning: ‘virtual void ax::ApplicationBase::initGLContextAttrs()’ is deprecated [-Wdeprecated-declarations]
  122 |         initGLContextAttrs();
      |         ~~~~~~~~~~~~~~~~~~^~
/home/runner/work/Mobile-gatcha-/Mobile-gatcha-/axmol/core/platform/ApplicationBase.h:117:37: note: declared here
  117 |     AX_DEPRECATED(2.8) virtual void initGLContextAttrs() {}
      |                                     ^~~~~~~~~~~~~~~~~~
[ 92%] Building CXX object engine/extensions/cocostudio/CMakeFiles/cocostudio.dir/src/cocostudio/SGUIReader.cpp.o
[ 92%] Building CXX object engine/extensions/Particle3D/CMakeFiles/particle3d.dir/src/Particle3D/PU/PUTextureAnimator.cpp.o
In file included from /home/runner/work/Mobile-gatcha-/Mobile-gatcha-/axmol/core/platform/linux/Application-linux.h:30,
                 from /home/runner/work/Mobile-gatcha-/Mobile-gatcha-/axmol/core/axmol.h:220,
                 from /home/runner/work/Mobile-gatcha-/Mobile-gatcha-/axmol/core/cocos2d.h:36,
                 from /home/runner/work/Mobile-gatcha-/Mobile-gatcha-/axmol/extensions/fairygui/src/fairygui/FairyGUIMacros.h:4,
                 from /home/runner/work/Mobile-gatcha-/Mobile-gatcha-/axmol/extensions/fairygui/src/fairygui/event/UIEventDispatcher.h:4,
                 from /home/runner/work/Mobile-gatcha-/Mobile-gatcha-/axmol/extensions/fairygui/src/fairygui/event/UIEventDispatcher.cpp:1:
/home/runner/work/Mobile-gatcha-/Mobile-gatcha-/axmol/core/platform/ApplicationBase.h: In member function ‘virtual void ax::ApplicationBase::initGfxContextAttrs()’:
/home/runner/work/Mobile-gatcha-/Mobile-gatcha-/axmol/core/platform/ApplicationBase.h:122:27: warning: ‘virtual void ax::ApplicationBase::initGLContextAttrs()’ is deprecated [-Wdeprecated-declarations]
  122 |         initGLContextAttrs();
      |         ~~~~~~~~~~~~~~~~~~^~
/home/runner/work/Mobile-gatcha-/Mobile-gatcha-/axmol/core/platform/ApplicationBase.h:117:37: note: declared here
  117 |     AX_DEPRECATED(2.8) virtual void initGLContextAttrs() {}
      |                                     ^~~~~~~~~~~~~~~~~~
[ 92%] Building CXX object engine/extensions/cocostudio/CMakeFiles/cocostudio.dir/src/cocostudio/SSceneReader.cpp.o
[ 92%] Building CXX object engine/extensions/Particle3D/CMakeFiles/particle3d.dir/src/Particle3D/PU/PUTextureAnimatorTranslator.cpp.o
[ 92%] Building CXX object engine/extensions/fairygui/CMakeFiles/fairygui.dir/src/fairygui/gears/GearAnimation.cpp.o
[ 92%] Building CXX object engine/extensions/Particle3D/CMakeFiles/particle3d.dir/src/Particle3D/PU/PUTextureRotator.cpp.o
[ 92%] Building CXX object engine/extensions/Particle3D/CMakeFiles/particle3d.dir/src/Particle3D/PU/PUTextureRotatorTranslator.cpp.o
In file included from /home/runner/work/Mobile-gatcha-/Mobile-gatcha-/axmol/core/platform/linux/Application-linux.h:30,
                 from /home/runner/work/Mobile-gatcha-/Mobile-gatcha-/axmol/core/axmol.h:220,
                 from /home/runner/work/Mobile-gatcha-/Mobile-gatcha-/axmol/core/cocos2d.h:36,
                 from /home/runner/work/Mobile-gatcha-/Mobile-gatcha-/axmol/extensions/fairygui/src/fairygui/FairyGUIMacros.h:4,
                 from /home/runner/work/Mobile-gatcha-/Mobile-gatcha-/axmol/extensions/fairygui/src/fairygui/gears/GearAnimation.h:4,
                 from /home/runner/work/Mobile-gatcha-/Mobile-gatcha-/axmol/extensions/fairygui/src/fairygui/gears/GearAnimation.cpp:1:
/home/runner/work/Mobile-gatcha-/Mobile-gatcha-/axmol/core/platform/ApplicationBase.h: In member function ‘virtual void ax::ApplicationBase::initGfxContextAttrs()’:
/home/runner/work/Mobile-gatcha-/Mobile-gatcha-/axmol/core/platform/ApplicationBase.h:122:27: warning: ‘virtual void ax::ApplicationBase::initGLContextAttrs()’ is deprecated [-Wdeprecated-declarations]
  122 |         initGLContextAttrs();
      |         ~~~~~~~~~~~~~~~~~~^~
/home/runner/work/Mobile-gatcha-/Mobile-gatcha-/axmol/core/platform/ApplicationBase.h:117:37: note: declared here
  117 |     AX_DEPRECATED(2.8) virtual void initGLContextAttrs() {}
      |                                     ^~~~~~~~~~~~~~~~~~
[ 92%] Building CXX object engine/extensions/fairygui/CMakeFiles/fairygui.dir/src/fairygui/gears/GearBase.cpp.o
[ 93%] Building CXX object engine/extensions/cocostudio/CMakeFiles/cocostudio.dir/src/cocostudio/Skin.cpp.o
[ 93%] Building CXX object engine/extensions/Particle3D/CMakeFiles/particle3d.dir/src/Particle3D/PU/PUTranslateManager.cpp.o
[ 93%] Building CXX object engine/extensions/Particle3D/CMakeFiles/particle3d.dir/src/Particle3D/PU/PUUtil.cpp.o
[ 93%] Building CXX object engine/extensions/fairygui/CMakeFiles/fairygui.dir/src/fairygui/gears/GearColor.cpp.o
[ 93%] Building CXX object engine/extensions/Particle3D/CMakeFiles/particle3d.dir/src/Particle3D/PU/PUVelocityMatchingAffector.cpp.o
[ 93%] Building CXX object engine/extensions/cocostudio/CMakeFiles/cocostudio.dir/src/cocostudio/SpineSkeletonDataCache.cpp.o
In file included from /home/runner/work/Mobile-gatcha-/Mobile-gatcha-/axmol/core/platform/linux/Application-linux.h:30,
                 from /home/runner/work/Mobile-gatcha-/Mobile-gatcha-/axmol/core/axmol.h:220,
                 from /home/runner/work/Mobile-gatcha-/Mobile-gatcha-/axmol/core/cocos2d.h:36,
                 from /home/runner/work/Mobile-gatcha-/Mobile-gatcha-/axmol/extensions/fairygui/src/fairygui/FairyGUIMacros.h:4,
                 from /home/runner/work/Mobile-gatcha-/Mobile-gatcha-/axmol/extensions/fairygui/src/fairygui/gears/GearBase.h:4,
                 from /home/runner/work/Mobile-gatcha-/Mobile-gatcha-/axmol/extensions/fairygui/src/fairygui/gears/GearBase.cpp:1:
/home/runner/work/Mobile-gatcha-/Mobile-gatcha-/axmol/core/platform/ApplicationBase.h: In member function ‘virtual void ax::ApplicationBase::initGfxContextAttrs()’:
/home/runner/work/Mobile-gatcha-/Mobile-gatcha-/axmol/core/platform/ApplicationBase.h:122:27: warning: ‘virtual void ax::ApplicationBase::initGLContextAttrs()’ is deprecated [-Wdeprecated-declarations]
  122 |         initGLContextAttrs();
      |         ~~~~~~~~~~~~~~~~~~^~
/home/runner/work/Mobile-gatcha-/Mobile-gatcha-/axmol/core/platform/ApplicationBase.h:117:37: note: declared here
  117 |     AX_DEPRECATED(2.8) virtual void initGLContextAttrs() {}
      |                                     ^~~~~~~~~~~~~~~~~~
[ 93%] Building CXX object engine/extensions/Particle3D/CMakeFiles/particle3d.dir/src/Particle3D/PU/PUVelocityMatchingAffectorTranslator.cpp.o
[ 93%] Building CXX object engine/extensions/cocostudio/CMakeFiles/cocostudio.dir/src/cocostudio/SpriteFrameCacheHelper.cpp.o
[ 93%] Building CXX object engine/extensions/Particle3D/CMakeFiles/particle3d.dir/src/Particle3D/PU/PUVertexEmitter.cpp.o
In file included from /home/runner/work/Mobile-gatcha-/Mobile-gatcha-/axmol/core/platform/linux/Application-linux.h:30,
                 from /home/runner/work/Mobile-gatcha-/Mobile-gatcha-/axmol/core/axmol.h:220,
                 from /home/runner/work/Mobile-gatcha-/Mobile-gatcha-/axmol/core/cocos2d.h:36,
                 from /home/runner/work/Mobile-gatcha-/Mobile-gatcha-/axmol/extensions/fairygui/src/fairygui/FairyGUIMacros.h:4,
                 from /home/runner/work/Mobile-gatcha-/Mobile-gatcha-/axmol/extensions/fairygui/src/fairygui/gears/GearColor.h:4,
                 from /home/runner/work/Mobile-gatcha-/Mobile-gatcha-/axmol/extensions/fairygui/src/fairygui/gears/GearColor.cpp:1:
/home/runner/work/Mobile-gatcha-/Mobile-gatcha-/axmol/core/platform/ApplicationBase.h: In member function ‘virtual void ax::ApplicationBase::initGfxContextAttrs()’:
/home/runner/work/Mobile-gatcha-/Mobile-gatcha-/axmol/core/platform/ApplicationBase.h:122:27: warning: ‘virtual void ax::ApplicationBase::initGLContextAttrs()’ is deprecated [-Wdeprecated-declarations]
  122 |         initGLContextAttrs();
      |         ~~~~~~~~~~~~~~~~~~^~
/home/runner/work/Mobile-gatcha-/Mobile-gatcha-/axmol/core/platform/ApplicationBase.h:117:37: note: declared here
  117 |     AX_DEPRECATED(2.8) virtual void initGLContextAttrs() {}
      |                                     ^~~~~~~~~~~~~~~~~~
In file included from /home/runner/work/Mobile-gatcha-/Mobile-gatcha-/axmol/core/platform/linux/Application-linux.h:30,
                 from /home/runner/work/Mobile-gatcha-/Mobile-gatcha-/axmol/core/axmol.h:220,
                 from /home/runner/work/Mobile-gatcha-/Mobile-gatcha-/axmol/core/cocos2d.h:36,
                 from /home/runner/work/Mobile-gatcha-/Mobile-gatcha-/axmol/extensions/cocostudio/src/cocostudio/SpineSkeletonDataCache.h:4,
                 from /home/runner/work/Mobile-gatcha-/Mobile-gatcha-/axmol/extensions/cocostudio/src/cocostudio/SpineSkeletonDataCache.cpp:1:
/home/runner/work/Mobile-gatcha-/Mobile-gatcha-/axmol/core/platform/ApplicationBase.h: In member function ‘virtual void ax::ApplicationBase::initGfxContextAttrs()’:
/home/runner/work/Mobile-gatcha-/Mobile-gatcha-/axmol/core/platform/ApplicationBase.h:122:27: warning: ‘virtual void ax::ApplicationBase::initGLContextAttrs()’ is deprecated [-Wdeprecated-declarations]
  122 |         initGLContextAttrs();
      |         ~~~~~~~~~~~~~~~~~~^~
/home/runner/work/Mobile-gatcha-/Mobile-gatcha-/axmol/core/platform/ApplicationBase.h:117:37: note: declared here
  117 |     AX_DEPRECATED(2.8) virtual void initGLContextAttrs() {}
      |                                     ^~~~~~~~~~~~~~~~~~
[ 93%] Building CXX object engine/extensions/Particle3D/CMakeFiles/particle3d.dir/src/Particle3D/PU/PUVortexAffector.cpp.o
[ 93%] Building CXX object engine/extensions/fairygui/CMakeFiles/fairygui.dir/src/fairygui/gears/GearDisplay.cpp.o
[ 93%] Building CXX object engine/extensions/fairygui/CMakeFiles/fairygui.dir/src/fairygui/gears/GearDisplay2.cpp.o
[ 93%] Building CXX object engine/extensions/Particle3D/CMakeFiles/particle3d.dir/src/Particle3D/PU/PUVortexAffectorTranslator.cpp.o
[ 93%] Building CXX object engine/extensions/cocostudio/CMakeFiles/cocostudio.dir/src/cocostudio/TransformHelp.cpp.o
[ 93%] Building CXX object engine/extensions/Particle3D/CMakeFiles/particle3d.dir/src/Particle3D/Particle3DAffector.cpp.o
In file included from /home/runner/work/Mobile-gatcha-/Mobile-gatcha-/axmol/core/platform/linux/Application-linux.h:30,
                 from /home/runner/work/Mobile-gatcha-/Mobile-gatcha-/axmol/core/axmol.h:220,
                 from /home/runner/work/Mobile-gatcha-/Mobile-gatcha-/axmol/core/cocos2d.h:36,
                 from /home/runner/work/Mobile-gatcha-/Mobile-gatcha-/axmol/extensions/fairygui/src/fairygui/FairyGUIMacros.h:4,
                 from /home/runner/work/Mobile-gatcha-/Mobile-gatcha-/axmol/extensions/fairygui/src/fairygui/gears/GearDisplay.h:4,
                 from /home/runner/work/Mobile-gatcha-/Mobile-gatcha-/axmol/extensions/fairygui/src/fairygui/gears/GearDisplay.cpp:1:
/home/runner/work/Mobile-gatcha-/Mobile-gatcha-/axmol/core/platform/ApplicationBase.h: In member function ‘virtual void ax::ApplicationBase::initGfxContextAttrs()’:
/home/runner/work/Mobile-gatcha-/Mobile-gatcha-/axmol/core/platform/ApplicationBase.h:122:27: warning: ‘virtual void ax::ApplicationBase::initGLContextAttrs()’ is deprecated [-Wdeprecated-declarations]
  122 |         initGLContextAttrs();
      |         ~~~~~~~~~~~~~~~~~~^~
/home/runner/work/Mobile-gatcha-/Mobile-gatcha-/axmol/core/platform/ApplicationBase.h:117:37: note: declared here
  117 |     AX_DEPRECATED(2.8) virtual void initGLContextAttrs() {}
      |                                     ^~~~~~~~~~~~~~~~~~
[ 93%] Building CXX object engine/extensions/cocostudio/CMakeFiles/cocostudio.dir/src/cocostudio/TriggerBase.cpp.o
In file included from /home/runner/work/Mobile-gatcha-/Mobile-gatcha-/axmol/core/platform/linux/Application-linux.h:30,
                 from /home/runner/work/Mobile-gatcha-/Mobile-gatcha-/axmol/core/axmol.h:220,
                 from /home/runner/work/Mobile-gatcha-/Mobile-gatcha-/axmol/core/cocos2d.h:36,
                 from /home/runner/work/Mobile-gatcha-/Mobile-gatcha-/axmol/extensions/fairygui/src/fairygui/FairyGUIMacros.h:4,
                 from /home/runner/work/Mobile-gatcha-/Mobile-gatcha-/axmol/extensions/fairygui/src/fairygui/gears/GearDisplay2.h:4,
                 from /home/runner/work/Mobile-gatcha-/Mobile-gatcha-/axmol/extensions/fairygui/src/fairygui/gears/GearDisplay2.cpp:1:
/home/runner/work/Mobile-gatcha-/Mobile-gatcha-/axmol/core/platform/ApplicationBase.h: In member function ‘virtual void ax::ApplicationBase::initGfxContextAttrs()’:
/home/runner/work/Mobile-gatcha-/Mobile-gatcha-/axmol/core/platform/ApplicationBase.h:122:27: warning: ‘virtual void ax::ApplicationBase::initGLContextAttrs()’ is deprecated [-Wdeprecated-declarations]
  122 |         initGLContextAttrs();
      |         ~~~~~~~~~~~~~~~~~~^~
/home/runner/work/Mobile-gatcha-/Mobile-gatcha-/axmol/core/platform/ApplicationBase.h:117:37: note: declared here
  117 |     AX_DEPRECATED(2.8) virtual void initGLContextAttrs() {}
      |                                     ^~~~~~~~~~~~~~~~~~
[ 94%] Building CXX object engine/extensions/Particle3D/CMakeFiles/particle3d.dir/src/Particle3D/Particle3DEmitter.cpp.o
[ 94%] Building CXX object engine/extensions/Particle3D/CMakeFiles/particle3d.dir/src/Particle3D/Particle3DRender.cpp.o
[ 94%] Building CXX object engine/extensions/cocostudio/CMakeFiles/cocostudio.dir/src/cocostudio/TriggerMng.cpp.o
[ 94%] Building CXX object engine/extensions/fairygui/CMakeFiles/fairygui.dir/src/fairygui/gears/GearFontSize.cpp.o
[ 94%] Building CXX object engine/extensions/fairygui/CMakeFiles/fairygui.dir/src/fairygui/gears/GearIcon.cpp.o
[ 94%] Building CXX object engine/extensions/Particle3D/CMakeFiles/particle3d.dir/src/Particle3D/ParticleSystem3D.cpp.o
In file included from /home/runner/work/Mobile-gatcha-/Mobile-gatcha-/axmol/core/platform/linux/Application-linux.h:30,
                 from /home/runner/work/Mobile-gatcha-/Mobile-gatcha-/axmol/core/axmol.h:220,
                 from /home/runner/work/Mobile-gatcha-/Mobile-gatcha-/axmol/core/cocos2d.h:36,
                 from /home/runner/work/Mobile-gatcha-/Mobile-gatcha-/axmol/extensions/fairygui/src/fairygui/FairyGUIMacros.h:4,
                 from /home/runner/work/Mobile-gatcha-/Mobile-gatcha-/axmol/extensions/fairygui/src/fairygui/gears/GearFontSize.h:4,
                 from /home/runner/work/Mobile-gatcha-/Mobile-gatcha-/axmol/extensions/fairygui/src/fairygui/gears/GearFontSize.cpp:1:
/home/runner/work/Mobile-gatcha-/Mobile-gatcha-/axmol/core/platform/ApplicationBase.h: In member function ‘virtual void ax::ApplicationBase::initGfxContextAttrs()’:
/home/runner/work/Mobile-gatcha-/Mobile-gatcha-/axmol/core/platform/ApplicationBase.h:122:27: warning: ‘virtual void ax::ApplicationBase::initGLContextAttrs()’ is deprecated [-Wdeprecated-declarations]
  122 |         initGLContextAttrs();
      |         ~~~~~~~~~~~~~~~~~~^~
/home/runner/work/Mobile-gatcha-/Mobile-gatcha-/axmol/core/platform/ApplicationBase.h:117:37: note: declared here
  117 |     AX_DEPRECATED(2.8) virtual void initGLContextAttrs() {}
      |                                     ^~~~~~~~~~~~~~~~~~
[ 94%] Linking CXX static library ../../../lib/libparticle3d.a
In file included from /home/runner/work/Mobile-gatcha-/Mobile-gatcha-/axmol/core/platform/linux/Application-linux.h:30,
                 from /home/runner/work/Mobile-gatcha-/Mobile-gatcha-/axmol/core/axmol.h:220,
                 from /home/runner/work/Mobile-gatcha-/Mobile-gatcha-/axmol/core/cocos2d.h:36,
                 from /home/runner/work/Mobile-gatcha-/Mobile-gatcha-/axmol/extensions/fairygui/src/fairygui/FairyGUIMacros.h:4,
                 from /home/runner/work/Mobile-gatcha-/Mobile-gatcha-/axmol/extensions/fairygui/src/fairygui/gears/GearIcon.h:4,
                 from /home/runner/work/Mobile-gatcha-/Mobile-gatcha-/axmol/extensions/fairygui/src/fairygui/gears/GearIcon.cpp:1:
/home/runner/work/Mobile-gatcha-/Mobile-gatcha-/axmol/core/platform/ApplicationBase.h: In member function ‘virtual void ax::ApplicationBase::initGfxContextAttrs()’:
/home/runner/work/Mobile-gatcha-/Mobile-gatcha-/axmol/core/platform/ApplicationBase.h:122:27: warning: ‘virtual void ax::ApplicationBase::initGLContextAttrs()’ is deprecated [-Wdeprecated-declarations]
  122 |         initGLContextAttrs();
      |         ~~~~~~~~~~~~~~~~~~^~
/home/runner/work/Mobile-gatcha-/Mobile-gatcha-/axmol/core/platform/ApplicationBase.h:117:37: note: declared here
  117 |     AX_DEPRECATED(2.8) virtual void initGLContextAttrs() {}
      |                                     ^~~~~~~~~~~~~~~~~~
[ 94%] Built target particle3d
[ 94%] Building CXX object engine/extensions/fairygui/CMakeFiles/fairygui.dir/src/fairygui/gears/GearLook.cpp.o
[ 94%] Building CXX object engine/extensions/cocostudio/CMakeFiles/cocostudio.dir/src/cocostudio/TriggerObj.cpp.o
[ 94%] Building CXX object engine/extensions/fairygui/CMakeFiles/fairygui.dir/src/fairygui/gears/GearSize.cpp.o
[ 94%] Building CXX object engine/extensions/cocostudio/CMakeFiles/cocostudio.dir/src/cocostudio/Tween.cpp.o
[ 94%] Building CXX object engine/extensions/cocostudio/CMakeFiles/cocostudio.dir/src/cocostudio/WidgetCallBackHandlerProtocol.cpp.o
[ 94%] Building CXX object engine/extensions/fairygui/CMakeFiles/fairygui.dir/src/fairygui/gears/GearText.cpp.o
In file included from /home/runner/work/Mobile-gatcha-/Mobile-gatcha-/axmol/core/platform/linux/Application-linux.h:30,
                 from /home/runner/work/Mobile-gatcha-/Mobile-gatcha-/axmol/core/axmol.h:220,
                 from /home/runner/work/Mobile-gatcha-/Mobile-gatcha-/axmol/core/cocos2d.h:36,
                 from /home/runner/work/Mobile-gatcha-/Mobile-gatcha-/axmol/extensions/fairygui/src/fairygui/FairyGUIMacros.h:4,
                 from /home/runner/work/Mobile-gatcha-/Mobile-gatcha-/axmol/extensions/fairygui/src/fairygui/gears/GearLook.h:4,
                 from /home/runner/work/Mobile-gatcha-/Mobile-gatcha-/axmol/extensions/fairygui/src/fairygui/gears/GearLook.cpp:1:
/home/runner/work/Mobile-gatcha-/Mobile-gatcha-/axmol/core/platform/ApplicationBase.h: In member function ‘virtual void ax::ApplicationBase::initGfxContextAttrs()’:
/home/runner/work/Mobile-gatcha-/Mobile-gatcha-/axmol/core/platform/ApplicationBase.h:122:27: warning: ‘virtual void ax::ApplicationBase::initGLContextAttrs()’ is deprecated [-Wdeprecated-declarations]
  122 |         initGLContextAttrs();
      |         ~~~~~~~~~~~~~~~~~~^~
/home/runner/work/Mobile-gatcha-/Mobile-gatcha-/axmol/core/platform/ApplicationBase.h:117:37: note: declared here
  117 |     AX_DEPRECATED(2.8) virtual void initGLContextAttrs() {}
      |                                     ^~~~~~~~~~~~~~~~~~
In file included from /home/runner/work/Mobile-gatcha-/Mobile-gatcha-/axmol/core/platform/linux/Application-linux.h:30,
                 from /home/runner/work/Mobile-gatcha-/Mobile-gatcha-/axmol/core/axmol.h:220,
                 from /home/runner/work/Mobile-gatcha-/Mobile-gatcha-/axmol/core/cocos2d.h:36,
                 from /home/runner/work/Mobile-gatcha-/Mobile-gatcha-/axmol/extensions/fairygui/src/fairygui/FairyGUIMacros.h:4,
                 from /home/runner/work/Mobile-gatcha-/Mobile-gatcha-/axmol/extensions/fairygui/src/fairygui/gears/GearSize.h:4,
                 from /home/runner/work/Mobile-gatcha-/Mobile-gatcha-/axmol/extensions/fairygui/src/fairygui/gears/GearSize.cpp:1:
/home/runner/work/Mobile-gatcha-/Mobile-gatcha-/axmol/core/platform/ApplicationBase.h: In member function ‘virtual void ax::ApplicationBase::initGfxContextAttrs()’:
/home/runner/work/Mobile-gatcha-/Mobile-gatcha-/axmol/core/platform/ApplicationBase.h:122:27: warning: ‘virtual void ax::ApplicationBase::initGLContextAttrs()’ is deprecated [-Wdeprecated-declarations]
  122 |         initGLContextAttrs();
      |         ~~~~~~~~~~~~~~~~~~^~
/home/runner/work/Mobile-gatcha-/Mobile-gatcha-/axmol/core/platform/ApplicationBase.h:117:37: note: declared here
  117 |     AX_DEPRECATED(2.8) virtual void initGLContextAttrs() {}
      |                                     ^~~~~~~~~~~~~~~~~~
[ 94%] Building CXX object engine/extensions/cocostudio/CMakeFiles/cocostudio.dir/src/cocostudio/WidgetReader/ArmatureNodeReader/ArmatureNodeReader.cpp.o
[ 94%] Building CXX object engine/extensions/cocostudio/CMakeFiles/cocostudio.dir/src/cocostudio/WidgetReader/ButtonReader/ButtonReader.cpp.o
[ 94%] Building CXX object engine/extensions/cocostudio/CMakeFiles/cocostudio.dir/src/cocostudio/WidgetReader/CheckBoxReader/CheckBoxReader.cpp.o
In file included from /home/runner/work/Mobile-gatcha-/Mobile-gatcha-/axmol/core/platform/linux/Application-linux.h:30,
                 from /home/runner/work/Mobile-gatcha-/Mobile-gatcha-/axmol/core/axmol.h:220,
                 from /home/runner/work/Mobile-gatcha-/Mobile-gatcha-/axmol/core/cocos2d.h:36,
                 from /home/runner/work/Mobile-gatcha-/Mobile-gatcha-/axmol/extensions/fairygui/src/fairygui/FairyGUIMacros.h:4,
                 from /home/runner/work/Mobile-gatcha-/Mobile-gatcha-/axmol/extensions/fairygui/src/fairygui/gears/GearText.h:4,
                 from /home/runner/work/Mobile-gatcha-/Mobile-gatcha-/axmol/extensions/fairygui/src/fairygui/gears/GearText.cpp:1:
/home/runner/work/Mobile-gatcha-/Mobile-gatcha-/axmol/core/platform/ApplicationBase.h: In member function ‘virtual void ax::ApplicationBase::initGfxContextAttrs()’:
/home/runner/work/Mobile-gatcha-/Mobile-gatcha-/axmol/core/platform/ApplicationBase.h:122:27: warning: ‘virtual void ax::ApplicationBase::initGLContextAttrs()’ is deprecated [-Wdeprecated-declarations]
  122 |         initGLContextAttrs();
      |         ~~~~~~~~~~~~~~~~~~^~
/home/runner/work/Mobile-gatcha-/Mobile-gatcha-/axmol/core/platform/ApplicationBase.h:117:37: note: declared here
  117 |     AX_DEPRECATED(2.8) virtual void initGLContextAttrs() {}
      |                                     ^~~~~~~~~~~~~~~~~~
[ 94%] Building CXX object engine/extensions/fairygui/CMakeFiles/fairygui.dir/src/fairygui/gears/GearXY.cpp.o
In file included from /home/runner/work/Mobile-gatcha-/Mobile-gatcha-/axmol/core/platform/linux/Application-linux.h:30,
                 from /home/runner/work/Mobile-gatcha-/Mobile-gatcha-/axmol/core/axmol.h:220,
                 from /home/runner/work/Mobile-gatcha-/Mobile-gatcha-/axmol/core/cocos2d.h:36,
                 from /home/runner/work/Mobile-gatcha-/Mobile-gatcha-/axmol/extensions/DragonBones/src/DragonBones/CCTextureAtlasData.h:27,
                 from /home/runner/work/Mobile-gatcha-/Mobile-gatcha-/axmol/extensions/DragonBones/src/DragonBones/CCDragonBonesHeaders.h:26,
                 from /home/runner/work/Mobile-gatcha-/Mobile-gatcha-/axmol/extensions/cocostudio/src/cocostudio/WidgetReader/ArmatureNodeReader/ArmatureNodeReader.cpp:11:
/home/runner/work/Mobile-gatcha-/Mobile-gatcha-/axmol/core/platform/ApplicationBase.h: In member function ‘virtual void ax::ApplicationBase::initGfxContextAttrs()’:
/home/runner/work/Mobile-gatcha-/Mobile-gatcha-/axmol/core/platform/ApplicationBase.h:122:27: warning: ‘virtual void ax::ApplicationBase::initGLContextAttrs()’ is deprecated [-Wdeprecated-declarations]
  122 |         initGLContextAttrs();
      |         ~~~~~~~~~~~~~~~~~~^~
/home/runner/work/Mobile-gatcha-/Mobile-gatcha-/axmol/core/platform/ApplicationBase.h:117:37: note: declared here
  117 |     AX_DEPRECATED(2.8) virtual void initGLContextAttrs() {}
      |                                     ^~~~~~~~~~~~~~~~~~
In file included from /home/runner/work/Mobile-gatcha-/Mobile-gatcha-/axmol/core/platform/linux/Application-linux.h:30,
                 from /home/runner/work/Mobile-gatcha-/Mobile-gatcha-/axmol/core/axmol.h:220,
                 from /home/runner/work/Mobile-gatcha-/Mobile-gatcha-/axmol/core/cocos2d.h:36,
                 from /home/runner/work/Mobile-gatcha-/Mobile-gatcha-/axmol/extensions/fairygui/src/fairygui/FairyGUIMacros.h:4,
                 from /home/runner/work/Mobile-gatcha-/Mobile-gatcha-/axmol/extensions/fairygui/src/fairygui/gears/GearXY.h:4,
                 from /home/runner/work/Mobile-gatcha-/Mobile-gatcha-/axmol/extensions/fairygui/src/fairygui/gears/GearXY.cpp:1:
/home/runner/work/Mobile-gatcha-/Mobile-gatcha-/axmol/core/platform/ApplicationBase.h: In member function ‘virtual void ax::ApplicationBase::initGfxContextAttrs()’:
/home/runner/work/Mobile-gatcha-/Mobile-gatcha-/axmol/core/platform/ApplicationBase.h:122:27: warning: ‘virtual void ax::ApplicationBase::initGLContextAttrs()’ is deprecated [-Wdeprecated-declarations]
  122 |         initGLContextAttrs();
      |         ~~~~~~~~~~~~~~~~~~^~
/home/runner/work/Mobile-gatcha-/Mobile-gatcha-/axmol/core/platform/ApplicationBase.h:117:37: note: declared here
  117 |     AX_DEPRECATED(2.8) virtual void initGLContextAttrs() {}
      |                                     ^~~~~~~~~~~~~~~~~~
[ 95%] Building CXX object engine/extensions/fairygui/CMakeFiles/fairygui.dir/src/fairygui/tween/EaseManager.cpp.o
[ 95%] Building CXX object engine/extensions/fairygui/CMakeFiles/fairygui.dir/src/fairygui/tween/GPath.cpp.o
[ 95%] Building CXX object engine/extensions/cocostudio/CMakeFiles/cocostudio.dir/src/cocostudio/WidgetReader/ComAudioReader/ComAudioReader.cpp.o
[ 95%] Building CXX object engine/extensions/fairygui/CMakeFiles/fairygui.dir/src/fairygui/tween/GTween.cpp.o
In file included from /home/runner/work/Mobile-gatcha-/Mobile-gatcha-/axmol/core/platform/linux/Application-linux.h:30,
                 from /home/runner/work/Mobile-gatcha-/Mobile-gatcha-/axmol/core/axmol.h:220,
                 from /home/runner/work/Mobile-gatcha-/Mobile-gatcha-/axmol/core/cocos2d.h:36,
                 from /home/runner/work/Mobile-gatcha-/Mobile-gatcha-/axmol/extensions/fairygui/src/fairygui/FairyGUIMacros.h:4,
                 from /home/runner/work/Mobile-gatcha-/Mobile-gatcha-/axmol/extensions/fairygui/src/fairygui/tween/EaseManager.h:4,
                 from /home/runner/work/Mobile-gatcha-/Mobile-gatcha-/axmol/extensions/fairygui/src/fairygui/tween/EaseManager.cpp:1:
/home/runner/work/Mobile-gatcha-/Mobile-gatcha-/axmol/core/platform/ApplicationBase.h: In member function ‘virtual void ax::ApplicationBase::initGfxContextAttrs()’:
/home/runner/work/Mobile-gatcha-/Mobile-gatcha-/axmol/core/platform/ApplicationBase.h:122:27: warning: ‘virtual void ax::ApplicationBase::initGLContextAttrs()’ is deprecated [-Wdeprecated-declarations]
  122 |         initGLContextAttrs();
      |         ~~~~~~~~~~~~~~~~~~^~
/home/runner/work/Mobile-gatcha-/Mobile-gatcha-/axmol/core/platform/ApplicationBase.h:117:37: note: declared here
  117 |     AX_DEPRECATED(2.8) virtual void initGLContextAttrs() {}
      |                                     ^~~~~~~~~~~~~~~~~~
[ 95%] Building CXX object engine/extensions/cocostudio/CMakeFiles/cocostudio.dir/src/cocostudio/WidgetReader/GameMapReader/GameMapReader.cpp.o
In file included from /home/runner/work/Mobile-gatcha-/Mobile-gatcha-/axmol/core/platform/linux/Application-linux.h:30,
                 from /home/runner/work/Mobile-gatcha-/Mobile-gatcha-/axmol/core/axmol.h:220,
                 from /home/runner/work/Mobile-gatcha-/Mobile-gatcha-/axmol/core/cocos2d.h:36,
                 from /home/runner/work/Mobile-gatcha-/Mobile-gatcha-/axmol/extensions/fairygui/src/fairygui/FairyGUIMacros.h:4,
                 from /home/runner/work/Mobile-gatcha-/Mobile-gatcha-/axmol/extensions/fairygui/src/fairygui/tween/GPath.h:4,
                 from /home/runner/work/Mobile-gatcha-/Mobile-gatcha-/axmol/extensions/fairygui/src/fairygui/tween/GPath.cpp:1:
/home/runner/work/Mobile-gatcha-/Mobile-gatcha-/axmol/core/platform/ApplicationBase.h: In member function ‘virtual void ax::ApplicationBase::initGfxContextAttrs()’:
/home/runner/work/Mobile-gatcha-/Mobile-gatcha-/axmol/core/platform/ApplicationBase.h:122:27: warning: ‘virtual void ax::ApplicationBase::initGLContextAttrs()’ is deprecated [-Wdeprecated-declarations]
  122 |         initGLContextAttrs();
      |         ~~~~~~~~~~~~~~~~~~^~
/home/runner/work/Mobile-gatcha-/Mobile-gatcha-/axmol/core/platform/ApplicationBase.h:117:37: note: declared here
  117 |     AX_DEPRECATED(2.8) virtual void initGLContextAttrs() {}
      |                                     ^~~~~~~~~~~~~~~~~~
[ 95%] Building CXX object engine/extensions/fairygui/CMakeFiles/fairygui.dir/src/fairygui/tween/GTweener.cpp.o
In file included from /home/runner/work/Mobile-gatcha-/Mobile-gatcha-/axmol/core/platform/linux/Application-linux.h:30,
                 from /home/runner/work/Mobile-gatcha-/Mobile-gatcha-/axmol/core/axmol.h:220,
                 from /home/runner/work/Mobile-gatcha-/Mobile-gatcha-/axmol/core/cocos2d.h:36,
                 from /home/runner/work/Mobile-gatcha-/Mobile-gatcha-/axmol/extensions/fairygui/src/fairygui/FairyGUIMacros.h:4,
                 from /home/runner/work/Mobile-gatcha-/Mobile-gatcha-/axmol/extensions/fairygui/src/fairygui/tween/GTween.h:4,
                 from /home/runner/work/Mobile-gatcha-/Mobile-gatcha-/axmol/extensions/fairygui/src/fairygui/tween/GTween.cpp:1:
/home/runner/work/Mobile-gatcha-/Mobile-gatcha-/axmol/core/platform/ApplicationBase.h: In member function ‘virtual void ax::ApplicationBase::initGfxContextAttrs()’:
/home/runner/work/Mobile-gatcha-/Mobile-gatcha-/axmol/core/platform/ApplicationBase.h:122:27: warning: ‘virtual void ax::ApplicationBase::initGLContextAttrs()’ is deprecated [-Wdeprecated-declarations]
  122 |         initGLContextAttrs();
      |         ~~~~~~~~~~~~~~~~~~^~
/home/runner/work/Mobile-gatcha-/Mobile-gatcha-/axmol/core/platform/ApplicationBase.h:117:37: note: declared here
  117 |     AX_DEPRECATED(2.8) virtual void initGLContextAttrs() {}
      |                                     ^~~~~~~~~~~~~~~~~~
[ 95%] Building CXX object engine/extensions/fairygui/CMakeFiles/fairygui.dir/src/fairygui/tween/TweenManager.cpp.o
[ 95%] Building CXX object engine/extensions/fairygui/CMakeFiles/fairygui.dir/src/fairygui/tween/TweenPropType.cpp.o
[ 95%] Building CXX object engine/extensions/cocostudio/CMakeFiles/cocostudio.dir/src/cocostudio/WidgetReader/GameNode3DReader/GameNode3DReader.cpp.o
In file included from /home/runner/work/Mobile-gatcha-/Mobile-gatcha-/axmol/core/platform/linux/Application-linux.h:30,
                 from /home/runner/work/Mobile-gatcha-/Mobile-gatcha-/axmol/core/axmol.h:220,
                 from /home/runner/work/Mobile-gatcha-/Mobile-gatcha-/axmol/core/cocos2d.h:36,
                 from /home/runner/work/Mobile-gatcha-/Mobile-gatcha-/axmol/extensions/fairygui/src/fairygui/FairyGUIMacros.h:4,
                 from /home/runner/work/Mobile-gatcha-/Mobile-gatcha-/axmol/extensions/fairygui/src/fairygui/tween/GTweener.h:4,
                 from /home/runner/work/Mobile-gatcha-/Mobile-gatcha-/axmol/extensions/fairygui/src/fairygui/tween/GTweener.cpp:1:
/home/runner/work/Mobile-gatcha-/Mobile-gatcha-/axmol/core/platform/ApplicationBase.h: In member function ‘virtual void ax::ApplicationBase::initGfxContextAttrs()’:
/home/runner/work/Mobile-gatcha-/Mobile-gatcha-/axmol/core/platform/ApplicationBase.h:122:27: warning: ‘virtual void ax::ApplicationBase::initGLContextAttrs()’ is deprecated [-Wdeprecated-declarations]
  122 |         initGLContextAttrs();
      |         ~~~~~~~~~~~~~~~~~~^~
/home/runner/work/Mobile-gatcha-/Mobile-gatcha-/axmol/core/platform/ApplicationBase.h:117:37: note: declared here
  117 |     AX_DEPRECATED(2.8) virtual void initGLContextAttrs() {}
      |                                     ^~~~~~~~~~~~~~~~~~
In file included from /home/runner/work/Mobile-gatcha-/Mobile-gatcha-/axmol/core/platform/linux/Application-linux.h:30,
                 from /home/runner/work/Mobile-gatcha-/Mobile-gatcha-/axmol/core/axmol.h:220,
                 from /home/runner/work/Mobile-gatcha-/Mobile-gatcha-/axmol/core/cocos2d.h:36,
                 from /home/runner/work/Mobile-gatcha-/Mobile-gatcha-/axmol/extensions/fairygui/src/fairygui/FairyGUIMacros.h:4,
                 from /home/runner/work/Mobile-gatcha-/Mobile-gatcha-/axmol/extensions/fairygui/src/fairygui/tween/TweenManager.h:4,
                 from /home/runner/work/Mobile-gatcha-/Mobile-gatcha-/axmol/extensions/fairygui/src/fairygui/tween/TweenManager.cpp:1:
/home/runner/work/Mobile-gatcha-/Mobile-gatcha-/axmol/core/platform/ApplicationBase.h: In member function ‘virtual void ax::ApplicationBase::initGfxContextAttrs()’:
/home/runner/work/Mobile-gatcha-/Mobile-gatcha-/axmol/core/platform/ApplicationBase.h:122:27: warning: ‘virtual void ax::ApplicationBase::initGLContextAttrs()’ is deprecated [-Wdeprecated-declarations]
  122 |         initGLContextAttrs();
      |         ~~~~~~~~~~~~~~~~~~^~
/home/runner/work/Mobile-gatcha-/Mobile-gatcha-/axmol/core/platform/ApplicationBase.h:117:37: note: declared here
  117 |     AX_DEPRECATED(2.8) virtual void initGLContextAttrs() {}
      |                                     ^~~~~~~~~~~~~~~~~~
[ 95%] Building CXX object engine/extensions/fairygui/CMakeFiles/fairygui.dir/src/fairygui/tween/TweenValue.cpp.o
In file included from /home/runner/work/Mobile-gatcha-/Mobile-gatcha-/axmol/core/platform/linux/Application-linux.h:30,
                 from /home/runner/work/Mobile-gatcha-/Mobile-gatcha-/axmol/core/axmol.h:220,
                 from /home/runner/work/Mobile-gatcha-/Mobile-gatcha-/axmol/core/cocos2d.h:36,
                 from /home/runner/work/Mobile-gatcha-/Mobile-gatcha-/axmol/extensions/fairygui/src/fairygui/FairyGUIMacros.h:4,
                 from /home/runner/work/Mobile-gatcha-/Mobile-gatcha-/axmol/extensions/fairygui/src/fairygui/tween/TweenPropType.h:4,
                 from /home/runner/work/Mobile-gatcha-/Mobile-gatcha-/axmol/extensions/fairygui/src/fairygui/tween/TweenPropType.cpp:1:
/home/runner/work/Mobile-gatcha-/Mobile-gatcha-/axmol/core/platform/ApplicationBase.h: In member function ‘virtual void ax::ApplicationBase::initGfxContextAttrs()’:
/home/runner/work/Mobile-gatcha-/Mobile-gatcha-/axmol/core/platform/ApplicationBase.h:122:27: warning: ‘virtual void ax::ApplicationBase::initGLContextAttrs()’ is deprecated [-Wdeprecated-declarations]
  122 |         initGLContextAttrs();
      |         ~~~~~~~~~~~~~~~~~~^~
/home/runner/work/Mobile-gatcha-/Mobile-gatcha-/axmol/core/platform/ApplicationBase.h:117:37: note: declared here
  117 |     AX_DEPRECATED(2.8) virtual void initGLContextAttrs() {}
      |                                     ^~~~~~~~~~~~~~~~~~
[ 95%] Building CXX object engine/extensions/fairygui/CMakeFiles/fairygui.dir/src/fairygui/utils/ByteBuffer.cpp.o
[ 95%] Building CXX object engine/extensions/cocostudio/CMakeFiles/cocostudio.dir/src/cocostudio/WidgetReader/ImageViewReader/ImageViewReader.cpp.o
[ 96%] Building CXX object engine/extensions/cocostudio/CMakeFiles/cocostudio.dir/src/cocostudio/WidgetReader/LayoutReader/LayoutReader.cpp.o
In file included from /home/runner/work/Mobile-gatcha-/Mobile-gatcha-/axmol/core/platform/linux/Application-linux.h:30,
                 from /home/runner/work/Mobile-gatcha-/Mobile-gatcha-/axmol/core/axmol.h:220,
                 from /home/runner/work/Mobile-gatcha-/Mobile-gatcha-/axmol/core/cocos2d.h:36,
                 from /home/runner/work/Mobile-gatcha-/Mobile-gatcha-/axmol/extensions/fairygui/src/fairygui/FairyGUIMacros.h:4,
                 from /home/runner/work/Mobile-gatcha-/Mobile-gatcha-/axmol/extensions/fairygui/src/fairygui/tween/TweenValue.h:4,
                 from /home/runner/work/Mobile-gatcha-/Mobile-gatcha-/axmol/extensions/fairygui/src/fairygui/tween/TweenValue.cpp:1:
/home/runner/work/Mobile-gatcha-/Mobile-gatcha-/axmol/core/platform/ApplicationBase.h: In member function ‘virtual void ax::ApplicationBase::initGfxContextAttrs()’:
/home/runner/work/Mobile-gatcha-/Mobile-gatcha-/axmol/core/platform/ApplicationBase.h:122:27: warning: ‘virtual void ax::ApplicationBase::initGLContextAttrs()’ is deprecated [-Wdeprecated-declarations]
  122 |         initGLContextAttrs();
      |         ~~~~~~~~~~~~~~~~~~^~
/home/runner/work/Mobile-gatcha-/Mobile-gatcha-/axmol/core/platform/ApplicationBase.h:117:37: note: declared here
  117 |     AX_DEPRECATED(2.8) virtual void initGLContextAttrs() {}
      |                                     ^~~~~~~~~~~~~~~~~~
In file included from /home/runner/work/Mobile-gatcha-/Mobile-gatcha-/axmol/core/platform/linux/Application-linux.h:30,
                 from /home/runner/work/Mobile-gatcha-/Mobile-gatcha-/axmol/core/axmol.h:220,
                 from /home/runner/work/Mobile-gatcha-/Mobile-gatcha-/axmol/core/cocos2d.h:36,
                 from /home/runner/work/Mobile-gatcha-/Mobile-gatcha-/axmol/extensions/fairygui/src/fairygui/FairyGUIMacros.h:4,
                 from /home/runner/work/Mobile-gatcha-/Mobile-gatcha-/axmol/extensions/fairygui/src/fairygui/utils/ByteBuffer.h:4,
                 from /home/runner/work/Mobile-gatcha-/Mobile-gatcha-/axmol/extensions/fairygui/src/fairygui/utils/ByteBuffer.cpp:1:
/home/runner/work/Mobile-gatcha-/Mobile-gatcha-/axmol/core/platform/ApplicationBase.h: In member function ‘virtual void ax::ApplicationBase::initGfxContextAttrs()’:
/home/runner/work/Mobile-gatcha-/Mobile-gatcha-/axmol/core/platform/ApplicationBase.h:122:27: warning: ‘virtual void ax::ApplicationBase::initGLContextAttrs()’ is deprecated [-Wdeprecated-declarations]
  122 |         initGLContextAttrs();
      |         ~~~~~~~~~~~~~~~~~~^~
/home/runner/work/Mobile-gatcha-/Mobile-gatcha-/axmol/core/platform/ApplicationBase.h:117:37: note: declared here
  117 |     AX_DEPRECATED(2.8) virtual void initGLContextAttrs() {}
      |                                     ^~~~~~~~~~~~~~~~~~
[ 96%] Building CXX object engine/extensions/cocostudio/CMakeFiles/cocostudio.dir/src/cocostudio/WidgetReader/Light3DReader/Light3DReader.cpp.o
[ 96%] Building CXX object engine/extensions/fairygui/CMakeFiles/fairygui.dir/src/fairygui/utils/ToolSet.cpp.o
[ 96%] Building CXX object engine/extensions/fairygui/CMakeFiles/fairygui.dir/src/fairygui/utils/UBBParser.cpp.o
[ 96%] Building CXX object engine/extensions/fairygui/CMakeFiles/fairygui.dir/src/fairygui/utils/WeakPtr.cpp.o
[ 96%] Building CXX object engine/extensions/cocostudio/CMakeFiles/cocostudio.dir/src/cocostudio/WidgetReader/ListViewReader/ListViewReader.cpp.o
In file included from /home/runner/work/Mobile-gatcha-/Mobile-gatcha-/axmol/core/platform/linux/Application-linux.h:30,
                 from /home/runner/work/Mobile-gatcha-/Mobile-gatcha-/axmol/core/axmol.h:220,
                 from /home/runner/work/Mobile-gatcha-/Mobile-gatcha-/axmol/core/cocos2d.h:36,
                 from /home/runner/work/Mobile-gatcha-/Mobile-gatcha-/axmol/extensions/fairygui/src/fairygui/utils/ToolSet.h:4,
                 from /home/runner/work/Mobile-gatcha-/Mobile-gatcha-/axmol/extensions/fairygui/src/fairygui/utils/ToolSet.cpp:1:
/home/runner/work/Mobile-gatcha-/Mobile-gatcha-/axmol/core/platform/ApplicationBase.h: In member function ‘virtual void ax::ApplicationBase::initGfxContextAttrs()’:
/home/runner/work/Mobile-gatcha-/Mobile-gatcha-/axmol/core/platform/ApplicationBase.h:122:27: warning: ‘virtual void ax::ApplicationBase::initGLContextAttrs()’ is deprecated [-Wdeprecated-declarations]
  122 |         initGLContextAttrs();
      |         ~~~~~~~~~~~~~~~~~~^~
/home/runner/work/Mobile-gatcha-/Mobile-gatcha-/axmol/core/platform/ApplicationBase.h:117:37: note: declared here
  117 |     AX_DEPRECATED(2.8) virtual void initGLContextAttrs() {}
      |                                     ^~~~~~~~~~~~~~~~~~
In file included from /home/runner/work/Mobile-gatcha-/Mobile-gatcha-/axmol/core/platform/linux/Application-linux.h:30,
                 from /home/runner/work/Mobile-gatcha-/Mobile-gatcha-/axmol/core/axmol.h:220,
                 from /home/runner/work/Mobile-gatcha-/Mobile-gatcha-/axmol/core/cocos2d.h:36,
                 from /home/runner/work/Mobile-gatcha-/Mobile-gatcha-/axmol/extensions/fairygui/src/fairygui/utils/UBBParser.h:4,
                 from /home/runner/work/Mobile-gatcha-/Mobile-gatcha-/axmol/extensions/fairygui/src/fairygui/utils/UBBParser.cpp:1:
/home/runner/work/Mobile-gatcha-/Mobile-gatcha-/axmol/core/platform/ApplicationBase.h: In member function ‘virtual void ax::ApplicationBase::initGfxContextAttrs()’:
/home/runner/work/Mobile-gatcha-/Mobile-gatcha-/axmol/core/platform/ApplicationBase.h:122:27: warning: ‘virtual void ax::ApplicationBase::initGLContextAttrs()’ is deprecated [-Wdeprecated-declarations]
  122 |         initGLContextAttrs();
      |         ~~~~~~~~~~~~~~~~~~^~
/home/runner/work/Mobile-gatcha-/Mobile-gatcha-/axmol/core/platform/ApplicationBase.h:117:37: note: declared here
  117 |     AX_DEPRECATED(2.8) virtual void initGLContextAttrs() {}
      |                                     ^~~~~~~~~~~~~~~~~~
In file included from /home/runner/work/Mobile-gatcha-/Mobile-gatcha-/axmol/core/platform/linux/Application-linux.h:30,
                 from /home/runner/work/Mobile-gatcha-/Mobile-gatcha-/axmol/core/axmol.h:220,
                 from /home/runner/work/Mobile-gatcha-/Mobile-gatcha-/axmol/core/cocos2d.h:36,
                 from /home/runner/work/Mobile-gatcha-/Mobile-gatcha-/axmol/extensions/fairygui/src/fairygui/utils/WeakPtr.h:4,
                 from /home/runner/work/Mobile-gatcha-/Mobile-gatcha-/axmol/extensions/fairygui/src/fairygui/utils/WeakPtr.cpp:1:
/home/runner/work/Mobile-gatcha-/Mobile-gatcha-/axmol/core/platform/ApplicationBase.h: In member function ‘virtual void ax::ApplicationBase::initGfxContextAttrs()’:
/home/runner/work/Mobile-gatcha-/Mobile-gatcha-/axmol/core/platform/ApplicationBase.h:122:27: warning: ‘virtual void ax::ApplicationBase::initGLContextAttrs()’ is deprecated [-Wdeprecated-declarations]
  122 |         initGLContextAttrs();
      |         ~~~~~~~~~~~~~~~~~~^~
/home/runner/work/Mobile-gatcha-/Mobile-gatcha-/axmol/core/platform/ApplicationBase.h:117:37: note: declared here
  117 |     AX_DEPRECATED(2.8) virtual void initGLContextAttrs() {}
      |                                     ^~~~~~~~~~~~~~~~~~
[ 96%] Building CXX object engine/extensions/fairygui/CMakeFiles/fairygui.dir/src/fairygui/utils/html/HtmlElement.cpp.o
[ 96%] Building CXX object engine/extensions/cocostudio/CMakeFiles/cocostudio.dir/src/cocostudio/WidgetReader/LoadingBarReader/LoadingBarReader.cpp.o
[ 96%] Building CXX object engine/extensions/fairygui/CMakeFiles/fairygui.dir/src/fairygui/utils/html/HtmlObject.cpp.o
[ 96%] Building CXX object engine/extensions/fairygui/CMakeFiles/fairygui.dir/src/fairygui/utils/html/HtmlParser.cpp.o
In file included from /home/runner/work/Mobile-gatcha-/Mobile-gatcha-/axmol/core/platform/linux/Application-linux.h:30,
                 from /home/runner/work/Mobile-gatcha-/Mobile-gatcha-/axmol/core/axmol.h:220,
                 from /home/runner/work/Mobile-gatcha-/Mobile-gatcha-/axmol/core/cocos2d.h:36,
                 from /home/runner/work/Mobile-gatcha-/Mobile-gatcha-/axmol/extensions/fairygui/src/fairygui/utils/html/HtmlElement.h:4,
                 from /home/runner/work/Mobile-gatcha-/Mobile-gatcha-/axmol/extensions/fairygui/src/fairygui/utils/html/HtmlElement.cpp:1:
/home/runner/work/Mobile-gatcha-/Mobile-gatcha-/axmol/core/platform/ApplicationBase.h: In member function ‘virtual void ax::ApplicationBase::initGfxContextAttrs()’:
/home/runner/work/Mobile-gatcha-/Mobile-gatcha-/axmol/core/platform/ApplicationBase.h:122:27: warning: ‘virtual void ax::ApplicationBase::initGLContextAttrs()’ is deprecated [-Wdeprecated-declarations]
  122 |         initGLContextAttrs();
      |         ~~~~~~~~~~~~~~~~~~^~
/home/runner/work/Mobile-gatcha-/Mobile-gatcha-/axmol/core/platform/ApplicationBase.h:117:37: note: declared here
  117 |     AX_DEPRECATED(2.8) virtual void initGLContextAttrs() {}
      |                                     ^~~~~~~~~~~~~~~~~~
In file included from /home/runner/work/Mobile-gatcha-/Mobile-gatcha-/axmol/core/platform/linux/Application-linux.h:30,
                 from /home/runner/work/Mobile-gatcha-/Mobile-gatcha-/axmol/core/axmol.h:220,
                 from /home/runner/work/Mobile-gatcha-/Mobile-gatcha-/axmol/core/cocos2d.h:36,
                 from /home/runner/work/Mobile-gatcha-/Mobile-gatcha-/axmol/extensions/fairygui/src/fairygui/utils/html/HtmlObject.h:4,
                 from /home/runner/work/Mobile-gatcha-/Mobile-gatcha-/axmol/extensions/fairygui/src/fairygui/utils/html/HtmlObject.cpp:26:
/home/runner/work/Mobile-gatcha-/Mobile-gatcha-/axmol/core/platform/ApplicationBase.h: In member function ‘virtual void ax::ApplicationBase::initGfxContextAttrs()’:
/home/runner/work/Mobile-gatcha-/Mobile-gatcha-/axmol/core/platform/ApplicationBase.h:122:27: warning: ‘virtual void ax::ApplicationBase::initGLContextAttrs()’ is deprecated [-Wdeprecated-declarations]
  122 |         initGLContextAttrs();
      |         ~~~~~~~~~~~~~~~~~~^~
/home/runner/work/Mobile-gatcha-/Mobile-gatcha-/axmol/core/platform/ApplicationBase.h:117:37: note: declared here
  117 |     AX_DEPRECATED(2.8) virtual void initGLContextAttrs() {}
      |                                     ^~~~~~~~~~~~~~~~~~
In file included from /home/runner/work/Mobile-gatcha-/Mobile-gatcha-/axmol/core/platform/linux/Application-linux.h:30,
                 from /home/runner/work/Mobile-gatcha-/Mobile-gatcha-/axmol/core/axmol.h:220,
                 from /home/runner/work/Mobile-gatcha-/Mobile-gatcha-/axmol/core/cocos2d.h:36,
                 from /home/runner/work/Mobile-gatcha-/Mobile-gatcha-/axmol/extensions/fairygui/src/fairygui/utils/html/HtmlParser.h:4,
                 from /home/runner/work/Mobile-gatcha-/Mobile-gatcha-/axmol/extensions/fairygui/src/fairygui/utils/html/HtmlParser.cpp:1:
/home/runner/work/Mobile-gatcha-/Mobile-gatcha-/axmol/core/platform/ApplicationBase.h: In member function ‘virtual void ax::ApplicationBase::initGfxContextAttrs()’:
/home/runner/work/Mobile-gatcha-/Mobile-gatcha-/axmol/core/platform/ApplicationBase.h:122:27: warning: ‘virtual void ax::ApplicationBase::initGLContextAttrs()’ is deprecated [-Wdeprecated-declarations]
  122 |         initGLContextAttrs();
      |         ~~~~~~~~~~~~~~~~~~^~
/home/runner/work/Mobile-gatcha-/Mobile-gatcha-/axmol/core/platform/ApplicationBase.h:117:37: note: declared here
  117 |     AX_DEPRECATED(2.8) virtual void initGLContextAttrs() {}
      |                                     ^~~~~~~~~~~~~~~~~~
[ 96%] Building CXX object engine/extensions/cocostudio/CMakeFiles/cocostudio.dir/src/cocostudio/WidgetReader/MeshReader/MeshReader.cpp.o
[ 96%] Building CXX object engine/extensions/cocostudio/CMakeFiles/cocostudio.dir/src/cocostudio/WidgetReader/Node3DReader/Node3DReader.cpp.o
[ 96%] Building CXX object engine/extensions/cocostudio/CMakeFiles/cocostudio.dir/src/cocostudio/WidgetReader/NodeReader/NodeReader.cpp.o
[ 96%] Linking CXX static library ../../../lib/libfairygui.a
[ 96%] Built target fairygui
[ 96%] Building CXX object engine/extensions/cocostudio/CMakeFiles/cocostudio.dir/src/cocostudio/WidgetReader/NodeReaderProtocol.cpp.o
[ 96%] Building CXX object engine/extensions/cocostudio/CMakeFiles/cocostudio.dir/src/cocostudio/WidgetReader/PageViewReader/PageViewReader.cpp.o
[ 96%] Building CXX object engine/extensions/cocostudio/CMakeFiles/cocostudio.dir/src/cocostudio/WidgetReader/Particle3DReader/Particle3DReader.cpp.o
[ 96%] Building CXX object engine/extensions/cocostudio/CMakeFiles/cocostudio.dir/src/cocostudio/WidgetReader/ParticleReader/ParticleReader.cpp.o
In file included from /home/runner/work/Mobile-gatcha-/Mobile-gatcha-/axmol/core/platform/linux/Application-linux.h:30,
                 from /home/runner/work/Mobile-gatcha-/Mobile-gatcha-/axmol/core/axmol.h:220,
                 from /home/runner/work/Mobile-gatcha-/Mobile-gatcha-/axmol/core/cocos2d.h:36,
                 from /home/runner/work/Mobile-gatcha-/Mobile-gatcha-/axmol/extensions/cocostudio/src/cocostudio/WidgetReader/NodeReaderProtocol.cpp:11:
/home/runner/work/Mobile-gatcha-/Mobile-gatcha-/axmol/core/platform/ApplicationBase.h: In member function ‘virtual void ax::ApplicationBase::initGfxContextAttrs()’:
/home/runner/work/Mobile-gatcha-/Mobile-gatcha-/axmol/core/platform/ApplicationBase.h:122:27: warning: ‘virtual void ax::ApplicationBase::initGLContextAttrs()’ is deprecated [-Wdeprecated-declarations]
  122 |         initGLContextAttrs();
      |         ~~~~~~~~~~~~~~~~~~^~
/home/runner/work/Mobile-gatcha-/Mobile-gatcha-/axmol/core/platform/ApplicationBase.h:117:37: note: declared here
  117 |     AX_DEPRECATED(2.8) virtual void initGLContextAttrs() {}
      |                                     ^~~~~~~~~~~~~~~~~~
[ 96%] Building CXX object engine/extensions/cocostudio/CMakeFiles/cocostudio.dir/src/cocostudio/WidgetReader/ProjectNodeReader/ProjectNodeReader.cpp.o
[ 96%] Building CXX object engine/extensions/cocostudio/CMakeFiles/cocostudio.dir/src/cocostudio/WidgetReader/RadioButtonReader/RadioButtonGroupReader.cpp.o
[ 96%] Building CXX object engine/extensions/cocostudio/CMakeFiles/cocostudio.dir/src/cocostudio/WidgetReader/RadioButtonReader/RadioButtonReader.cpp.o
[ 96%] Building CXX object engine/extensions/cocostudio/CMakeFiles/cocostudio.dir/src/cocostudio/WidgetReader/RichTextReader/RichTextReader.cpp.o
[ 96%] Building CXX object engine/extensions/cocostudio/CMakeFiles/cocostudio.dir/src/cocostudio/WidgetReader/ScrollViewReader/ScrollViewReader.cpp.o
[ 97%] Building CXX object engine/extensions/cocostudio/CMakeFiles/cocostudio.dir/src/cocostudio/WidgetReader/SingleNodeReader/SingleNodeReader.cpp.o
[ 97%] Building CXX object engine/extensions/cocostudio/CMakeFiles/cocostudio.dir/src/cocostudio/WidgetReader/SkeletonReader/BoneNodeReader.cpp.o
[ 97%] Building CXX object engine/extensions/cocostudio/CMakeFiles/cocostudio.dir/src/cocostudio/WidgetReader/SkeletonReader/SkeletonNodeReader.cpp.o
[ 97%] Building CXX object engine/extensions/cocostudio/CMakeFiles/cocostudio.dir/src/cocostudio/WidgetReader/SliderReader/SliderReader.cpp.o
[ 97%] Building CXX object engine/extensions/cocostudio/CMakeFiles/cocostudio.dir/src/cocostudio/WidgetReader/SpineSkeletonReader/SpineSkeletonReader.cpp.o
[ 97%] Building CXX object engine/extensions/cocostudio/CMakeFiles/cocostudio.dir/src/cocostudio/WidgetReader/SpriteReader/SpriteReader.cpp.o
[ 97%] Building CXX object engine/extensions/cocostudio/CMakeFiles/cocostudio.dir/src/cocostudio/WidgetReader/TabControlReader/TabControlReader.cpp.o
In file included from /home/runner/work/Mobile-gatcha-/Mobile-gatcha-/axmol/core/platform/linux/Application-linux.h:30,
                 from /home/runner/work/Mobile-gatcha-/Mobile-gatcha-/axmol/core/axmol.h:220,
                 from /home/runner/work/Mobile-gatcha-/Mobile-gatcha-/axmol/core/cocos2d.h:36,
                 from /home/runner/work/Mobile-gatcha-/Mobile-gatcha-/axmol/extensions/cocostudio/src/cocostudio/SpineSkeletonDataCache.h:4,
                 from /home/runner/work/Mobile-gatcha-/Mobile-gatcha-/axmol/extensions/cocostudio/src/cocostudio/WidgetReader/SpineSkeletonReader/SpineSkeletonReader.cpp:28:
/home/runner/work/Mobile-gatcha-/Mobile-gatcha-/axmol/core/platform/ApplicationBase.h: In member function ‘virtual void ax::ApplicationBase::initGfxContextAttrs()’:
/home/runner/work/Mobile-gatcha-/Mobile-gatcha-/axmol/core/platform/ApplicationBase.h:122:27: warning: ‘virtual void ax::ApplicationBase::initGLContextAttrs()’ is deprecated [-Wdeprecated-declarations]
  122 |         initGLContextAttrs();
      |         ~~~~~~~~~~~~~~~~~~^~
/home/runner/work/Mobile-gatcha-/Mobile-gatcha-/axmol/core/platform/ApplicationBase.h:117:37: note: declared here
  117 |     AX_DEPRECATED(2.8) virtual void initGLContextAttrs() {}
      |                                     ^~~~~~~~~~~~~~~~~~
[ 97%] Building CXX object engine/extensions/cocostudio/CMakeFiles/cocostudio.dir/src/cocostudio/WidgetReader/TextAtlasReader/TextAtlasReader.cpp.o
[ 97%] Building CXX object engine/extensions/cocostudio/CMakeFiles/cocostudio.dir/src/cocostudio/WidgetReader/TextBMFontReader/TextBMFontReader.cpp.o
[ 97%] Building CXX object engine/extensions/cocostudio/CMakeFiles/cocostudio.dir/src/cocostudio/WidgetReader/TextFieldReader/TextFieldExReader.cpp.o
[ 97%] Building CXX object engine/extensions/cocostudio/CMakeFiles/cocostudio.dir/src/cocostudio/WidgetReader/TextFieldReader/TextFieldReader.cpp.o
[ 97%] Building CXX object engine/extensions/cocostudio/CMakeFiles/cocostudio.dir/src/cocostudio/WidgetReader/TextReader/TextReader.cpp.o
[ 97%] Building CXX object engine/extensions/cocostudio/CMakeFiles/cocostudio.dir/src/cocostudio/WidgetReader/UserCameraReader/UserCameraReader.cpp.o
[ 97%] Building CXX object engine/extensions/cocostudio/CMakeFiles/cocostudio.dir/src/cocostudio/WidgetReader/WidgetReader.cpp.o
[ 97%] Building CXX object engine/extensions/cocostudio/CMakeFiles/cocostudio.dir/src/cocostudio/WidgetReader/WidgetReaderProtocol.cpp.o
[ 97%] Linking CXX static library ../../../lib/libcocostudio.a
[ 97%] Built target cocostudio
[ 97%] Building CXX object CMakeFiles/Cinderbound.dir/Source/AppDelegate.cpp.o
[ 97%] Building CXX object CMakeFiles/Cinderbound.dir/Source/app/App.cpp.o
[ 97%] Building CXX object CMakeFiles/Cinderbound.dir/Source/battle/BattleHud.cpp.o
[ 97%] Building CXX object CMakeFiles/Cinderbound.dir/Source/app/PlatformAx.cpp.o
In file included from /home/runner/work/Mobile-gatcha-/Mobile-gatcha-/axmol/core/platform/linux/Application-linux.h:30,
                 from /home/runner/work/Mobile-gatcha-/Mobile-gatcha-/axmol/core/axmol.h:220,
                 from /home/runner/work/Mobile-gatcha-/Mobile-gatcha-/Source/app/PlatformAx.cpp:3:
/home/runner/work/Mobile-gatcha-/Mobile-gatcha-/axmol/core/platform/ApplicationBase.h: In member function ‘virtual void ax::ApplicationBase::initGfxContextAttrs()’:
/home/runner/work/Mobile-gatcha-/Mobile-gatcha-/axmol/core/platform/ApplicationBase.h:122:27: warning: ‘virtual void ax::ApplicationBase::initGLContextAttrs()’ is deprecated [-Wdeprecated-declarations]
  122 |         initGLContextAttrs();
      |         ~~~~~~~~~~~~~~~~~~^~
/home/runner/work/Mobile-gatcha-/Mobile-gatcha-/axmol/core/platform/ApplicationBase.h:117:37: note: declared here
  117 |     AX_DEPRECATED(2.8) virtual void initGLContextAttrs() {}
      |                                     ^~~~~~~~~~~~~~~~~~
In file included from /home/runner/work/Mobile-gatcha-/Mobile-gatcha-/axmol/core/platform/linux/Application-linux.h:30,
                 from /home/runner/work/Mobile-gatcha-/Mobile-gatcha-/axmol/core/axmol.h:220,
                 from /home/runner/work/Mobile-gatcha-/Mobile-gatcha-/Source/ui/Gui.h:16,
                 from /home/runner/work/Mobile-gatcha-/Mobile-gatcha-/Source/app/App.h:4,
                 from /home/runner/work/Mobile-gatcha-/Mobile-gatcha-/Source/ui/UIKit.h:5,
                 from /home/runner/work/Mobile-gatcha-/Mobile-gatcha-/Source/screens/Screens.h:5,
                 from /home/runner/work/Mobile-gatcha-/Mobile-gatcha-/Source/battle/BattleScene.h:9,
                 from /home/runner/work/Mobile-gatcha-/Mobile-gatcha-/Source/battle/BattleHud.cpp:2:
/home/runner/work/Mobile-gatcha-/Mobile-gatcha-/axmol/core/platform/ApplicationBase.h: In member function ‘virtual void ax::ApplicationBase::initGfxContextAttrs()’:
/home/runner/work/Mobile-gatcha-/Mobile-gatcha-/axmol/core/platform/ApplicationBase.h:122:27: warning: ‘virtual void ax::ApplicationBase::initGLContextAttrs()’ is deprecated [-Wdeprecated-declarations]
  122 |         initGLContextAttrs();
      |         ~~~~~~~~~~~~~~~~~~^~
/home/runner/work/Mobile-gatcha-/Mobile-gatcha-/axmol/core/platform/ApplicationBase.h:117:37: note: declared here
  117 |     AX_DEPRECATED(2.8) virtual void initGLContextAttrs() {}
      |                                     ^~~~~~~~~~~~~~~~~~
In file included from /home/runner/work/Mobile-gatcha-/Mobile-gatcha-/axmol/core/platform/linux/Application-linux.h:30,
                 from /home/runner/work/Mobile-gatcha-/Mobile-gatcha-/axmol/core/axmol.h:220,
                 from /home/runner/work/Mobile-gatcha-/Mobile-gatcha-/Source/AppDelegate.h:28,
                 from /home/runner/work/Mobile-gatcha-/Mobile-gatcha-/Source/AppDelegate.cpp:26:
/home/runner/work/Mobile-gatcha-/Mobile-gatcha-/axmol/core/platform/ApplicationBase.h: In member function ‘virtual void ax::ApplicationBase::initGfxContextAttrs()’:
/home/runner/work/Mobile-gatcha-/Mobile-gatcha-/axmol/core/platform/ApplicationBase.h:122:27: warning: ‘virtual void ax::ApplicationBase::initGLContextAttrs()’ is deprecated [-Wdeprecated-declarations]
  122 |         initGLContextAttrs();
      |         ~~~~~~~~~~~~~~~~~~^~
/home/runner/work/Mobile-gatcha-/Mobile-gatcha-/axmol/core/platform/ApplicationBase.h:117:37: note: declared here
  117 |     AX_DEPRECATED(2.8) virtual void initGLContextAttrs() {}
      |                                     ^~~~~~~~~~~~~~~~~~
In file included from /home/runner/work/Mobile-gatcha-/Mobile-gatcha-/axmol/core/platform/linux/Application-linux.h:30,
                 from /home/runner/work/Mobile-gatcha-/Mobile-gatcha-/axmol/core/axmol.h:220,
                 from /home/runner/work/Mobile-gatcha-/Mobile-gatcha-/Source/ui/Gui.h:16,
                 from /home/runner/work/Mobile-gatcha-/Mobile-gatcha-/Source/app/App.h:4,
                 from /home/runner/work/Mobile-gatcha-/Mobile-gatcha-/Source/app/App.cpp:1:
/home/runner/work/Mobile-gatcha-/Mobile-gatcha-/axmol/core/platform/ApplicationBase.h: In member function ‘virtual void ax::ApplicationBase::initGfxContextAttrs()’:
/home/runner/work/Mobile-gatcha-/Mobile-gatcha-/axmol/core/platform/ApplicationBase.h:122:27: warning: ‘virtual void ax::ApplicationBase::initGLContextAttrs()’ is deprecated [-Wdeprecated-declarations]
  122 |         initGLContextAttrs();
      |         ~~~~~~~~~~~~~~~~~~^~
/home/runner/work/Mobile-gatcha-/Mobile-gatcha-/axmol/core/platform/ApplicationBase.h:117:37: note: declared here
  117 |     AX_DEPRECATED(2.8) virtual void initGLContextAttrs() {}
      |                                     ^~~~~~~~~~~~~~~~~~
[ 97%] Building CXX object CMakeFiles/Cinderbound.dir/Source/battle/BattleResult.cpp.o
[ 97%] Building CXX object CMakeFiles/Cinderbound.dir/Source/battle/BattleScene.cpp.o
In file included from /home/runner/work/Mobile-gatcha-/Mobile-gatcha-/axmol/core/platform/linux/Application-linux.h:30,
                 from /home/runner/work/Mobile-gatcha-/Mobile-gatcha-/axmol/core/axmol.h:220,
                 from /home/runner/work/Mobile-gatcha-/Mobile-gatcha-/Source/ui/Gui.h:16,
                 from /home/runner/work/Mobile-gatcha-/Mobile-gatcha-/Source/app/App.h:4,
                 from /home/runner/work/Mobile-gatcha-/Mobile-gatcha-/Source/ui/UIKit.h:5,
                 from /home/runner/work/Mobile-gatcha-/Mobile-gatcha-/Source/screens/Screens.h:5,
                 from /home/runner/work/Mobile-gatcha-/Mobile-gatcha-/Source/battle/BattleScene.h:9,
                 from /home/runner/work/Mobile-gatcha-/Mobile-gatcha-/Source/battle/BattleResult.cpp:5:
/home/runner/work/Mobile-gatcha-/Mobile-gatcha-/axmol/core/platform/ApplicationBase.h: In member function ‘virtual void ax::ApplicationBase::initGfxContextAttrs()’:
/home/runner/work/Mobile-gatcha-/Mobile-gatcha-/axmol/core/platform/ApplicationBase.h:122:27: warning: ‘virtual void ax::ApplicationBase::initGLContextAttrs()’ is deprecated [-Wdeprecated-declarations]
  122 |         initGLContextAttrs();
      |         ~~~~~~~~~~~~~~~~~~^~
/home/runner/work/Mobile-gatcha-/Mobile-gatcha-/axmol/core/platform/ApplicationBase.h:117:37: note: declared here
  117 |     AX_DEPRECATED(2.8) virtual void initGLContextAttrs() {}
      |                                     ^~~~~~~~~~~~~~~~~~
In file included from /home/runner/work/Mobile-gatcha-/Mobile-gatcha-/axmol/core/platform/linux/Application-linux.h:30,
                 from /home/runner/work/Mobile-gatcha-/Mobile-gatcha-/axmol/core/axmol.h:220,
                 from /home/runner/work/Mobile-gatcha-/Mobile-gatcha-/Source/ui/Gui.h:16,
                 from /home/runner/work/Mobile-gatcha-/Mobile-gatcha-/Source/app/App.h:4,
                 from /home/runner/work/Mobile-gatcha-/Mobile-gatcha-/Source/ui/UIKit.h:5,
                 from /home/runner/work/Mobile-gatcha-/Mobile-gatcha-/Source/screens/Screens.h:5,
                 from /home/runner/work/Mobile-gatcha-/Mobile-gatcha-/Source/battle/BattleScene.h:9,
                 from /home/runner/work/Mobile-gatcha-/Mobile-gatcha-/Source/battle/BattleScene.cpp:4:
/home/runner/work/Mobile-gatcha-/Mobile-gatcha-/axmol/core/platform/ApplicationBase.h: In member function ‘virtual void ax::ApplicationBase::initGfxContextAttrs()’:
/home/runner/work/Mobile-gatcha-/Mobile-gatcha-/axmol/core/platform/ApplicationBase.h:122:27: warning: ‘virtual void ax::ApplicationBase::initGLContextAttrs()’ is deprecated [-Wdeprecated-declarations]
  122 |         initGLContextAttrs();
      |         ~~~~~~~~~~~~~~~~~~^~
/home/runner/work/Mobile-gatcha-/Mobile-gatcha-/axmol/core/platform/ApplicationBase.h:117:37: note: declared here
  117 |     AX_DEPRECATED(2.8) virtual void initGLContextAttrs() {}
      |                                     ^~~~~~~~~~~~~~~~~~
[ 97%] Building CXX object CMakeFiles/Cinderbound.dir/Source/battle/BattleViews.cpp.o
[ 97%] Building CXX object CMakeFiles/Cinderbound.dir/Source/logic/Battle.cpp.o
In file included from /home/runner/work/Mobile-gatcha-/Mobile-gatcha-/axmol/core/platform/linux/Application-linux.h:30,
                 from /home/runner/work/Mobile-gatcha-/Mobile-gatcha-/axmol/core/axmol.h:220,
                 from /home/runner/work/Mobile-gatcha-/Mobile-gatcha-/Source/ui/Gui.h:16,
                 from /home/runner/work/Mobile-gatcha-/Mobile-gatcha-/Source/app/App.h:4,
                 from /home/runner/work/Mobile-gatcha-/Mobile-gatcha-/Source/ui/UIKit.h:5,
                 from /home/runner/work/Mobile-gatcha-/Mobile-gatcha-/Source/screens/Screens.h:5,
                 from /home/runner/work/Mobile-gatcha-/Mobile-gatcha-/Source/battle/BattleScene.h:9,
                 from /home/runner/work/Mobile-gatcha-/Mobile-gatcha-/Source/battle/BattleViews.cpp:2:
/home/runner/work/Mobile-gatcha-/Mobile-gatcha-/axmol/core/platform/ApplicationBase.h: In member function ‘virtual void ax::ApplicationBase::initGfxContextAttrs()’:
/home/runner/work/Mobile-gatcha-/Mobile-gatcha-/axmol/core/platform/ApplicationBase.h:122:27: warning: ‘virtual void ax::ApplicationBase::initGLContextAttrs()’ is deprecated [-Wdeprecated-declarations]
  122 |         initGLContextAttrs();
      |         ~~~~~~~~~~~~~~~~~~^~
/home/runner/work/Mobile-gatcha-/Mobile-gatcha-/axmol/core/platform/ApplicationBase.h:117:37: note: declared here
  117 |     AX_DEPRECATED(2.8) virtual void initGLContextAttrs() {}
      |                                     ^~~~~~~~~~~~~~~~~~
[ 97%] Building CXX object CMakeFiles/Cinderbound.dir/Source/logic/Database.cpp.o
[ 97%] Building CXX object CMakeFiles/Cinderbound.dir/Source/logic/GameManager.cpp.o
[ 97%] Building CXX object CMakeFiles/Cinderbound.dir/Source/logic/Progression.cpp.o
[ 97%] Building CXX object CMakeFiles/Cinderbound.dir/Source/logic/SaveManager.cpp.o
[ 97%] Building CXX object CMakeFiles/Cinderbound.dir/Source/screens/Codex.cpp.o
In file included from /home/runner/work/Mobile-gatcha-/Mobile-gatcha-/axmol/core/platform/linux/Application-linux.h:30,
                 from /home/runner/work/Mobile-gatcha-/Mobile-gatcha-/axmol/core/axmol.h:220,
                 from /home/runner/work/Mobile-gatcha-/Mobile-gatcha-/Source/ui/Gui.h:16,
                 from /home/runner/work/Mobile-gatcha-/Mobile-gatcha-/Source/app/App.h:4,
                 from /home/runner/work/Mobile-gatcha-/Mobile-gatcha-/Source/ui/UIKit.h:5,
                 from /home/runner/work/Mobile-gatcha-/Mobile-gatcha-/Source/screens/Screens.h:5,
                 from /home/runner/work/Mobile-gatcha-/Mobile-gatcha-/Source/screens/Codex.cpp:3:
/home/runner/work/Mobile-gatcha-/Mobile-gatcha-/axmol/core/platform/ApplicationBase.h: In member function ‘virtual void ax::ApplicationBase::initGfxContextAttrs()’:
/home/runner/work/Mobile-gatcha-/Mobile-gatcha-/axmol/core/platform/ApplicationBase.h:122:27: warning: ‘virtual void ax::ApplicationBase::initGLContextAttrs()’ is deprecated [-Wdeprecated-declarations]
  122 |         initGLContextAttrs();
      |         ~~~~~~~~~~~~~~~~~~^~
/home/runner/work/Mobile-gatcha-/Mobile-gatcha-/axmol/core/platform/ApplicationBase.h:117:37: note: declared here
  117 |     AX_DEPRECATED(2.8) virtual void initGLContextAttrs() {}
      |                                     ^~~~~~~~~~~~~~~~~~
[ 97%] Building CXX object CMakeFiles/Cinderbound.dir/Source/screens/Evolve.cpp.o
In file included from /home/runner/work/Mobile-gatcha-/Mobile-gatcha-/axmol/core/platform/linux/Application-linux.h:30,
                 from /home/runner/work/Mobile-gatcha-/Mobile-gatcha-/axmol/core/axmol.h:220,
                 from /home/runner/work/Mobile-gatcha-/Mobile-gatcha-/Source/ui/Gui.h:16,
                 from /home/runner/work/Mobile-gatcha-/Mobile-gatcha-/Source/app/App.h:4,
                 from /home/runner/work/Mobile-gatcha-/Mobile-gatcha-/Source/ui/UIKit.h:5,
                 from /home/runner/work/Mobile-gatcha-/Mobile-gatcha-/Source/screens/Screens.h:5,
                 from /home/runner/work/Mobile-gatcha-/Mobile-gatcha-/Source/screens/Evolve.cpp:4:
/home/runner/work/Mobile-gatcha-/Mobile-gatcha-/axmol/core/platform/ApplicationBase.h: In member function ‘virtual void ax::ApplicationBase::initGfxContextAttrs()’:
/home/runner/work/Mobile-gatcha-/Mobile-gatcha-/axmol/core/platform/ApplicationBase.h:122:27: warning: ‘virtual void ax::ApplicationBase::initGLContextAttrs()’ is deprecated [-Wdeprecated-declarations]
  122 |         initGLContextAttrs();
      |         ~~~~~~~~~~~~~~~~~~^~
/home/runner/work/Mobile-gatcha-/Mobile-gatcha-/axmol/core/platform/ApplicationBase.h:117:37: note: declared here
  117 |     AX_DEPRECATED(2.8) virtual void initGLContextAttrs() {}
      |                                     ^~~~~~~~~~~~~~~~~~
[ 97%] Building CXX object CMakeFiles/Cinderbound.dir/Source/screens/Help.cpp.o
[ 97%] Building CXX object CMakeFiles/Cinderbound.dir/Source/screens/Home.cpp.o
In file included from /home/runner/work/Mobile-gatcha-/Mobile-gatcha-/axmol/core/platform/linux/Application-linux.h:30,
                 from /home/runner/work/Mobile-gatcha-/Mobile-gatcha-/axmol/core/axmol.h:220,
                 from /home/runner/work/Mobile-gatcha-/Mobile-gatcha-/Source/ui/Gui.h:16,
                 from /home/runner/work/Mobile-gatcha-/Mobile-gatcha-/Source/app/App.h:4,
                 from /home/runner/work/Mobile-gatcha-/Mobile-gatcha-/Source/ui/UIKit.h:5,
                 from /home/runner/work/Mobile-gatcha-/Mobile-gatcha-/Source/screens/Screens.h:5,
                 from /home/runner/work/Mobile-gatcha-/Mobile-gatcha-/Source/screens/Help.cpp:3:
/home/runner/work/Mobile-gatcha-/Mobile-gatcha-/axmol/core/platform/ApplicationBase.h: In member function ‘virtual void ax::ApplicationBase::initGfxContextAttrs()’:
/home/runner/work/Mobile-gatcha-/Mobile-gatcha-/axmol/core/platform/ApplicationBase.h:122:27: warning: ‘virtual void ax::ApplicationBase::initGLContextAttrs()’ is deprecated [-Wdeprecated-declarations]
  122 |         initGLContextAttrs();
      |         ~~~~~~~~~~~~~~~~~~^~
/home/runner/work/Mobile-gatcha-/Mobile-gatcha-/axmol/core/platform/ApplicationBase.h:117:37: note: declared here
  117 |     AX_DEPRECATED(2.8) virtual void initGLContextAttrs() {}
      |                                     ^~~~~~~~~~~~~~~~~~
In file included from /home/runner/work/Mobile-gatcha-/Mobile-gatcha-/axmol/core/platform/linux/Application-linux.h:30,
                 from /home/runner/work/Mobile-gatcha-/Mobile-gatcha-/axmol/core/axmol.h:220,
                 from /home/runner/work/Mobile-gatcha-/Mobile-gatcha-/Source/ui/Gui.h:16,
                 from /home/runner/work/Mobile-gatcha-/Mobile-gatcha-/Source/app/App.h:4,
                 from /home/runner/work/Mobile-gatcha-/Mobile-gatcha-/Source/ui/UIKit.h:5,
                 from /home/runner/work/Mobile-gatcha-/Mobile-gatcha-/Source/screens/Screens.h:5,
                 from /home/runner/work/Mobile-gatcha-/Mobile-gatcha-/Source/screens/Home.cpp:4:
/home/runner/work/Mobile-gatcha-/Mobile-gatcha-/axmol/core/platform/ApplicationBase.h: In member function ‘virtual void ax::ApplicationBase::initGfxContextAttrs()’:
/home/runner/work/Mobile-gatcha-/Mobile-gatcha-/axmol/core/platform/ApplicationBase.h:122:27: warning: ‘virtual void ax::ApplicationBase::initGLContextAttrs()’ is deprecated [-Wdeprecated-declarations]
  122 |         initGLContextAttrs();
      |         ~~~~~~~~~~~~~~~~~~^~
/home/runner/work/Mobile-gatcha-/Mobile-gatcha-/axmol/core/platform/ApplicationBase.h:117:37: note: declared here
  117 |     AX_DEPRECATED(2.8) virtual void initGLContextAttrs() {}
      |                                     ^~~~~~~~~~~~~~~~~~
[ 98%] Building CXX object CMakeFiles/Cinderbound.dir/Source/screens/Intro.cpp.o
[ 98%] Building CXX object CMakeFiles/Cinderbound.dir/Source/screens/Inventory.cpp.o
[ 98%] Building CXX object CMakeFiles/Cinderbound.dir/Source/screens/MainMenu.cpp.o
In file included from /home/runner/work/Mobile-gatcha-/Mobile-gatcha-/axmol/core/platform/linux/Application-linux.h:30,
                 from /home/runner/work/Mobile-gatcha-/Mobile-gatcha-/axmol/core/axmol.h:220,
                 from /home/runner/work/Mobile-gatcha-/Mobile-gatcha-/Source/ui/Gui.h:16,
                 from /home/runner/work/Mobile-gatcha-/Mobile-gatcha-/Source/app/App.h:4,
                 from /home/runner/work/Mobile-gatcha-/Mobile-gatcha-/Source/ui/UIKit.h:5,
                 from /home/runner/work/Mobile-gatcha-/Mobile-gatcha-/Source/screens/Screens.h:5,
                 from /home/runner/work/Mobile-gatcha-/Mobile-gatcha-/Source/screens/Intro.cpp:2:
/home/runner/work/Mobile-gatcha-/Mobile-gatcha-/axmol/core/platform/ApplicationBase.h: In member function ‘virtual void ax::ApplicationBase::initGfxContextAttrs()’:
/home/runner/work/Mobile-gatcha-/Mobile-gatcha-/axmol/core/platform/ApplicationBase.h:122:27: warning: ‘virtual void ax::ApplicationBase::initGLContextAttrs()’ is deprecated [-Wdeprecated-declarations]
  122 |         initGLContextAttrs();
      |         ~~~~~~~~~~~~~~~~~~^~
/home/runner/work/Mobile-gatcha-/Mobile-gatcha-/axmol/core/platform/ApplicationBase.h:117:37: note: declared here
  117 |     AX_DEPRECATED(2.8) virtual void initGLContextAttrs() {}
      |                                     ^~~~~~~~~~~~~~~~~~
In file included from /home/runner/work/Mobile-gatcha-/Mobile-gatcha-/axmol/core/platform/linux/Application-linux.h:30,
                 from /home/runner/work/Mobile-gatcha-/Mobile-gatcha-/axmol/core/axmol.h:220,
                 from /home/runner/work/Mobile-gatcha-/Mobile-gatcha-/Source/ui/Gui.h:16,
                 from /home/runner/work/Mobile-gatcha-/Mobile-gatcha-/Source/app/App.h:4,
                 from /home/runner/work/Mobile-gatcha-/Mobile-gatcha-/Source/ui/UIKit.h:5,
                 from /home/runner/work/Mobile-gatcha-/Mobile-gatcha-/Source/screens/Screens.h:5,
                 from /home/runner/work/Mobile-gatcha-/Mobile-gatcha-/Source/screens/Inventory.cpp:4:
/home/runner/work/Mobile-gatcha-/Mobile-gatcha-/axmol/core/platform/ApplicationBase.h: In member function ‘virtual void ax::ApplicationBase::initGfxContextAttrs()’:
/home/runner/work/Mobile-gatcha-/Mobile-gatcha-/axmol/core/platform/ApplicationBase.h:122:27: warning: ‘virtual void ax::ApplicationBase::initGLContextAttrs()’ is deprecated [-Wdeprecated-declarations]
  122 |         initGLContextAttrs();
      |         ~~~~~~~~~~~~~~~~~~^~
/home/runner/work/Mobile-gatcha-/Mobile-gatcha-/axmol/core/platform/ApplicationBase.h:117:37: note: declared here
  117 |     AX_DEPRECATED(2.8) virtual void initGLContextAttrs() {}
      |                                     ^~~~~~~~~~~~~~~~~~
[ 98%] Building CXX object CMakeFiles/Cinderbound.dir/Source/screens/Menu.cpp.o
In file included from /home/runner/work/Mobile-gatcha-/Mobile-gatcha-/axmol/core/platform/linux/Application-linux.h:30,
                 from /home/runner/work/Mobile-gatcha-/Mobile-gatcha-/axmol/core/axmol.h:220,
                 from /home/runner/work/Mobile-gatcha-/Mobile-gatcha-/Source/ui/Gui.h:16,
                 from /home/runner/work/Mobile-gatcha-/Mobile-gatcha-/Source/app/App.h:4,
                 from /home/runner/work/Mobile-gatcha-/Mobile-gatcha-/Source/ui/UIKit.h:5,
                 from /home/runner/work/Mobile-gatcha-/Mobile-gatcha-/Source/screens/Screens.h:5,
                 from /home/runner/work/Mobile-gatcha-/Mobile-gatcha-/Source/screens/MainMenu.cpp:2:
/home/runner/work/Mobile-gatcha-/Mobile-gatcha-/axmol/core/platform/ApplicationBase.h: In member function ‘virtual void ax::ApplicationBase::initGfxContextAttrs()’:
/home/runner/work/Mobile-gatcha-/Mobile-gatcha-/axmol/core/platform/ApplicationBase.h:122:27: warning: ‘virtual void ax::ApplicationBase::initGLContextAttrs()’ is deprecated [-Wdeprecated-declarations]
  122 |         initGLContextAttrs();
      |         ~~~~~~~~~~~~~~~~~~^~
/home/runner/work/Mobile-gatcha-/Mobile-gatcha-/axmol/core/platform/ApplicationBase.h:117:37: note: declared here
  117 |     AX_DEPRECATED(2.8) virtual void initGLContextAttrs() {}
      |                                     ^~~~~~~~~~~~~~~~~~
[ 98%] Building CXX object CMakeFiles/Cinderbound.dir/Source/screens/Missions.cpp.o
In file included from /home/runner/work/Mobile-gatcha-/Mobile-gatcha-/axmol/core/platform/linux/Application-linux.h:30,
                 from /home/runner/work/Mobile-gatcha-/Mobile-gatcha-/axmol/core/axmol.h:220,
                 from /home/runner/work/Mobile-gatcha-/Mobile-gatcha-/Source/ui/Gui.h:16,
                 from /home/runner/work/Mobile-gatcha-/Mobile-gatcha-/Source/app/App.h:4,
                 from /home/runner/work/Mobile-gatcha-/Mobile-gatcha-/Source/ui/UIKit.h:5,
                 from /home/runner/work/Mobile-gatcha-/Mobile-gatcha-/Source/screens/Screens.h:5,
                 from /home/runner/work/Mobile-gatcha-/Mobile-gatcha-/Source/screens/Menu.cpp:3:
/home/runner/work/Mobile-gatcha-/Mobile-gatcha-/axmol/core/platform/ApplicationBase.h: In member function ‘virtual void ax::ApplicationBase::initGfxContextAttrs()’:
/home/runner/work/Mobile-gatcha-/Mobile-gatcha-/axmol/core/platform/ApplicationBase.h:122:27: warning: ‘virtual void ax::ApplicationBase::initGLContextAttrs()’ is deprecated [-Wdeprecated-declarations]
  122 |         initGLContextAttrs();
      |         ~~~~~~~~~~~~~~~~~~^~
/home/runner/work/Mobile-gatcha-/Mobile-gatcha-/axmol/core/platform/ApplicationBase.h:117:37: note: declared here
  117 |     AX_DEPRECATED(2.8) virtual void initGLContextAttrs() {}
      |                                     ^~~~~~~~~~~~~~~~~~
[ 98%] Building CXX object CMakeFiles/Cinderbound.dir/Source/screens/Profile.cpp.o
[ 98%] Building CXX object CMakeFiles/Cinderbound.dir/Source/screens/Settings.cpp.o
In file included from /home/runner/work/Mobile-gatcha-/Mobile-gatcha-/axmol/core/platform/linux/Application-linux.h:30,
                 from /home/runner/work/Mobile-gatcha-/Mobile-gatcha-/axmol/core/axmol.h:220,
                 from /home/runner/work/Mobile-gatcha-/Mobile-gatcha-/Source/ui/Gui.h:16,
                 from /home/runner/work/Mobile-gatcha-/Mobile-gatcha-/Source/app/App.h:4,
                 from /home/runner/work/Mobile-gatcha-/Mobile-gatcha-/Source/ui/UIKit.h:5,
                 from /home/runner/work/Mobile-gatcha-/Mobile-gatcha-/Source/screens/Screens.h:5,
                 from /home/runner/work/Mobile-gatcha-/Mobile-gatcha-/Source/screens/Missions.cpp:3:
/home/runner/work/Mobile-gatcha-/Mobile-gatcha-/axmol/core/platform/ApplicationBase.h: In member function ‘virtual void ax::ApplicationBase::initGfxContextAttrs()’:
/home/runner/work/Mobile-gatcha-/Mobile-gatcha-/axmol/core/platform/ApplicationBase.h:122:27: warning: ‘virtual void ax::ApplicationBase::initGLContextAttrs()’ is deprecated [-Wdeprecated-declarations]
  122 |         initGLContextAttrs();
      |         ~~~~~~~~~~~~~~~~~~^~
/home/runner/work/Mobile-gatcha-/Mobile-gatcha-/axmol/core/platform/ApplicationBase.h:117:37: note: declared here
  117 |     AX_DEPRECATED(2.8) virtual void initGLContextAttrs() {}
      |                                     ^~~~~~~~~~~~~~~~~~
In file included from /home/runner/work/Mobile-gatcha-/Mobile-gatcha-/axmol/core/platform/linux/Application-linux.h:30,
                 from /home/runner/work/Mobile-gatcha-/Mobile-gatcha-/axmol/core/axmol.h:220,
                 from /home/runner/work/Mobile-gatcha-/Mobile-gatcha-/Source/ui/Gui.h:16,
                 from /home/runner/work/Mobile-gatcha-/Mobile-gatcha-/Source/app/App.h:4,
                 from /home/runner/work/Mobile-gatcha-/Mobile-gatcha-/Source/ui/UIKit.h:5,
                 from /home/runner/work/Mobile-gatcha-/Mobile-gatcha-/Source/screens/Screens.h:5,
                 from /home/runner/work/Mobile-gatcha-/Mobile-gatcha-/Source/screens/Profile.cpp:3:
/home/runner/work/Mobile-gatcha-/Mobile-gatcha-/axmol/core/platform/ApplicationBase.h: In member function ‘virtual void ax::ApplicationBase::initGfxContextAttrs()’:
/home/runner/work/Mobile-gatcha-/Mobile-gatcha-/axmol/core/platform/ApplicationBase.h:122:27: warning: ‘virtual void ax::ApplicationBase::initGLContextAttrs()’ is deprecated [-Wdeprecated-declarations]
  122 |         initGLContextAttrs();
      |         ~~~~~~~~~~~~~~~~~~^~
/home/runner/work/Mobile-gatcha-/Mobile-gatcha-/axmol/core/platform/ApplicationBase.h:117:37: note: declared here
  117 |     AX_DEPRECATED(2.8) virtual void initGLContextAttrs() {}
      |                                     ^~~~~~~~~~~~~~~~~~
[ 98%] Building CXX object CMakeFiles/Cinderbound.dir/Source/screens/Squad.cpp.o
In file included from /home/runner/work/Mobile-gatcha-/Mobile-gatcha-/axmol/core/platform/linux/Application-linux.h:30,
                 from /home/runner/work/Mobile-gatcha-/Mobile-gatcha-/axmol/core/axmol.h:220,
                 from /home/runner/work/Mobile-gatcha-/Mobile-gatcha-/Source/ui/Gui.h:16,
                 from /home/runner/work/Mobile-gatcha-/Mobile-gatcha-/Source/app/App.h:4,
                 from /home/runner/work/Mobile-gatcha-/Mobile-gatcha-/Source/ui/UIKit.h:5,
                 from /home/runner/work/Mobile-gatcha-/Mobile-gatcha-/Source/screens/Screens.h:5,
                 from /home/runner/work/Mobile-gatcha-/Mobile-gatcha-/Source/screens/Settings.cpp:3:
/home/runner/work/Mobile-gatcha-/Mobile-gatcha-/axmol/core/platform/ApplicationBase.h: In member function ‘virtual void ax::ApplicationBase::initGfxContextAttrs()’:
/home/runner/work/Mobile-gatcha-/Mobile-gatcha-/axmol/core/platform/ApplicationBase.h:122:27: warning: ‘virtual void ax::ApplicationBase::initGLContextAttrs()’ is deprecated [-Wdeprecated-declarations]
  122 |         initGLContextAttrs();
      |         ~~~~~~~~~~~~~~~~~~^~
/home/runner/work/Mobile-gatcha-/Mobile-gatcha-/axmol/core/platform/ApplicationBase.h:117:37: note: declared here
  117 |     AX_DEPRECATED(2.8) virtual void initGLContextAttrs() {}
      |                                     ^~~~~~~~~~~~~~~~~~
In file included from /home/runner/work/Mobile-gatcha-/Mobile-gatcha-/axmol/core/platform/linux/Application-linux.h:30,
                 from /home/runner/work/Mobile-gatcha-/Mobile-gatcha-/axmol/core/axmol.h:220,
                 from /home/runner/work/Mobile-gatcha-/Mobile-gatcha-/Source/ui/Gui.h:16,
                 from /home/runner/work/Mobile-gatcha-/Mobile-gatcha-/Source/app/App.h:4,
                 from /home/runner/work/Mobile-gatcha-/Mobile-gatcha-/Source/ui/UIKit.h:5,
                 from /home/runner/work/Mobile-gatcha-/Mobile-gatcha-/Source/screens/Screens.h:5,
                 from /home/runner/work/Mobile-gatcha-/Mobile-gatcha-/Source/screens/Squad.cpp:3:
/home/runner/work/Mobile-gatcha-/Mobile-gatcha-/axmol/core/platform/ApplicationBase.h: In member function ‘virtual void ax::ApplicationBase::initGfxContextAttrs()’:
/home/runner/work/Mobile-gatcha-/Mobile-gatcha-/axmol/core/platform/ApplicationBase.h:122:27: warning: ‘virtual void ax::ApplicationBase::initGLContextAttrs()’ is deprecated [-Wdeprecated-declarations]
  122 |         initGLContextAttrs();
      |         ~~~~~~~~~~~~~~~~~~^~
/home/runner/work/Mobile-gatcha-/Mobile-gatcha-/axmol/core/platform/ApplicationBase.h:117:37: note: declared here
  117 |     AX_DEPRECATED(2.8) virtual void initGLContextAttrs() {}
      |                                     ^~~~~~~~~~~~~~~~~~
[ 98%] Building CXX object CMakeFiles/Cinderbound.dir/Source/screens/StageSelect.cpp.o
[ 98%] Building CXX object CMakeFiles/Cinderbound.dir/Source/screens/StarterSelect.cpp.o
[ 98%] Building CXX object CMakeFiles/Cinderbound.dir/Source/screens/Summon.cpp.o
In file included from /home/runner/work/Mobile-gatcha-/Mobile-gatcha-/axmol/core/platform/linux/Application-linux.h:30,
                 from /home/runner/work/Mobile-gatcha-/Mobile-gatcha-/axmol/core/axmol.h:220,
                 from /home/runner/work/Mobile-gatcha-/Mobile-gatcha-/Source/ui/Gui.h:16,
                 from /home/runner/work/Mobile-gatcha-/Mobile-gatcha-/Source/app/App.h:4,
                 from /home/runner/work/Mobile-gatcha-/Mobile-gatcha-/Source/ui/UIKit.h:5,
                 from /home/runner/work/Mobile-gatcha-/Mobile-gatcha-/Source/screens/Screens.h:5,
                 from /home/runner/work/Mobile-gatcha-/Mobile-gatcha-/Source/screens/StageSelect.cpp:4:
/home/runner/work/Mobile-gatcha-/Mobile-gatcha-/axmol/core/platform/ApplicationBase.h: In member function ‘virtual void ax::ApplicationBase::initGfxContextAttrs()’:
/home/runner/work/Mobile-gatcha-/Mobile-gatcha-/axmol/core/platform/ApplicationBase.h:122:27: warning: ‘virtual void ax::ApplicationBase::initGLContextAttrs()’ is deprecated [-Wdeprecated-declarations]
  122 |         initGLContextAttrs();
      |         ~~~~~~~~~~~~~~~~~~^~
/home/runner/work/Mobile-gatcha-/Mobile-gatcha-/axmol/core/platform/ApplicationBase.h:117:37: note: declared here
  117 |     AX_DEPRECATED(2.8) virtual void initGLContextAttrs() {}
      |                                     ^~~~~~~~~~~~~~~~~~
In file included from /home/runner/work/Mobile-gatcha-/Mobile-gatcha-/axmol/core/platform/linux/Application-linux.h:30,
                 from /home/runner/work/Mobile-gatcha-/Mobile-gatcha-/axmol/core/axmol.h:220,
                 from /home/runner/work/Mobile-gatcha-/Mobile-gatcha-/Source/ui/Gui.h:16,
                 from /home/runner/work/Mobile-gatcha-/Mobile-gatcha-/Source/app/App.h:4,
                 from /home/runner/work/Mobile-gatcha-/Mobile-gatcha-/Source/ui/UIKit.h:5,
                 from /home/runner/work/Mobile-gatcha-/Mobile-gatcha-/Source/screens/Screens.h:5,
                 from /home/runner/work/Mobile-gatcha-/Mobile-gatcha-/Source/screens/StarterSelect.cpp:2:
/home/runner/work/Mobile-gatcha-/Mobile-gatcha-/axmol/core/platform/ApplicationBase.h: In member function ‘virtual void ax::ApplicationBase::initGfxContextAttrs()’:
/home/runner/work/Mobile-gatcha-/Mobile-gatcha-/axmol/core/platform/ApplicationBase.h:122:27: warning: ‘virtual void ax::ApplicationBase::initGLContextAttrs()’ is deprecated [-Wdeprecated-declarations]
  122 |         initGLContextAttrs();
      |         ~~~~~~~~~~~~~~~~~~^~
/home/runner/work/Mobile-gatcha-/Mobile-gatcha-/axmol/core/platform/ApplicationBase.h:117:37: note: declared here
  117 |     AX_DEPRECATED(2.8) virtual void initGLContextAttrs() {}
      |                                     ^~~~~~~~~~~~~~~~~~
In file included from /home/runner/work/Mobile-gatcha-/Mobile-gatcha-/axmol/core/platform/linux/Application-linux.h:30,
                 from /home/runner/work/Mobile-gatcha-/Mobile-gatcha-/axmol/core/axmol.h:220,
                 from /home/runner/work/Mobile-gatcha-/Mobile-gatcha-/Source/ui/Gui.h:16,
                 from /home/runner/work/Mobile-gatcha-/Mobile-gatcha-/Source/app/App.h:4,
                 from /home/runner/work/Mobile-gatcha-/Mobile-gatcha-/Source/ui/UIKit.h:5,
                 from /home/runner/work/Mobile-gatcha-/Mobile-gatcha-/Source/screens/Screens.h:5,
                 from /home/runner/work/Mobile-gatcha-/Mobile-gatcha-/Source/screens/Summon.cpp:2:
/home/runner/work/Mobile-gatcha-/Mobile-gatcha-/axmol/core/platform/ApplicationBase.h: In member function ‘virtual void ax::ApplicationBase::initGfxContextAttrs()’:
/home/runner/work/Mobile-gatcha-/Mobile-gatcha-/axmol/core/platform/ApplicationBase.h:122:27: warning: ‘virtual void ax::ApplicationBase::initGLContextAttrs()’ is deprecated [-Wdeprecated-declarations]
  122 |         initGLContextAttrs();
      |         ~~~~~~~~~~~~~~~~~~^~
/home/runner/work/Mobile-gatcha-/Mobile-gatcha-/axmol/core/platform/ApplicationBase.h:117:37: note: declared here
  117 |     AX_DEPRECATED(2.8) virtual void initGLContextAttrs() {}
      |                                     ^~~~~~~~~~~~~~~~~~
[ 98%] Building CXX object CMakeFiles/Cinderbound.dir/Source/screens/Tower.cpp.o
In file included from /home/runner/work/Mobile-gatcha-/Mobile-gatcha-/axmol/core/platform/linux/Application-linux.h:30,
                 from /home/runner/work/Mobile-gatcha-/Mobile-gatcha-/axmol/core/axmol.h:220,
                 from /home/runner/work/Mobile-gatcha-/Mobile-gatcha-/Source/ui/Gui.h:16,
                 from /home/runner/work/Mobile-gatcha-/Mobile-gatcha-/Source/app/App.h:4,
                 from /home/runner/work/Mobile-gatcha-/Mobile-gatcha-/Source/ui/UIKit.h:5,
                 from /home/runner/work/Mobile-gatcha-/Mobile-gatcha-/Source/screens/Screens.h:5,
                 from /home/runner/work/Mobile-gatcha-/Mobile-gatcha-/Source/screens/Tower.cpp:3:
/home/runner/work/Mobile-gatcha-/Mobile-gatcha-/axmol/core/platform/ApplicationBase.h: In member function ‘virtual void ax::ApplicationBase::initGfxContextAttrs()’:
/home/runner/work/Mobile-gatcha-/Mobile-gatcha-/axmol/core/platform/ApplicationBase.h:122:27: warning: ‘virtual void ax::ApplicationBase::initGLContextAttrs()’ is deprecated [-Wdeprecated-declarations]
  122 |         initGLContextAttrs();
      |         ~~~~~~~~~~~~~~~~~~^~
/home/runner/work/Mobile-gatcha-/Mobile-gatcha-/axmol/core/platform/ApplicationBase.h:117:37: note: declared here
  117 |     AX_DEPRECATED(2.8) virtual void initGLContextAttrs() {}
      |                                     ^~~~~~~~~~~~~~~~~~
[ 98%] Building CXX object CMakeFiles/Cinderbound.dir/Source/screens/Train.cpp.o
[ 98%] Building CXX object CMakeFiles/Cinderbound.dir/Source/screens/UnitDetail.cpp.o
[ 98%] Building CXX object CMakeFiles/Cinderbound.dir/Source/screens/Units.cpp.o
In file included from /home/runner/work/Mobile-gatcha-/Mobile-gatcha-/axmol/core/platform/linux/Application-linux.h:30,
                 from /home/runner/work/Mobile-gatcha-/Mobile-gatcha-/axmol/core/axmol.h:220,
                 from /home/runner/work/Mobile-gatcha-/Mobile-gatcha-/Source/ui/Gui.h:16,
                 from /home/runner/work/Mobile-gatcha-/Mobile-gatcha-/Source/app/App.h:4,
                 from /home/runner/work/Mobile-gatcha-/Mobile-gatcha-/Source/ui/UIKit.h:5,
                 from /home/runner/work/Mobile-gatcha-/Mobile-gatcha-/Source/screens/Screens.h:5,
                 from /home/runner/work/Mobile-gatcha-/Mobile-gatcha-/Source/screens/Train.cpp:4:
/home/runner/work/Mobile-gatcha-/Mobile-gatcha-/axmol/core/platform/ApplicationBase.h: In member function ‘virtual void ax::ApplicationBase::initGfxContextAttrs()’:
/home/runner/work/Mobile-gatcha-/Mobile-gatcha-/axmol/core/platform/ApplicationBase.h:122:27: warning: ‘virtual void ax::ApplicationBase::initGLContextAttrs()’ is deprecated [-Wdeprecated-declarations]
  122 |         initGLContextAttrs();
      |         ~~~~~~~~~~~~~~~~~~^~
/home/runner/work/Mobile-gatcha-/Mobile-gatcha-/axmol/core/platform/ApplicationBase.h:117:37: note: declared here
  117 |     AX_DEPRECATED(2.8) virtual void initGLContextAttrs() {}
      |                                     ^~~~~~~~~~~~~~~~~~
In file included from /home/runner/work/Mobile-gatcha-/Mobile-gatcha-/axmol/core/platform/linux/Application-linux.h:30,
                 from /home/runner/work/Mobile-gatcha-/Mobile-gatcha-/axmol/core/axmol.h:220,
                 from /home/runner/work/Mobile-gatcha-/Mobile-gatcha-/Source/ui/Gui.h:16,
                 from /home/runner/work/Mobile-gatcha-/Mobile-gatcha-/Source/app/App.h:4,
                 from /home/runner/work/Mobile-gatcha-/Mobile-gatcha-/Source/ui/UIKit.h:5,
                 from /home/runner/work/Mobile-gatcha-/Mobile-gatcha-/Source/screens/Screens.h:5,
                 from /home/runner/work/Mobile-gatcha-/Mobile-gatcha-/Source/screens/UnitDetail.cpp:4:
/home/runner/work/Mobile-gatcha-/Mobile-gatcha-/axmol/core/platform/ApplicationBase.h: In member function ‘virtual void ax::ApplicationBase::initGfxContextAttrs()’:
/home/runner/work/Mobile-gatcha-/Mobile-gatcha-/axmol/core/platform/ApplicationBase.h:122:27: warning: ‘virtual void ax::ApplicationBase::initGLContextAttrs()’ is deprecated [-Wdeprecated-declarations]
  122 |         initGLContextAttrs();
      |         ~~~~~~~~~~~~~~~~~~^~
/home/runner/work/Mobile-gatcha-/Mobile-gatcha-/axmol/core/platform/ApplicationBase.h:117:37: note: declared here
  117 |     AX_DEPRECATED(2.8) virtual void initGLContextAttrs() {}
      |                                     ^~~~~~~~~~~~~~~~~~
[ 98%] Building CXX object CMakeFiles/Cinderbound.dir/Source/screens/WorldSelect.cpp.o
In file included from /home/runner/work/Mobile-gatcha-/Mobile-gatcha-/axmol/core/platform/linux/Application-linux.h:30,
                 from /home/runner/work/Mobile-gatcha-/Mobile-gatcha-/axmol/core/axmol.h:220,
                 from /home/runner/work/Mobile-gatcha-/Mobile-gatcha-/Source/ui/Gui.h:16,
                 from /home/runner/work/Mobile-gatcha-/Mobile-gatcha-/Source/app/App.h:4,
                 from /home/runner/work/Mobile-gatcha-/Mobile-gatcha-/Source/ui/UIKit.h:5,
                 from /home/runner/work/Mobile-gatcha-/Mobile-gatcha-/Source/screens/Screens.h:5,
                 from /home/runner/work/Mobile-gatcha-/Mobile-gatcha-/Source/screens/Units.cpp:3:
/home/runner/work/Mobile-gatcha-/Mobile-gatcha-/axmol/core/platform/ApplicationBase.h: In member function ‘virtual void ax::ApplicationBase::initGfxContextAttrs()’:
/home/runner/work/Mobile-gatcha-/Mobile-gatcha-/axmol/core/platform/ApplicationBase.h:122:27: warning: ‘virtual void ax::ApplicationBase::initGLContextAttrs()’ is deprecated [-Wdeprecated-declarations]
  122 |         initGLContextAttrs();
      |         ~~~~~~~~~~~~~~~~~~^~
/home/runner/work/Mobile-gatcha-/Mobile-gatcha-/axmol/core/platform/ApplicationBase.h:117:37: note: declared here
  117 |     AX_DEPRECATED(2.8) virtual void initGLContextAttrs() {}
      |                                     ^~~~~~~~~~~~~~~~~~
In file included from /home/runner/work/Mobile-gatcha-/Mobile-gatcha-/axmol/core/platform/linux/Application-linux.h:30,
                 from /home/runner/work/Mobile-gatcha-/Mobile-gatcha-/axmol/core/axmol.h:220,
                 from /home/runner/work/Mobile-gatcha-/Mobile-gatcha-/Source/ui/Gui.h:16,
                 from /home/runner/work/Mobile-gatcha-/Mobile-gatcha-/Source/app/App.h:4,
                 from /home/runner/work/Mobile-gatcha-/Mobile-gatcha-/Source/ui/UIKit.h:5,
                 from /home/runner/work/Mobile-gatcha-/Mobile-gatcha-/Source/screens/Screens.h:5,
                 from /home/runner/work/Mobile-gatcha-/Mobile-gatcha-/Source/screens/WorldSelect.cpp:3:
/home/runner/work/Mobile-gatcha-/Mobile-gatcha-/axmol/core/platform/ApplicationBase.h: In member function ‘virtual void ax::ApplicationBase::initGfxContextAttrs()’:
/home/runner/work/Mobile-gatcha-/Mobile-gatcha-/axmol/core/platform/ApplicationBase.h:122:27: warning: ‘virtual void ax::ApplicationBase::initGLContextAttrs()’ is deprecated [-Wdeprecated-declarations]
  122 |         initGLContextAttrs();
      |         ~~~~~~~~~~~~~~~~~~^~
/home/runner/work/Mobile-gatcha-/Mobile-gatcha-/axmol/core/platform/ApplicationBase.h:117:37: note: declared here
  117 |     AX_DEPRECATED(2.8) virtual void initGLContextAttrs() {}
      |                                     ^~~~~~~~~~~~~~~~~~
[100%] Building CXX object CMakeFiles/Cinderbound.dir/Source/screens/components/Rewards.cpp.o
[100%] Building CXX object CMakeFiles/Cinderbound.dir/Source/screens/components/UnitWidgets.cpp.o
[100%] Building CXX object CMakeFiles/Cinderbound.dir/Source/screens/components/Widgets.cpp.o
In file included from /home/runner/work/Mobile-gatcha-/Mobile-gatcha-/axmol/core/platform/linux/Application-linux.h:30,
                 from /home/runner/work/Mobile-gatcha-/Mobile-gatcha-/axmol/core/axmol.h:220,
                 from /home/runner/work/Mobile-gatcha-/Mobile-gatcha-/Source/ui/Gui.h:16,
                 from /home/runner/work/Mobile-gatcha-/Mobile-gatcha-/Source/app/App.h:4,
                 from /home/runner/work/Mobile-gatcha-/Mobile-gatcha-/Source/ui/UIKit.h:5,
                 from /home/runner/work/Mobile-gatcha-/Mobile-gatcha-/Source/screens/Screens.h:5,
                 from /home/runner/work/Mobile-gatcha-/Mobile-gatcha-/Source/screens/components/Rewards.cpp:4:
/home/runner/work/Mobile-gatcha-/Mobile-gatcha-/axmol/core/platform/ApplicationBase.h: In member function ‘virtual void ax::ApplicationBase::initGfxContextAttrs()’:
/home/runner/work/Mobile-gatcha-/Mobile-gatcha-/axmol/core/platform/ApplicationBase.h:122:27: warning: ‘virtual void ax::ApplicationBase::initGLContextAttrs()’ is deprecated [-Wdeprecated-declarations]
  122 |         initGLContextAttrs();
      |         ~~~~~~~~~~~~~~~~~~^~
/home/runner/work/Mobile-gatcha-/Mobile-gatcha-/axmol/core/platform/ApplicationBase.h:117:37: note: declared here
  117 |     AX_DEPRECATED(2.8) virtual void initGLContextAttrs() {}
      |                                     ^~~~~~~~~~~~~~~~~~
In file included from /home/runner/work/Mobile-gatcha-/Mobile-gatcha-/axmol/core/platform/linux/Application-linux.h:30,
                 from /home/runner/work/Mobile-gatcha-/Mobile-gatcha-/axmol/core/axmol.h:220,
                 from /home/runner/work/Mobile-gatcha-/Mobile-gatcha-/Source/ui/Gui.h:16,
                 from /home/runner/work/Mobile-gatcha-/Mobile-gatcha-/Source/app/App.h:4,
                 from /home/runner/work/Mobile-gatcha-/Mobile-gatcha-/Source/ui/UIKit.h:5,
                 from /home/runner/work/Mobile-gatcha-/Mobile-gatcha-/Source/screens/Screens.h:5,
                 from /home/runner/work/Mobile-gatcha-/Mobile-gatcha-/Source/screens/components/UnitWidgets.cpp:4:
/home/runner/work/Mobile-gatcha-/Mobile-gatcha-/axmol/core/platform/ApplicationBase.h: In member function ‘virtual void ax::ApplicationBase::initGfxContextAttrs()’:
/home/runner/work/Mobile-gatcha-/Mobile-gatcha-/axmol/core/platform/ApplicationBase.h:122:27: warning: ‘virtual void ax::ApplicationBase::initGLContextAttrs()’ is deprecated [-Wdeprecated-declarations]
  122 |         initGLContextAttrs();
      |         ~~~~~~~~~~~~~~~~~~^~
/home/runner/work/Mobile-gatcha-/Mobile-gatcha-/axmol/core/platform/ApplicationBase.h:117:37: note: declared here
  117 |     AX_DEPRECATED(2.8) virtual void initGLContextAttrs() {}
      |                                     ^~~~~~~~~~~~~~~~~~
[100%] Building CXX object CMakeFiles/Cinderbound.dir/Source/ui/Gui.cpp.o
In file included from /home/runner/work/Mobile-gatcha-/Mobile-gatcha-/axmol/core/platform/linux/Application-linux.h:30,
                 from /home/runner/work/Mobile-gatcha-/Mobile-gatcha-/axmol/core/axmol.h:220,
                 from /home/runner/work/Mobile-gatcha-/Mobile-gatcha-/Source/ui/Gui.h:16,
                 from /home/runner/work/Mobile-gatcha-/Mobile-gatcha-/Source/app/App.h:4,
                 from /home/runner/work/Mobile-gatcha-/Mobile-gatcha-/Source/ui/UIKit.h:5,
                 from /home/runner/work/Mobile-gatcha-/Mobile-gatcha-/Source/screens/Screens.h:5,
                 from /home/runner/work/Mobile-gatcha-/Mobile-gatcha-/Source/screens/components/Widgets.cpp:3:
/home/runner/work/Mobile-gatcha-/Mobile-gatcha-/axmol/core/platform/ApplicationBase.h: In member function ‘virtual void ax::ApplicationBase::initGfxContextAttrs()’:
/home/runner/work/Mobile-gatcha-/Mobile-gatcha-/axmol/core/platform/ApplicationBase.h:122:27: warning: ‘virtual void ax::ApplicationBase::initGLContextAttrs()’ is deprecated [-Wdeprecated-declarations]
  122 |         initGLContextAttrs();
      |         ~~~~~~~~~~~~~~~~~~^~
/home/runner/work/Mobile-gatcha-/Mobile-gatcha-/axmol/core/platform/ApplicationBase.h:117:37: note: declared here
  117 |     AX_DEPRECATED(2.8) virtual void initGLContextAttrs() {}
      |                                     ^~~~~~~~~~~~~~~~~~
In file included from /home/runner/work/Mobile-gatcha-/Mobile-gatcha-/axmol/core/platform/linux/Application-linux.h:30,
                 from /home/runner/work/Mobile-gatcha-/Mobile-gatcha-/axmol/core/axmol.h:220,
                 from /home/runner/work/Mobile-gatcha-/Mobile-gatcha-/Source/ui/Gui.h:16,
                 from /home/runner/work/Mobile-gatcha-/Mobile-gatcha-/Source/ui/Gui.cpp:1:
/home/runner/work/Mobile-gatcha-/Mobile-gatcha-/axmol/core/platform/ApplicationBase.h: In member function ‘virtual void ax::ApplicationBase::initGfxContextAttrs()’:
/home/runner/work/Mobile-gatcha-/Mobile-gatcha-/axmol/core/platform/ApplicationBase.h:122:27: warning: ‘virtual void ax::ApplicationBase::initGLContextAttrs()’ is deprecated [-Wdeprecated-declarations]
  122 |         initGLContextAttrs();
      |         ~~~~~~~~~~~~~~~~~~^~
/home/runner/work/Mobile-gatcha-/Mobile-gatcha-/axmol/core/platform/ApplicationBase.h:117:37: note: declared here
  117 |     AX_DEPRECATED(2.8) virtual void initGLContextAttrs() {}
      |                                     ^~~~~~~~~~~~~~~~~~
[100%] Building CXX object CMakeFiles/Cinderbound.dir/Source/ui/Sprites.cpp.o
[100%] Building CXX object CMakeFiles/Cinderbound.dir/Source/ui/UIKit.cpp.o
In file included from /home/runner/work/Mobile-gatcha-/Mobile-gatcha-/axmol/core/platform/linux/Application-linux.h:30,
                 from /home/runner/work/Mobile-gatcha-/Mobile-gatcha-/axmol/core/axmol.h:220,
                 from /home/runner/work/Mobile-gatcha-/Mobile-gatcha-/Source/ui/Gui.h:16,
                 from /home/runner/work/Mobile-gatcha-/Mobile-gatcha-/Source/ui/Sprites.h:4,
                 from /home/runner/work/Mobile-gatcha-/Mobile-gatcha-/Source/ui/Sprites.cpp:1:
/home/runner/work/Mobile-gatcha-/Mobile-gatcha-/axmol/core/platform/ApplicationBase.h: In member function ‘virtual void ax::ApplicationBase::initGfxContextAttrs()’:
/home/runner/work/Mobile-gatcha-/Mobile-gatcha-/axmol/core/platform/ApplicationBase.h:122:27: warning: ‘virtual void ax::ApplicationBase::initGLContextAttrs()’ is deprecated [-Wdeprecated-declarations]
  122 |         initGLContextAttrs();
      |         ~~~~~~~~~~~~~~~~~~^~
/home/runner/work/Mobile-gatcha-/Mobile-gatcha-/axmol/core/platform/ApplicationBase.h:117:37: note: declared here
  117 |     AX_DEPRECATED(2.8) virtual void initGLContextAttrs() {}
      |                                     ^~~~~~~~~~~~~~~~~~
[100%] Building CXX object CMakeFiles/Cinderbound.dir/proj.linux/main.cpp.o
In file included from /home/runner/work/Mobile-gatcha-/Mobile-gatcha-/axmol/core/platform/linux/Application-linux.h:30,
                 from /home/runner/work/Mobile-gatcha-/Mobile-gatcha-/axmol/core/axmol.h:220,
                 from /home/runner/work/Mobile-gatcha-/Mobile-gatcha-/Source/ui/Gui.h:16,
                 from /home/runner/work/Mobile-gatcha-/Mobile-gatcha-/Source/app/App.h:4,
                 from /home/runner/work/Mobile-gatcha-/Mobile-gatcha-/Source/ui/UIKit.h:5,
                 from /home/runner/work/Mobile-gatcha-/Mobile-gatcha-/Source/ui/UIKit.cpp:1:
/home/runner/work/Mobile-gatcha-/Mobile-gatcha-/axmol/core/platform/ApplicationBase.h: In member function ‘virtual void ax::ApplicationBase::initGfxContextAttrs()’:
/home/runner/work/Mobile-gatcha-/Mobile-gatcha-/axmol/core/platform/ApplicationBase.h:122:27: warning: ‘virtual void ax::ApplicationBase::initGLContextAttrs()’ is deprecated [-Wdeprecated-declarations]
  122 |         initGLContextAttrs();
      |         ~~~~~~~~~~~~~~~~~~^~
/home/runner/work/Mobile-gatcha-/Mobile-gatcha-/axmol/core/platform/ApplicationBase.h:117:37: note: declared here
  117 |     AX_DEPRECATED(2.8) virtual void initGLContextAttrs() {}
      |                                     ^~~~~~~~~~~~~~~~~~
In file included from /home/runner/work/Mobile-gatcha-/Mobile-gatcha-/axmol/core/platform/linux/Application-linux.h:30,
                 from /home/runner/work/Mobile-gatcha-/Mobile-gatcha-/axmol/core/axmol.h:220,
                 from /home/runner/work/Mobile-gatcha-/Mobile-gatcha-/Source/AppDelegate.h:28,
                 from /home/runner/work/Mobile-gatcha-/Mobile-gatcha-/proj.linux/main.cpp:26:
/home/runner/work/Mobile-gatcha-/Mobile-gatcha-/axmol/core/platform/ApplicationBase.h: In member function ‘virtual void ax::ApplicationBase::initGfxContextAttrs()’:
/home/runner/work/Mobile-gatcha-/Mobile-gatcha-/axmol/core/platform/ApplicationBase.h:122:27: warning: ‘virtual void ax::ApplicationBase::initGLContextAttrs()’ is deprecated [-Wdeprecated-declarations]
  122 |         initGLContextAttrs();
      |         ~~~~~~~~~~~~~~~~~~^~
/home/runner/work/Mobile-gatcha-/Mobile-gatcha-/axmol/core/platform/ApplicationBase.h:117:37: note: declared here
  117 |     AX_DEPRECATED(2.8) virtual void initGLContextAttrs() {}
      |                                     ^~~~~~~~~~~~~~~~~~
[100%] Linking CXX executable bin/Cinderbound/Cinderbound
[100%] Built target Cinderbound
1kiss: Build success
